2026-09-25 18:47:40,119 - INFO - ======================================================================
2026-09-25 18:47:40,119 - INFO - 🚀 INICIANDO BUSCA INTELIGENTE COM FEEDBACK LOOP E FILTRO DE IDIOMA
2026-09-25 18:47:40,119 - INFO - ======================================================================
2026-09-25 18:47:40,122 - INFO - 
📚 Processando Institutos Federais...
2026-09-25 18:47:40,122 - INFO - 
============================================================
2026-09-25 18:47:40,122 - INFO - 🏛️  Processando IFBA - Instituto Federal da Bahia
2026-09-25 18:47:40,122 - INFO - ============================================================
2026-09-25 18:47:40,122 - INFO - 
🔄 Iteração 1/3 para IFBA
2026-09-25 18:47:40,122 - INFO -   🔎 Testando: "ifba"
2026-09-25 18:48:05,729 - INFO -      ✅ 500 resultados (eficiência: 0.30)
2026-09-25 18:48:06,729 - INFO -   🔎 Testando: "instituto federal"
2026-09-25 18:48:31,165 - INFO -      ✅ 500 resultados (eficiência: 0.30)
2026-09-25 18:48:34,165 - INFO - 
🔄 Iteração 2/3 para IFBA
2026-09-25 18:48:34,165 - INFO -   ⚠️ Sem novas queries para testar
2026-09-25 18:48:34,165 - INFO - 
📊 Métricas finais para IFBA:
2026-09-25 18:48:34,165 - INFO -    Total de queries testadas: 2
2026-09-25 18:48:34,165 - INFO -    Queries com sucesso: 0
2026-09-25 18:48:34,211 - INFO -    🔤 Filtrando 991 repositórios por idioma (português)...
2026-09-25 18:48:36,578 - INFO -    ✅ Filtro de idioma: 904/991 repositórios mantidos (91.2% em português)
2026-09-25 18:48:36,579 - INFO - ✅ IFBA: 904 repositórios em português
2026-09-25 18:48:36,579 - INFO -    Palavras-chave: sistema, desenvolvido, sistemas, campus, ifba, instituto, federal, curso, para, instituto federal
2026-09-25 18:48:39,579 - INFO - 
============================================================
2026-09-25 18:48:39,579 - INFO - 🏛️  Processando IFB - Instituto Federal de Brasília
2026-09-25 18:48:39,579 - INFO - ============================================================
2026-09-25 18:48:39,580 - INFO - 
🔄 Iteração 1/3 para IFB
2026-09-25 18:48:39,580 - INFO -   🔎 Testando: "ifb"
2026-09-25 18:49:04,165 - INFO -      ✅ 500 resultados (eficiência: 0.30)
2026-09-25 18:49:05,166 - INFO -   🔎 Testando: "instituto federal"
2026-09-25 18:49:23,048 - INFO -      ✅ 500 resultados (eficiência: 0.30)
2026-09-25 18:49:26,048 - INFO - 
🔄 Iteração 2/3 para IFB
2026-09-25 18:49:26,049 - INFO -   ⚠️ Sem novas queries para testar
2026-09-25 18:49:26,049 - INFO - 
📊 Métricas finais para IFB:
2026-09-25 18:49:26,049 - INFO -    Total de queries testadas: 2
2026-09-25 18:49:26,049 - INFO -    Queries com sucesso: 0
2026-09-25 18:49:26,113 - INFO -    🔤 Filtrando 990 repositórios por idioma (português)...
2026-09-25 18:49:28,307 - INFO -    ✅ Filtro de idioma: 763/990 repositórios mantidos (77.1% em português)
2026-09-25 18:49:28,308 - INFO - ✅ IFB: 763 repositórios em português
2026-09-25 18:49:28,308 - INFO -    Palavras-chave: sistemas, campus, federal, instituto, ifba, curso, para, instituto federal, trabalho, center
2026-09-25 18:49:31,308 - INFO - 
============================================================
2026-09-25 18:49:31,308 - INFO - 🏛️  Processando IFES - Instituto Federal do Espírito Santo
2026-09-25 18:49:31,308 - INFO - ============================================================
2026-09-25 18:49:31,308 - INFO - 
🔄 Iteração 1/3 para IFES
2026-09-25 18:49:31,308 - INFO -   🔎 Testando: "ifes"
2026-09-25 18:49:58,258 - INFO -      ✅ 500 resultados (eficiência: 0.30)
2026-09-25 18:49:59,259 - INFO -   🔎 Testando: "instituto federal"
2026-09-25 18:50:16,245 - INFO -      ✅ 500 resultados (eficiência: 0.30)
2026-09-25 18:50:19,245 - INFO - 
🔄 Iteração 2/3 para IFES
2026-09-25 18:50:19,245 - INFO -   ⚠️ Sem novas queries para testar
2026-09-25 18:50:19,245 - INFO - 
📊 Métricas finais para IFES:
2026-09-25 18:50:19,246 - INFO -    Total de queries testadas: 2
2026-09-25 18:50:19,246 - INFO -    Queries com sucesso: 0
2026-09-25 18:50:19,284 - INFO -    🔤 Filtrando 994 repositórios por idioma (português)...
2026-09-25 18:50:21,915 - INFO -    ✅ Filtro de idioma: 712/994 repositórios mantidos (71.6% em português)
2026-09-25 18:50:21,915 - INFO - ✅ IFES: 712 repositórios em português
2026-09-25 18:50:21,915 - INFO -    Palavras-chave: sistema, disciplina, campus, federal, instituto, trabalho, curso, para, instituto federal, sistemas
2026-09-25 18:50:24,916 - INFO - 
============================================================
2026-09-25 18:50:24,916 - INFO - 🏛️  Processando IFRN - Instituto Federal do Rio Grande do Norte
2026-09-25 18:50:24,916 - INFO - ============================================================
2026-09-25 18:50:24,916 - INFO - 
🔄 Iteração 1/3 para IFRN
2026-09-25 18:50:24,916 - INFO -   🔎 Testando: "ifrn"
2026-09-25 18:50:51,256 - INFO -      ✅ 500 resultados (eficiência: 0.30)
2026-09-25 18:50:52,256 - INFO -   🔎 Testando: "instituto federal"
2026-09-25 18:51:08,673 - INFO -      ✅ 500 resultados (eficiência: 0.30)
2026-09-25 18:51:11,673 - INFO - 
🔄 Iteração 2/3 para IFRN
2026-09-25 18:51:11,674 - INFO -   ⚠️ Sem novas queries para testar
2026-09-25 18:51:11,674 - INFO - 
📊 Métricas finais para IFRN:
2026-09-25 18:51:11,674 - INFO -    Total de queries testadas: 2
2026-09-25 18:51:11,674 - INFO -    Queries com sucesso: 0
2026-09-25 18:51:11,719 - INFO -    🔤 Filtrando 999 repositórios por idioma (português)...
2026-09-25 18:51:14,065 - INFO -    ✅ Filtro de idioma: 882/999 repositórios mantidos (88.3% em português)
2026-09-25 18:51:14,065 - INFO - ✅ IFRN: 882 repositórios em português
2026-09-25 18:51:14,065 - INFO -    Palavras-chave: sistema, desenvolvido, sistemas, campus, federal, instituto, trabalho, curso, para, instituto federal
2026-09-25 18:51:17,066 - INFO - 
============================================================
2026-09-25 18:51:17,066 - INFO - 🏛️  Processando IFRR - Instituto Federal de Roraima
2026-09-25 18:51:17,066 - INFO - ============================================================
2026-09-25 18:51:17,066 - INFO - 
🔄 Iteração 1/3 para IFRR
2026-09-25 18:51:17,066 - INFO -   🔎 Testando: "ifrr"
2026-09-25 18:51:20,270 - INFO -      ✅ 59 resultados (eficiência: 0.18)
2026-09-25 18:51:21,270 - INFO -   🔎 Testando: "instituto federal"
2026-09-25 18:51:38,492 - INFO -      ✅ 500 resultados (eficiência: 0.30)
2026-09-25 18:51:41,492 - INFO - 
🔄 Iteração 2/3 para IFRR
2026-09-25 18:51:41,492 - INFO -   ⚠️ Sem novas queries para testar
2026-09-25 18:51:41,493 - INFO - 
📊 Métricas finais para IFRR:
2026-09-25 18:51:41,493 - INFO -    Total de queries testadas: 2
2026-09-25 18:51:41,493 - INFO -    Queries com sucesso: 0
2026-09-25 18:51:41,525 - INFO -    🔤 Filtrando 558 repositórios por idioma (português)...
2026-09-25 18:51:42,906 - INFO -    ✅ Filtro de idioma: 551/558 repositórios mantidos (98.7% em português)
2026-09-25 18:51:42,906 - INFO - ✅ IFRR: 551 repositórios em português
2026-09-25 18:51:42,906 - INFO -    Palavras-chave: sistema, ifrr, desenvolvido, sistemas, campus, federal, instituto, trabalho, curso, para
2026-09-25 18:51:45,907 - INFO - 
============================================================
2026-09-25 18:51:45,907 - INFO - 🏛️  Processando IFMG - Instituto Federal de Minas Gerais
2026-09-25 18:51:45,907 - INFO - ============================================================
2026-09-25 18:51:45,907 - INFO - 
🔄 Iteração 1/3 para IFMG
2026-09-25 18:51:45,907 - INFO -   🔎 Testando: "ifmg"
2026-09-25 18:52:12,794 - INFO -      ✅ 500 resultados (eficiência: 0.30)
2026-09-25 18:52:13,794 - INFO -   🔎 Testando: "instituto federal"
2026-09-25 18:52:30,504 - INFO -      ✅ 500 resultados (eficiência: 0.30)
2026-09-25 18:52:33,504 - INFO - 
🔄 Iteração 2/3 para IFMG
2026-09-25 18:52:33,505 - INFO -   ⚠️ Sem novas queries para testar
2026-09-25 18:52:33,505 - INFO - 
📊 Métricas finais para IFMG:
2026-09-25 18:52:33,505 - INFO -    Total de queries testadas: 2
2026-09-25 18:52:33,505 - INFO -    Queries com sucesso: 0
2026-09-25 18:52:33,545 - INFO -    🔤 Filtrando 977 repositórios por idioma (português)...
2026-09-25 18:52:35,900 - INFO -    ✅ Filtro de idioma: 880/977 repositórios mantidos (90.1% em português)
2026-09-25 18:52:35,900 - INFO - ✅ IFMG: 880 repositórios em português
2026-09-25 18:52:35,900 - INFO -    Palavras-chave: sistema, desenvolvido, sistemas, campus, federal, instituto, trabalho, curso, para, instituto federal
2026-09-25 18:52:38,901 - INFO - 
============================================================
2026-09-25 18:52:38,901 - INFO - 🏛️  Processando IFSUL - Instituto Federal Sul-rio-grandense
2026-09-25 18:52:38,901 - INFO - ============================================================
2026-09-25 18:52:38,901 - INFO - 
🔄 Iteração 1/3 para IFSUL
2026-09-25 18:52:38,901 - INFO -   🔎 Testando: "instituto federal"
2026-09-25 18:52:55,670 - INFO -      ✅ 500 resultados (eficiência: 0.30)
2026-09-25 18:52:56,671 - INFO -   🔎 Testando: "ifsul"
2026-09-25 18:53:23,554 - INFO -      ✅ 500 resultados (eficiência: 0.30)
2026-09-25 18:53:26,555 - INFO - 
🔄 Iteração 2/3 para IFSUL
2026-09-25 18:53:26,555 - INFO -   ⚠️ Sem novas queries para testar
2026-09-25 18:53:26,555 - INFO - 
📊 Métricas finais para IFSUL:
2026-09-25 18:53:26,555 - INFO -    Total de queries testadas: 2
2026-09-25 18:53:26,555 - INFO -    Queries com sucesso: 0
2026-09-25 18:53:26,591 - INFO -    🔤 Filtrando 993 repositórios por idioma (português)...
2026-09-25 18:53:29,044 - INFO -    ✅ Filtro de idioma: 868/993 repositórios mantidos (87.4% em português)
2026-09-25 18:53:29,044 - INFO - ✅ IFSUL: 868 repositórios em português
2026-09-25 18:53:29,044 - INFO -    Palavras-chave: sistema, desenvolvido, sistemas, campus, federal, instituto, trabalho, curso, para, instituto federal
2026-09-25 18:53:32,044 - INFO - 
============================================================
2026-09-25 18:53:32,045 - INFO - 🏛️  Processando IFRJ - Instituto Federal do Rio de Janeiro
2026-09-25 18:53:32,045 - INFO - ============================================================
2026-09-25 18:53:32,045 - INFO - 
🔄 Iteração 1/3 para IFRJ
2026-09-25 18:53:32,045 - INFO -   🔎 Testando: "ifrj"
2026-09-25 18:53:47,988 - INFO -      ✅ 344 resultados (eficiência: 0.30)
2026-09-25 18:53:48,989 - INFO -   🔎 Testando: "instituto federal"
2026-09-25 18:54:04,331 - INFO -      ✅ 500 resultados (eficiência: 0.30)
2026-09-25 18:54:07,331 - INFO - 
🔄 Iteração 2/3 para IFRJ
2026-09-25 18:54:07,332 - INFO -   ⚠️ Sem novas queries para testar
2026-09-25 18:54:07,332 - INFO - 
📊 Métricas finais para IFRJ:
2026-09-25 18:54:07,332 - INFO -    Total de queries testadas: 2
2026-09-25 18:54:07,332 - INFO -    Queries com sucesso: 0
2026-09-25 18:54:07,362 - INFO -    🔤 Filtrando 843 repositórios por idioma (português)...
2026-09-25 18:54:09,368 - INFO -    ✅ Filtro de idioma: 768/843 repositórios mantidos (91.1% em português)
2026-09-25 18:54:09,368 - INFO - ✅ IFRJ: 768 repositórios em português
2026-09-25 18:54:09,368 - INFO -    Palavras-chave: sistema, desenvolvido, sistemas, campus, federal, instituto, trabalho, curso, ifrj, para
2026-09-25 18:54:12,369 - INFO - 
============================================================
2026-09-25 18:54:12,369 - INFO - 🏛️  Processando IFAL - Instituto Federal de Alagoas
2026-09-25 18:54:12,369 - INFO - ============================================================
2026-09-25 18:54:12,369 - INFO - 
🔄 Iteração 1/3 para IFAL
2026-09-25 18:54:12,369 - INFO -   🔎 Testando: "ifal"
2026-09-25 18:54:39,240 - INFO -      ✅ 500 resultados (eficiência: 0.30)
2026-09-25 18:54:40,240 - INFO -   🔎 Testando: "instituto federal"
2026-09-25 18:54:56,525 - INFO -      ✅ 500 resultados (eficiência: 0.30)
2026-09-25 18:54:59,525 - INFO - 
🔄 Iteração 2/3 para IFAL
2026-09-25 18:54:59,525 - INFO -   ⚠️ Sem novas queries para testar
2026-09-25 18:54:59,526 - INFO - 
📊 Métricas finais para IFAL:
2026-09-25 18:54:59,526 - INFO -    Total de queries testadas: 2
2026-09-25 18:54:59,526 - INFO -    Queries com sucesso: 0
2026-09-25 18:54:59,628 - INFO -    🔤 Filtrando 994 repositórios por idioma (português)...
2026-09-25 18:55:01,985 - INFO -    ✅ Filtro de idioma: 845/994 repositórios mantidos (85.0% em português)
2026-09-25 18:55:01,985 - INFO - ✅ IFAL: 845 repositórios em português
2026-09-25 18:55:01,985 - INFO -    Palavras-chave: ifal, sistema, desenvolvido, sistemas, campus, federal, instituto, trabalho, curso, para
2026-09-25 18:55:04,985 - INFO - 
============================================================
2026-09-25 18:55:04,985 - INFO - 🏛️  Processando IFMA - Instituto Federal do Maranhão
2026-09-25 18:55:04,985 - INFO - ============================================================
2026-09-25 18:55:04,985 - INFO - 
🔄 Iteração 1/3 para IFMA
2026-09-25 18:55:04,985 - INFO -   🔎 Testando: "instituto federal"
2026-09-25 18:55:20,846 - INFO -      ✅ 500 resultados (eficiência: 0.30)
2026-09-25 18:55:21,846 - INFO -   🔎 Testando: "ifma"
2026-09-25 18:55:48,622 - INFO -      ✅ 500 resultados (eficiência: 0.30)
2026-09-25 18:55:51,622 - INFO - 
🔄 Iteração 2/3 para IFMA
2026-09-25 18:55:51,623 - INFO -   ⚠️ Sem novas queries para testar
2026-09-25 18:55:51,623 - INFO - 
📊 Métricas finais para IFMA:
2026-09-25 18:55:51,623 - INFO -    Total de queries testadas: 2
2026-09-25 18:55:51,623 - INFO -    Queries com sucesso: 0
2026-09-25 18:55:51,650 - INFO -    🔤 Filtrando 998 repositórios por idioma (português)...
2026-09-25 18:55:54,085 - INFO -    ✅ Filtro de idioma: 875/998 repositórios mantidos (87.7% em português)
2026-09-25 18:55:54,085 - INFO - ✅ IFMA: 875 repositórios em português
2026-09-25 18:55:54,085 - INFO -    Palavras-chave: sistema, desenvolvido, sistemas, campus, federal, instituto, trabalho, curso, para, instituto federal
2026-09-25 18:55:57,086 - INFO - 
============================================================
2026-09-25 18:55:57,086 - INFO - 🏛️  Processando IFPE - Instituto Federal de Pernambuco
2026-09-25 18:55:57,086 - INFO - ============================================================
2026-09-25 18:55:57,086 - INFO - 
🔄 Iteração 1/3 para IFPE
2026-09-25 18:55:57,086 - INFO -   🔎 Testando: "ifpe"
2026-09-25 18:56:24,188 - INFO -      ✅ 500 resultados (eficiência: 0.30)
2026-09-25 18:56:25,188 - INFO -   🔎 Testando: "instituto federal"
2026-09-25 18:56:40,472 - INFO -      ✅ 500 resultados (eficiência: 0.30)
2026-09-25 18:56:43,473 - INFO - 
🔄 Iteração 2/3 para IFPE
2026-09-25 18:56:43,473 - INFO -   ⚠️ Sem novas queries para testar
2026-09-25 18:56:43,473 - INFO - 
📊 Métricas finais para IFPE:
2026-09-25 18:56:43,473 - INFO -    Total de queries testadas: 2
2026-09-25 18:56:43,473 - INFO -    Queries com sucesso: 0
2026-09-25 18:56:43,510 - INFO -    🔤 Filtrando 996 repositórios por idioma (português)...
2026-09-25 18:56:45,835 - INFO -    ✅ Filtro de idioma: 899/996 repositórios mantidos (90.3% em português)
2026-09-25 18:56:45,835 - INFO - ✅ IFPE: 899 repositórios em português
2026-09-25 18:56:45,835 - INFO -    Palavras-chave: ifpe, sistema, desenvolvido, sistemas, campus, federal, instituto, trabalho, curso, para
2026-09-25 18:56:48,836 - INFO - 
============================================================
2026-09-25 18:56:48,836 - INFO - 🏛️  Processando IFPI - Instituto Federal do Piauí
2026-09-25 18:56:48,836 - INFO - ============================================================
2026-09-25 18:56:48,836 - INFO - 
🔄 Iteração 1/3 para IFPI
2026-09-25 18:56:48,836 - INFO -   🔎 Testando: "ifpi"
2026-09-25 18:57:14,348 - INFO -      ✅ 500 resultados (eficiência: 0.30)
2026-09-25 18:57:15,348 - INFO -   🔎 Testando: "instituto federal"
2026-09-25 18:57:31,004 - INFO -      ✅ 500 resultados (eficiência: 0.30)
2026-09-25 18:57:34,004 - INFO - 
🔄 Iteração 2/3 para IFPI
2026-09-25 18:57:34,004 - INFO -   ⚠️ Sem novas queries para testar
2026-09-25 18:57:34,004 - INFO - 
📊 Métricas finais para IFPI:
2026-09-25 18:57:34,004 - INFO -    Total de queries testadas: 2
2026-09-25 18:57:34,004 - INFO -    Queries com sucesso: 0
2026-09-25 18:57:34,037 - INFO -    🔤 Filtrando 992 repositórios por idioma (português)...
2026-09-25 18:57:36,348 - INFO -    ✅ Filtro de idioma: 879/992 repositórios mantidos (88.6% em português)
2026-09-25 18:57:36,348 - INFO - ✅ IFPI: 879 repositórios em português
2026-09-25 18:57:36,348 - INFO -    Palavras-chave: sistema, ifpi, desenvolvido, sistemas, campus, federal, instituto, trabalho, curso, para
2026-09-25 18:57:39,348 - INFO - 
============================================================
2026-09-25 18:57:39,348 - INFO - 🏛️  Processando IFRO - Instituto Federal de Rondônia
2026-09-25 18:57:39,348 - INFO - ============================================================
2026-09-25 18:57:39,348 - INFO - 
🔄 Iteração 1/3 para IFRO
2026-09-25 18:57:39,348 - INFO -   🔎 Testando: "ifro"
2026-09-25 18:58:04,837 - INFO -      ✅ 500 resultados (eficiência: 0.30)
2026-09-25 18:58:05,837 - INFO -   🔎 Testando: "instituto federal"
2026-09-25 18:58:21,258 - INFO -      ✅ 500 resultados (eficiência: 0.30)
2026-09-25 18:58:24,258 - INFO - 
🔄 Iteração 2/3 para IFRO
2026-09-25 18:58:24,259 - INFO -   ⚠️ Sem novas queries para testar
2026-09-25 18:58:24,259 - INFO - 
📊 Métricas finais para IFRO:
2026-09-25 18:58:24,259 - INFO -    Total de queries testadas: 2
2026-09-25 18:58:24,259 - INFO -    Queries com sucesso: 0
2026-09-25 18:58:24,297 - INFO -    🔤 Filtrando 998 repositórios por idioma (português)...
2026-09-25 18:58:26,602 - INFO -    ✅ Filtro de idioma: 859/998 repositórios mantidos (86.1% em português)
2026-09-25 18:58:26,603 - INFO - ✅ IFRO: 859 repositórios em português
2026-09-25 18:58:26,603 - INFO -    Palavras-chave: sistema, desenvolvido, sistemas, campus, federal, instituto, ifro, curso, para, instituto federal
2026-09-25 18:58:29,603 - INFO - 
============================================================
2026-09-25 18:58:29,603 - INFO - 🏛️  Processando IFPB - Instituto Federal da Paraíba
2026-09-25 18:58:29,603 - INFO - ============================================================
2026-09-25 18:58:29,603 - INFO - 
🔄 Iteração 1/3 para IFPB
2026-09-25 18:58:29,603 - INFO -   🔎 Testando: "ifpb"
2026-09-25 18:58:55,594 - INFO -      ✅ 500 resultados (eficiência: 0.30)
2026-09-25 18:58:56,595 - INFO -   🔎 Testando: "instituto federal"
2026-09-25 18:59:12,390 - INFO -      ✅ 500 resultados (eficiência: 0.30)
2026-09-25 18:59:15,390 - INFO - 
🔄 Iteração 2/3 para IFPB
2026-09-25 18:59:15,391 - INFO -   ⚠️ Sem novas queries para testar
2026-09-25 18:59:15,391 - INFO - 
📊 Métricas finais para IFPB:
2026-09-25 18:59:15,391 - INFO -    Total de queries testadas: 2
2026-09-25 18:59:15,391 - INFO -    Queries com sucesso: 0
2026-09-25 18:59:15,433 - INFO -    🔤 Filtrando 992 repositórios por idioma (português)...
2026-09-25 18:59:17,781 - INFO -    ✅ Filtro de idioma: 904/992 repositórios mantidos (91.1% em português)
2026-09-25 18:59:17,781 - INFO - ✅ IFPB: 904 repositórios em português
2026-09-25 18:59:17,781 - INFO -    Palavras-chave: sistema, dados, sistemas, campus, federal, instituto, trabalho, curso, para, instituto federal
2026-09-25 18:59:20,782 - INFO - 
============================================================
2026-09-25 18:59:20,782 - INFO - 🏛️  Processando IFPA - Instituto Federal do Pará
2026-09-25 18:59:20,782 - INFO - ============================================================
2026-09-25 18:59:20,782 - INFO - 
🔄 Iteração 1/3 para IFPA
2026-09-25 18:59:20,782 - INFO -   🔎 Testando: "ifpa"
2026-09-25 18:59:45,313 - INFO -      ✅ 444 resultados (eficiência: 0.30)
2026-09-25 18:59:46,313 - INFO -   🔎 Testando: "instituto federal"
2026-09-25 19:00:01,608 - INFO -      ✅ 500 resultados (eficiência: 0.30)
2026-09-25 19:00:04,608 - INFO - 
🔄 Iteração 2/3 para IFPA
2026-09-25 19:00:04,608 - INFO -   ⚠️ Sem novas queries para testar
2026-09-25 19:00:04,609 - INFO - 
📊 Métricas finais para IFPA:
2026-09-25 19:00:04,609 - INFO -    Total de queries testadas: 2
2026-09-25 19:00:04,609 - INFO -    Queries com sucesso: 0
2026-09-25 19:00:04,649 - INFO -    🔤 Filtrando 942 repositórios por idioma (português)...
2026-09-25 19:00:06,911 - INFO -    ✅ Filtro de idioma: 776/942 repositórios mantidos (82.4% em português)
2026-09-25 19:00:06,911 - INFO - ✅ IFPA: 776 repositórios em português
2026-09-25 19:00:06,911 - INFO -    Palavras-chave: sistema, desenvolvido, sistemas, campus, federal, instituto, trabalho, curso, para, instituto federal
2026-09-25 19:00:09,911 - INFO - 
============================================================
2026-09-25 19:00:09,912 - INFO - 🏛️  Processando IFCE - Instituto Federal do Ceará
2026-09-25 19:00:09,912 - INFO - ============================================================
2026-09-25 19:00:09,912 - INFO - 
🔄 Iteração 1/3 para IFCE
2026-09-25 19:00:09,912 - INFO -   🔎 Testando: "ifce"
2026-09-25 19:00:35,618 - INFO -      ✅ 500 resultados (eficiência: 0.30)
2026-09-25 19:00:36,618 - INFO -   🔎 Testando: "instituto federal"
2026-09-25 19:00:52,199 - INFO -      ✅ 500 resultados (eficiência: 0.30)
2026-09-25 19:00:55,199 - INFO - 
🔄 Iteração 2/3 para IFCE
2026-09-25 19:00:55,200 - INFO -   ⚠️ Sem novas queries para testar
2026-09-25 19:00:55,200 - INFO - 
📊 Métricas finais para IFCE:
2026-09-25 19:00:55,200 - INFO -    Total de queries testadas: 2
2026-09-25 19:00:55,200 - INFO -    Queries com sucesso: 0
2026-09-25 19:00:55,243 - INFO -    🔤 Filtrando 995 repositórios por idioma (português)...
2026-09-25 19:00:57,632 - INFO -    ✅ Filtro de idioma: 866/995 repositórios mantidos (87.0% em português)
2026-09-25 19:00:57,632 - INFO - ✅ IFCE: 866 repositórios em português
2026-09-25 19:00:57,632 - INFO -    Palavras-chave: sistema, desenvolvido, sistemas, campus, federal, instituto, trabalho, curso, para, instituto federal
2026-09-25 19:01:00,632 - INFO - 
============================================================
2026-09-25 19:01:00,633 - INFO - 🏛️  Processando IFPR - Instituto Federal do Paraná
2026-09-25 19:01:00,633 - INFO - ============================================================
2026-09-25 19:01:00,633 - INFO - 
🔄 Iteração 1/3 para IFPR
2026-09-25 19:01:00,633 - INFO -   🔎 Testando: "ifpr"
2026-09-25 19:01:28,388 - INFO -      ✅ 500 resultados (eficiência: 0.30)
2026-09-25 19:01:29,388 - INFO -   🔎 Testando: "instituto federal"
2026-09-25 19:01:45,432 - INFO -      ✅ 500 resultados (eficiência: 0.30)
2026-09-25 19:01:48,432 - INFO - 
🔄 Iteração 2/3 para IFPR
2026-09-25 19:01:48,432 - INFO -   ⚠️ Sem novas queries para testar
2026-09-25 19:01:48,433 - INFO - 
📊 Métricas finais para IFPR:
2026-09-25 19:01:48,433 - INFO -    Total de queries testadas: 2
2026-09-25 19:01:48,433 - INFO -    Queries com sucesso: 0
2026-09-25 19:01:48,460 - INFO -    🔤 Filtrando 999 repositórios por idioma (português)...
2026-09-25 19:01:50,823 - INFO -    ✅ Filtro de idioma: 883/999 repositórios mantidos (88.4% em português)
2026-09-25 19:01:50,823 - INFO - ✅ IFPR: 883 repositórios em português
2026-09-25 19:01:50,823 - INFO -    Palavras-chave: sistema, desenvolvido, sistemas, campus, federal, instituto, trabalho, curso, para, instituto federal
2026-09-25 19:01:53,824 - INFO - 
============================================================
2026-09-25 19:01:53,824 - INFO - 🏛️  Processando IFSP - Instituto Federal de São Paulo
2026-09-25 19:01:53,824 - INFO - ============================================================
2026-09-25 19:01:53,824 - INFO - 
🔄 Iteração 1/3 para IFSP
2026-09-25 19:01:53,824 - INFO -   🔎 Testando: "ifsp"
2026-09-25 19:02:19,645 - INFO -      ✅ 500 resultados (eficiência: 0.30)
2026-09-25 19:02:20,645 - INFO -   🔎 Testando: "instituto federal"
2026-09-25 19:02:36,191 - INFO -      ✅ 500 resultados (eficiência: 0.30)
2026-09-25 19:02:39,192 - INFO - 
🔄 Iteração 2/3 para IFSP
2026-09-25 19:02:39,192 - INFO -   ⚠️ Sem novas queries para testar
2026-09-25 19:02:39,193 - INFO - 
📊 Métricas finais para IFSP:
2026-09-25 19:02:39,193 - INFO -    Total de queries testadas: 2
2026-09-25 19:02:39,193 - INFO -    Queries com sucesso: 0
2026-09-25 19:02:39,242 - INFO -    🔤 Filtrando 979 repositórios por idioma (português)...
2026-09-25 19:02:41,776 - INFO -    ✅ Filtro de idioma: 867/979 repositórios mantidos (88.6% em português)
2026-09-25 19:02:41,776 - INFO - ✅ IFSP: 867 repositórios em português
2026-09-25 19:02:41,776 - INFO -    Palavras-chave: sistema, desenvolvido, sistemas, campus, federal, instituto, trabalho, curso, para, instituto federal
2026-09-25 19:02:44,777 - INFO - 
============================================================
2026-09-25 19:02:44,777 - INFO - 🏛️  Processando IFSC - Instituto Federal de Santa Catarina
2026-09-25 19:02:44,777 - INFO - ============================================================
2026-09-25 19:02:44,777 - INFO - 
🔄 Iteração 1/3 para IFSC
2026-09-25 19:02:44,777 - INFO -   🔎 Testando: "ifsc"
2026-09-25 19:03:09,838 - INFO -      ✅ 500 resultados (eficiência: 0.30)
2026-09-25 19:03:10,839 - INFO -   🔎 Testando: "instituto federal"
2026-09-25 19:03:26,680 - INFO -      ✅ 500 resultados (eficiência: 0.30)
2026-09-25 19:03:29,680 - INFO - 
🔄 Iteração 2/3 para IFSC
2026-09-25 19:03:29,681 - INFO -   ⚠️ Sem novas queries para testar
2026-09-25 19:03:29,681 - INFO - 
📊 Métricas finais para IFSC:
2026-09-25 19:03:29,681 - INFO -    Total de queries testadas: 2
2026-09-25 19:03:29,681 - INFO -    Queries com sucesso: 0
2026-09-25 19:03:29,732 - INFO -    🔤 Filtrando 988 repositórios por idioma (português)...
2026-09-25 19:03:31,911 - INFO -    ✅ Filtro de idioma: 771/988 repositórios mantidos (78.0% em português)
2026-09-25 19:03:31,911 - INFO - ✅ IFSC: 771 repositórios em português
2026-09-25 19:03:31,911 - INFO -    Palavras-chave: sistema, sistemas, campus, federal, instituto, trabalho, curso, para, instituto federal, code
2026-09-25 19:03:34,912 - INFO - 
============================================================
2026-09-25 19:03:34,912 - INFO - 🏛️  Processando IFTM - Instituto Federal do Triângulo Mineiro
2026-09-25 19:03:34,912 - INFO - ============================================================
2026-09-25 19:03:34,912 - INFO - 
🔄 Iteração 1/3 para IFTM
2026-09-25 19:03:34,912 - INFO -   🔎 Testando: "iftm"
2026-09-25 19:04:00,817 - INFO -      ✅ 500 resultados (eficiência: 0.30)
2026-09-25 19:04:01,817 - INFO -   🔎 Testando: "instituto federal"
2026-09-25 19:04:18,861 - INFO -      ✅ 500 resultados (eficiência: 0.30)
2026-09-25 19:04:21,861 - INFO - 
🔄 Iteração 2/3 para IFTM
2026-09-25 19:04:21,862 - INFO -   ⚠️ Sem novas queries para testar
2026-09-25 19:04:21,862 - INFO - 
📊 Métricas finais para IFTM:
2026-09-25 19:04:21,862 - INFO -    Total de queries testadas: 2
2026-09-25 19:04:21,862 - INFO -    Queries com sucesso: 0
2026-09-25 19:04:21,892 - INFO -    🔤 Filtrando 997 repositórios por idioma (português)...
2026-09-25 19:04:24,444 - INFO -    ✅ Filtro de idioma: 911/997 repositórios mantidos (91.4% em português)
2026-09-25 19:04:24,445 - INFO - ✅ IFTM: 911 repositórios em português
2026-09-25 19:04:24,445 - INFO -    Palavras-chave: sistema, sistemas, iftm, federal, instituto, campus, curso, para, instituto federal, trabalho
2026-09-25 19:04:27,445 - INFO - 
============================================================
2026-09-25 19:04:27,445 - INFO - 🏛️  Processando IFNMG - Instituto Federal do Norte de Minas Gerais
2026-09-25 19:04:27,445 - INFO - ============================================================
2026-09-25 19:04:27,445 - INFO - 
🔄 Iteração 1/3 para IFNMG
2026-09-25 19:04:27,445 - INFO -   🔎 Testando: "ifnmg"
2026-09-25 19:04:53,770 - INFO -      ✅ 500 resultados (eficiência: 0.30)
2026-09-25 19:04:54,771 - INFO -   🔎 Testando: "instituto federal"
2026-09-25 19:05:11,180 - INFO -      ✅ 500 resultados (eficiência: 0.30)
2026-09-25 19:05:14,180 - INFO - 
🔄 Iteração 2/3 para IFNMG
2026-09-25 19:05:14,181 - INFO -   ⚠️ Sem novas queries para testar
2026-09-25 19:05:14,181 - INFO - 
📊 Métricas finais para IFNMG:
2026-09-25 19:05:14,181 - INFO -    Total de queries testadas: 2
2026-09-25 19:05:14,181 - INFO -    Queries com sucesso: 0
2026-09-25 19:05:14,218 - INFO -    🔤 Filtrando 995 repositórios por idioma (português)...
2026-09-25 19:05:16,767 - INFO -    ✅ Filtro de idioma: 863/995 repositórios mantidos (86.7% em português)
2026-09-25 19:05:16,767 - INFO - ✅ IFNMG: 863 repositórios em português
2026-09-25 19:05:16,767 - INFO -    Palavras-chave: ifnmg, sistema, sistemas, campus, federal, instituto, salinas, curso, para, instituto federal
2026-09-25 19:05:19,768 - INFO - 
============================================================
2026-09-25 19:05:19,768 - INFO - 🏛️  Processando IFSULDEMINAS - Instituto Federal do Sul de Minas Gerais
2026-09-25 19:05:19,768 - INFO - ============================================================
2026-09-25 19:05:19,768 - INFO - 
🔄 Iteração 1/3 para IFSULDEMINAS
2026-09-25 19:05:19,768 - INFO -   🔎 Testando: "ifsuldeminas"
2026-09-25 19:05:33,040 - INFO -      ✅ 280 resultados (eficiência: 0.30)
2026-09-25 19:05:34,040 - INFO -   🔎 Testando: "instituto federal"
2026-09-25 19:05:49,608 - INFO -      ✅ 500 resultados (eficiência: 0.30)
2026-09-25 19:05:52,608 - INFO - 
🔄 Iteração 2/3 para IFSULDEMINAS
2026-09-25 19:05:52,608 - INFO -   ⚠️ Sem novas queries para testar
2026-09-25 19:05:52,609 - INFO - 
📊 Métricas finais para IFSULDEMINAS:
2026-09-25 19:05:52,609 - INFO -    Total de queries testadas: 2
2026-09-25 19:05:52,609 - INFO -    Queries com sucesso: 0
2026-09-25 19:05:52,642 - INFO -    🔤 Filtrando 780 repositórios por idioma (português)...
2026-09-25 19:05:54,491 - INFO -    ✅ Filtro de idioma: 741/780 repositórios mantidos (95.0% em português)
2026-09-25 19:05:54,491 - INFO - ✅ IFSULDEMINAS: 741 repositórios em português
2026-09-25 19:05:54,492 - INFO -    Palavras-chave: ifsuldeminas, sistema, desenvolvido, sistemas, campus, federal, instituto, trabalho, curso, para
2026-09-25 19:05:57,492 - INFO - 
============================================================
2026-09-25 19:05:57,492 - INFO - 🏛️  Processando IFGoiano - Instituto Federal Goiano
2026-09-25 19:05:57,492 - INFO - ============================================================
2026-09-25 19:05:57,492 - INFO - 
🔄 Iteração 1/3 para IFGoiano
2026-09-25 19:05:57,492 - INFO -   🔎 Testando: "ifgoiano"
2026-09-25 19:06:03,652 - INFO -      ✅ 106 resultados (eficiência: 0.30)
2026-09-25 19:06:04,653 - INFO -   🔎 Testando: "instituto federal"
2026-09-25 19:06:20,351 - INFO -      ✅ 500 resultados (eficiência: 0.30)
2026-09-25 19:06:23,352 - INFO - 
🔄 Iteração 2/3 para IFGoiano
2026-09-25 19:06:23,352 - INFO -   ⚠️ Sem novas queries para testar
2026-09-25 19:06:23,352 - INFO - 
📊 Métricas finais para IFGoiano:
2026-09-25 19:06:23,352 - INFO -    Total de queries testadas: 2
2026-09-25 19:06:23,352 - INFO -    Queries com sucesso: 0
2026-09-25 19:06:23,388 - INFO -    🔤 Filtrando 604 repositórios por idioma (português)...
2026-09-25 19:06:24,858 - INFO -    ✅ Filtro de idioma: 582/604 repositórios mantidos (96.4% em português)
2026-09-25 19:06:24,858 - INFO - ✅ IFGoiano: 582 repositórios em português
2026-09-25 19:06:24,858 - INFO -    Palavras-chave: ifgoiano, sistema, desenvolvido, sistemas, campus, federal, instituto, trabalho, curso, para
2026-09-25 19:06:27,859 - INFO - 
============================================================
2026-09-25 19:06:27,859 - INFO - 🏛️  Processando IFG - Instituto Federal de Goiás
2026-09-25 19:06:27,859 - INFO - ============================================================
2026-09-25 19:06:27,859 - INFO - 
🔄 Iteração 1/3 para IFG
2026-09-25 19:06:27,859 - INFO -   🔎 Testando: "ifg"
2026-09-25 19:06:52,255 - INFO -      ✅ 500 resultados (eficiência: 0.30)
2026-09-25 19:06:53,255 - INFO -   🔎 Testando: "instituto federal"
2026-09-25 19:07:08,694 - INFO -      ✅ 500 resultados (eficiência: 0.30)
2026-09-25 19:07:11,695 - INFO - 
🔄 Iteração 2/3 para IFG
2026-09-25 19:07:11,695 - INFO -   ⚠️ Sem novas queries para testar
2026-09-25 19:07:11,695 - INFO - 
📊 Métricas finais para IFG:
2026-09-25 19:07:11,695 - INFO -    Total de queries testadas: 2
2026-09-25 19:07:11,695 - INFO -    Queries com sucesso: 0
2026-09-25 19:07:11,732 - INFO -    🔤 Filtrando 994 repositórios por idioma (português)...
2026-09-25 19:07:13,850 - INFO -    ✅ Filtro de idioma: 816/994 repositórios mantidos (82.1% em português)
2026-09-25 19:07:13,851 - INFO - ✅ IFG: 816 repositórios em português
2026-09-25 19:07:13,851 - INFO -    Palavras-chave: sistema, content, sistemas, campus, federal, ifg, instituto, curso, para, instituto federal
2026-09-25 19:07:16,851 - INFO - 
============================================================
2026-09-25 19:07:16,851 - INFO - 🏛️  Processando IFSEMG - Instituto Federal do Sudeste de Minas Gerais
2026-09-25 19:07:16,852 - INFO - ============================================================
2026-09-25 19:07:16,852 - INFO - 
🔄 Iteração 1/3 para IFSEMG
2026-09-25 19:07:16,852 - INFO -   🔎 Testando: "ifsemg"
2026-09-25 19:07:18,104 - INFO -      ✅ 23 resultados (eficiência: 0.07)
2026-09-25 19:07:19,104 - INFO -   🔎 Testando: "instituto federal"
2026-09-25 19:07:34,102 - INFO -      ✅ 500 resultados (eficiência: 0.30)
2026-09-25 19:07:37,103 - INFO - 
🔄 Iteração 2/3 para IFSEMG
2026-09-25 19:07:37,103 - INFO -   ⚠️ Sem novas queries para testar
2026-09-25 19:07:37,103 - INFO - 
📊 Métricas finais para IFSEMG:
2026-09-25 19:07:37,103 - INFO -    Total de queries testadas: 2
2026-09-25 19:07:37,103 - INFO -    Queries com sucesso: 0
2026-09-25 19:07:37,137 - INFO -    🔤 Filtrando 522 repositórios por idioma (português)...
2026-09-25 19:07:38,367 - INFO -    ✅ Filtro de idioma: 520/522 repositórios mantidos (99.6% em português)
2026-09-25 19:07:38,367 - INFO - ✅ IFSEMG: 520 repositórios em português
2026-09-25 19:07:38,367 - INFO -    Palavras-chave: sistema, desenvolvido, sistemas, campus, federal, instituto, trabalho, curso, para, instituto federal
2026-09-25 19:07:41,368 - INFO - 
============================================================
2026-09-25 19:07:41,368 - INFO - 🏛️  Processando IFMS - Instituto Federal de Mato Grosso do Sul
2026-09-25 19:07:41,368 - INFO - ============================================================
2026-09-25 19:07:41,368 - INFO - 
🔄 Iteração 1/3 para IFMS
2026-09-25 19:07:41,368 - INFO -   🔎 Testando: "ifms"
2026-09-25 19:08:07,157 - INFO -      ✅ 500 resultados (eficiência: 0.30)
2026-09-25 19:08:08,157 - INFO -   🔎 Testando: "instituto federal"
2026-09-25 19:08:23,635 - INFO -      ✅ 500 resultados (eficiência: 0.30)
2026-09-25 19:08:26,635 - INFO - 
🔄 Iteração 2/3 para IFMS
2026-09-25 19:08:26,636 - INFO -   ⚠️ Sem novas queries para testar
2026-09-25 19:08:26,636 - INFO - 
📊 Métricas finais para IFMS:
2026-09-25 19:08:26,636 - INFO -    Total de queries testadas: 2
2026-09-25 19:08:26,636 - INFO -    Queries com sucesso: 0
2026-09-25 19:08:26,677 - INFO -    🔤 Filtrando 993 repositórios por idioma (português)...
2026-09-25 19:08:28,970 - INFO -    ✅ Filtro de idioma: 806/993 repositórios mantidos (81.2% em português)
2026-09-25 19:08:28,970 - INFO - ✅ IFMS: 806 repositórios em português
2026-09-25 19:08:28,970 - INFO -    Palavras-chave: sistema, ifms, sistemas, campus, federal, instituto, trabalho, curso, para, instituto federal
2026-09-25 19:08:31,970 - INFO - 
============================================================
2026-09-25 19:08:31,970 - INFO - 🏛️  Processando IFAP - Instituto Federal do Amapá
2026-09-25 19:08:31,970 - INFO - ============================================================
2026-09-25 19:08:31,970 - INFO - 
🔄 Iteração 1/3 para IFAP
2026-09-25 19:08:31,970 - INFO -   🔎 Testando: "ifap"
2026-09-25 19:08:41,342 - INFO -      ✅ 192 resultados (eficiência: 0.30)
2026-09-25 19:08:42,343 - INFO -   🔎 Testando: "instituto federal"
2026-09-25 19:08:57,391 - INFO -      ✅ 500 resultados (eficiência: 0.30)
2026-09-25 19:09:00,392 - INFO - 
🔄 Iteração 2/3 para IFAP
2026-09-25 19:09:00,392 - INFO -   ⚠️ Sem novas queries para testar
2026-09-25 19:09:00,392 - INFO - 
📊 Métricas finais para IFAP:
2026-09-25 19:09:00,392 - INFO -    Total de queries testadas: 2
2026-09-25 19:09:00,393 - INFO -    Queries com sucesso: 0
2026-09-25 19:09:00,430 - INFO -    🔤 Filtrando 692 repositórios por idioma (português)...
2026-09-25 19:09:02,079 - INFO -    ✅ Filtro de idioma: 623/692 repositórios mantidos (90.0% em português)
2026-09-25 19:09:02,079 - INFO - ✅ IFAP: 623 repositórios em português
2026-09-25 19:09:02,079 - INFO -    Palavras-chave: sistema, desenvolvido, sistemas, campus, federal, instituto, trabalho, curso, para, instituto federal
2026-09-25 19:09:05,079 - INFO - 
============================================================
2026-09-25 19:09:05,080 - INFO - 🏛️  Processando IFAM - Instituto Federal do Amazonas
2026-09-25 19:09:05,080 - INFO - ============================================================
2026-09-25 19:09:05,080 - INFO - 
🔄 Iteração 1/3 para IFAM
2026-09-25 19:09:05,080 - INFO -   🔎 Testando: "ifam"
2026-09-25 19:09:30,829 - INFO -      ✅ 500 resultados (eficiência: 0.30)
2026-09-25 19:09:31,829 - INFO -   🔎 Testando: "instituto federal"
2026-09-25 19:09:47,106 - INFO -      ✅ 500 resultados (eficiência: 0.30)
2026-09-25 19:09:50,106 - INFO - 
🔄 Iteração 2/3 para IFAM
2026-09-25 19:09:50,107 - INFO -   ⚠️ Sem novas queries para testar
2026-09-25 19:09:50,107 - INFO - 
📊 Métricas finais para IFAM:
2026-09-25 19:09:50,107 - INFO -    Total de queries testadas: 2
2026-09-25 19:09:50,107 - INFO -    Queries com sucesso: 0
2026-09-25 19:09:50,143 - INFO -    🔤 Filtrando 999 repositórios por idioma (português)...
2026-09-25 19:09:52,461 - INFO -    ✅ Filtro de idioma: 862/999 repositórios mantidos (86.3% em português)
2026-09-25 19:09:52,462 - INFO - ✅ IFAM: 862 repositórios em português
2026-09-25 19:09:52,462 - INFO -    Palavras-chave: sistema, dados, sistemas, campus, federal, instituto, trabalho, curso, para, ifam
2026-09-25 19:09:55,462 - INFO - 
============================================================
2026-09-25 19:09:55,462 - INFO - 🏛️  Processando IFMT - Instituto Federal de Mato Grosso
2026-09-25 19:09:55,462 - INFO - ============================================================
2026-09-25 19:09:55,462 - INFO - 
🔄 Iteração 1/3 para IFMT
2026-09-25 19:09:55,462 - INFO -   🔎 Testando: "ifmt"
2026-09-25 19:10:23,015 - INFO -      ✅ 500 resultados (eficiência: 0.30)
2026-09-25 19:10:24,016 - INFO -   🔎 Testando: "instituto federal"
2026-09-25 19:10:39,058 - INFO -      ✅ 500 resultados (eficiência: 0.30)
2026-09-25 19:10:42,059 - INFO - 
🔄 Iteração 2/3 para IFMT
2026-09-25 19:10:42,059 - INFO -   ⚠️ Sem novas queries para testar
2026-09-25 19:10:42,060 - INFO - 
📊 Métricas finais para IFMT:
2026-09-25 19:10:42,060 - INFO -    Total de queries testadas: 2
2026-09-25 19:10:42,060 - INFO -    Queries com sucesso: 0
2026-09-25 19:10:42,097 - INFO -    🔤 Filtrando 1000 repositórios por idioma (português)...
2026-09-25 19:10:44,633 - INFO -    ✅ Filtro de idioma: 901/1000 repositórios mantidos (90.1% em português)
2026-09-25 19:10:44,633 - INFO - ✅ IFMT: 901 repositórios em português
2026-09-25 19:10:44,633 - INFO -    Palavras-chave: sistema, desenvolvido, ifmt, sistemas, campus, federal, instituto, trabalho, curso, para
2026-09-25 19:10:47,634 - INFO - 
============================================================
2026-09-25 19:10:47,634 - INFO - 🏛️  Processando IFTO - Instituto Federal do Tocantins
2026-09-25 19:10:47,634 - INFO - ============================================================
2026-09-25 19:10:47,634 - INFO - 
🔄 Iteração 1/3 para IFTO
2026-09-25 19:10:47,634 - INFO -   🔎 Testando: "ifto"
2026-09-25 19:11:13,056 - INFO -      ✅ 500 resultados (eficiência: 0.30)
2026-09-25 19:11:14,056 - INFO -   🔎 Testando: "instituto federal"
2026-09-25 19:11:30,210 - INFO -      ✅ 500 resultados (eficiência: 0.30)
2026-09-25 19:11:33,211 - INFO - 
🔄 Iteração 2/3 para IFTO
2026-09-25 19:11:33,211 - INFO -   ⚠️ Sem novas queries para testar
2026-09-25 19:11:33,211 - INFO - 
📊 Métricas finais para IFTO:
2026-09-25 19:11:33,211 - INFO -    Total de queries testadas: 2
2026-09-25 19:11:33,211 - INFO -    Queries com sucesso: 0
2026-09-25 19:11:33,241 - INFO -    🔤 Filtrando 999 repositórios por idioma (português)...
2026-09-25 19:11:35,550 - INFO -    ✅ Filtro de idioma: 844/999 repositórios mantidos (84.5% em português)
2026-09-25 19:11:35,550 - INFO - ✅ IFTO: 844 repositórios em português
2026-09-25 19:11:35,550 - INFO -    Palavras-chave: ifto, sistema, sistemas, campus, instituto, federal, trabalho, curso, para, instituto federal
2026-09-25 19:11:38,551 - INFO - 
============================================================
2026-09-25 19:11:38,551 - INFO - 🏛️  Processando IFAC - Instituto Federal do Acre
2026-09-25 19:11:38,551 - INFO - ============================================================
2026-09-25 19:11:38,551 - INFO - 
🔄 Iteração 1/3 para IFAC
2026-09-25 19:11:38,551 - INFO -   🔎 Testando: "ifac"
2026-09-25 19:12:04,357 - INFO -      ✅ 500 resultados (eficiência: 0.30)
2026-09-25 19:12:05,357 - INFO -   🔎 Testando: "instituto federal"
2026-09-25 19:12:20,369 - INFO -      ✅ 500 resultados (eficiência: 0.30)
2026-09-25 19:12:23,370 - INFO - 
🔄 Iteração 2/3 para IFAC
2026-09-25 19:12:23,370 - INFO -   ⚠️ Sem novas queries para testar
2026-09-25 19:12:23,370 - INFO - 
📊 Métricas finais para IFAC:
2026-09-25 19:12:23,370 - INFO -    Total de queries testadas: 2
2026-09-25 19:12:23,370 - INFO -    Queries com sucesso: 0
2026-09-25 19:12:23,409 - INFO -    🔤 Filtrando 1000 repositórios por idioma (português)...
2026-09-25 19:12:25,487 - INFO -    ✅ Filtro de idioma: 728/1000 repositórios mantidos (72.8% em português)
2026-09-25 19:12:25,488 - INFO - ✅ IFAC: 728 repositórios em português
2026-09-25 19:12:25,488 - INFO -    Palavras-chave: sistema, sistemas, campus, federal, instituto, trabalho, curso, ifac, para, instituto federal
2026-09-25 19:12:28,488 - INFO - 
============================================================
2026-09-25 19:12:28,488 - INFO - 🏛️  Processando IFFar - Instituto Federal Farroupilha
2026-09-25 19:12:28,488 - INFO - ============================================================
2026-09-25 19:12:28,488 - INFO - 
🔄 Iteração 1/3 para IFFar
2026-09-25 19:12:28,488 - INFO -   🔎 Testando: "iffar"
2026-09-25 19:12:37,664 - INFO -      ✅ 191 resultados (eficiência: 0.30)
2026-09-25 19:12:38,665 - INFO -   🔎 Testando: "instituto federal"
2026-09-25 19:12:53,652 - INFO -      ✅ 500 resultados (eficiência: 0.30)
2026-09-25 19:12:56,652 - INFO - 
🔄 Iteração 2/3 para IFFar
2026-09-25 19:12:56,652 - INFO -   ⚠️ Sem novas queries para testar
2026-09-25 19:12:56,653 - INFO - 
📊 Métricas finais para IFFar:
2026-09-25 19:12:56,653 - INFO -    Total de queries testadas: 2
2026-09-25 19:12:56,653 - INFO -    Queries com sucesso: 0
2026-09-25 19:12:56,689 - INFO -    🔤 Filtrando 689 repositórios por idioma (português)...
2026-09-25 19:12:58,373 - INFO -    ✅ Filtro de idioma: 664/689 repositórios mantidos (96.4% em português)
2026-09-25 19:12:58,373 - INFO - ✅ IFFar: 664 repositórios em português
2026-09-25 19:12:58,373 - INFO -    Palavras-chave: sistema, desenvolvido, sistemas, campus, federal, instituto, trabalho, curso, para, instituto federal
2026-09-25 19:13:01,374 - INFO - 
============================================================
2026-09-25 19:13:01,374 - INFO - 🏛️  Processando IFS - Instituto Federal de Sergipe
2026-09-25 19:13:01,374 - INFO - ============================================================
2026-09-25 19:13:01,374 - INFO - 
🔄 Iteração 1/3 para IFS
2026-09-25 19:13:01,374 - INFO -   🔎 Testando: "ifs"
2026-09-25 19:13:25,153 - INFO -      ✅ 500 resultados (eficiência: 0.30)
2026-09-25 19:13:26,153 - INFO -   🔎 Testando: "instituto federal"
2026-09-25 19:13:41,180 - INFO -      ✅ 500 resultados (eficiência: 0.30)
2026-09-25 19:13:44,180 - INFO - 
🔄 Iteração 2/3 para IFS
2026-09-25 19:13:44,181 - INFO -   ⚠️ Sem novas queries para testar
2026-09-25 19:13:44,181 - INFO - 
📊 Métricas finais para IFS:
2026-09-25 19:13:44,181 - INFO -    Total de queries testadas: 2
2026-09-25 19:13:44,181 - INFO -    Queries com sucesso: 0
2026-09-25 19:13:44,242 - INFO -    🔤 Filtrando 991 repositórios por idioma (português)...
2026-09-25 19:13:46,540 - INFO -    ✅ Filtro de idioma: 634/991 repositórios mantidos (64.0% em português)
2026-09-25 19:13:46,540 - INFO - ✅ IFS: 634 repositórios em português
2026-09-25 19:13:46,540 - INFO -    Palavras-chave: campus, federal, instituto, curso, para, instituto federal, then, transparent, yellow, ifsc
2026-09-25 19:13:49,540 - INFO - 
============================================================
2026-09-25 19:13:49,541 - INFO - 🏛️  Processando IFRS - Instituto Federal do Rio Grande do Sul
2026-09-25 19:13:49,541 - INFO - ============================================================
2026-09-25 19:13:49,541 - INFO - 
🔄 Iteração 1/3 para IFRS
2026-09-25 19:13:49,541 - INFO -   🔎 Testando: "ifrs"
2026-09-25 19:14:15,654 - INFO -      ✅ 500 resultados (eficiência: 0.30)
2026-09-25 19:14:16,654 - INFO -   🔎 Testando: "instituto federal"
2026-09-25 19:14:32,729 - INFO -      ✅ 500 resultados (eficiência: 0.30)
2026-09-25 19:14:35,730 - INFO - 
🔄 Iteração 2/3 para IFRS
2026-09-25 19:14:35,730 - INFO -   ⚠️ Sem novas queries para testar
2026-09-25 19:14:35,730 - INFO - 
📊 Métricas finais para IFRS:
2026-09-25 19:14:35,730 - INFO -    Total de queries testadas: 2
2026-09-25 19:14:35,730 - INFO -    Queries com sucesso: 0
2026-09-25 19:14:35,771 - INFO -    🔤 Filtrando 996 repositórios por idioma (português)...
2026-09-25 19:14:38,161 - INFO -    ✅ Filtro de idioma: 679/996 repositórios mantidos (68.2% em português)
2026-09-25 19:14:38,162 - INFO - ✅ IFRS: 679 repositórios em português
2026-09-25 19:14:38,162 - INFO -    Palavras-chave: accounting, sistema, sistemas, campus, federal, instituto, trabalho, curso, para, instituto federal
2026-09-25 19:14:41,162 - INFO - 
============================================================
2026-09-25 19:14:41,162 - INFO - 🏛️  Processando IFC - Instituto Federal Catarinense
2026-09-25 19:14:41,162 - INFO - ============================================================
2026-09-25 19:14:41,162 - INFO - 
🔄 Iteração 1/3 para IFC
2026-09-25 19:14:41,162 - INFO -   🔎 Testando: "ifc"
2026-09-25 19:15:00,200 - INFO -      ✅ 500 resultados (eficiência: 0.30)
2026-09-25 19:15:01,200 - INFO -   🔎 Testando: "instituto federal"
2026-09-25 19:15:17,440 - INFO -      ✅ 500 resultados (eficiência: 0.30)
2026-09-25 19:15:20,440 - INFO - 
🔄 Iteração 2/3 para IFC
2026-09-25 19:15:20,441 - INFO -   ⚠️ Sem novas queries para testar
2026-09-25 19:15:20,441 - INFO - 
📊 Métricas finais para IFC:
2026-09-25 19:15:20,442 - INFO -    Total de queries testadas: 2
2026-09-25 19:15:20,442 - INFO -    Queries com sucesso: 0
2026-09-25 19:15:20,491 - INFO -    🔤 Filtrando 999 repositórios por idioma (português)...
2026-09-25 19:15:22,694 - INFO -    ✅ Filtro de idioma: 554/999 repositórios mantidos (55.5% em português)
2026-09-25 19:15:22,694 - INFO - ✅ IFC: 554 repositórios em português
2026-09-25 19:15:22,694 - INFO -    Palavras-chave: ifc, python, sistemas, campus, federal, instituto, files, curso, para, instituto federal
2026-09-25 19:15:25,694 - INFO - 
============================================================
2026-09-25 19:15:25,695 - INFO - 🏛️  Processando IFBAIANO - Instituto Federal Baiano
2026-09-25 19:15:25,695 - INFO - ============================================================
2026-09-25 19:15:25,695 - INFO - 
🔄 Iteração 1/3 para IFBAIANO
2026-09-25 19:15:25,695 - INFO -   🔎 Testando: "ifbaiano"
2026-09-25 19:15:30,971 - INFO -      ✅ 102 resultados (eficiência: 0.30)
2026-09-25 19:15:31,971 - INFO -   🔎 Testando: "instituto federal"
2026-09-25 19:15:47,196 - INFO -      ✅ 500 resultados (eficiência: 0.30)
2026-09-25 19:15:50,196 - INFO - 
🔄 Iteração 2/3 para IFBAIANO
2026-09-25 19:15:50,197 - INFO -   ⚠️ Sem novas queries para testar
2026-09-25 19:15:50,197 - INFO - 
📊 Métricas finais para IFBAIANO:
2026-09-25 19:15:50,197 - INFO -    Total de queries testadas: 2
2026-09-25 19:15:50,197 - INFO -    Queries com sucesso: 0
2026-09-25 19:15:50,225 - INFO -    🔤 Filtrando 599 repositórios por idioma (português)...
2026-09-25 19:15:51,662 - INFO -    ✅ Filtro de idioma: 574/599 repositórios mantidos (95.8% em português)
2026-09-25 19:15:51,662 - INFO - ✅ IFBAIANO: 574 repositórios em português
2026-09-25 19:15:51,662 - INFO -    Palavras-chave: sistema, desenvolvido, sistemas, campus, federal, instituto, trabalho, curso, para, instituto federal
2026-09-25 19:15:54,663 - INFO - 
============================================================
2026-09-25 19:15:54,663 - INFO - 🏛️  Processando IFAC - Campus Rio Branco
2026-09-25 19:15:54,663 - INFO - ============================================================
2026-09-25 19:15:54,663 - INFO - 
🔄 Iteração 1/3 para IFAC
2026-09-25 19:15:54,663 - INFO -   🔎 Testando: "campus rio"
2026-09-25 19:16:01,555 - INFO -      ✅ 145 resultados (eficiência: 0.30)
2026-09-25 19:16:02,556 - INFO -   🔎 Testando: "ifac"
2026-09-25 19:16:19,513 - INFO -      ✅ 500 resultados (eficiência: 0.30)
2026-09-25 19:16:22,513 - INFO - 
🔄 Iteração 2/3 para IFAC
2026-09-25 19:16:22,513 - INFO -   ⚠️ Sem novas queries para testar
2026-09-25 19:16:22,514 - INFO - 
📊 Métricas finais para IFAC:
2026-09-25 19:16:22,514 - INFO -    Total de queries testadas: 2
2026-09-25 19:16:22,514 - INFO -    Queries com sucesso: 0
2026-09-25 19:16:22,538 - INFO -    🔤 Filtrando 642 repositórios por idioma (português)...
2026-09-25 19:16:23,768 - INFO -    ✅ Filtro de idioma: 366/642 repositórios mantidos (57.0% em português)
2026-09-25 19:16:23,768 - INFO - ✅ IFAC: 366 repositórios em português
2026-09-25 19:16:23,768 - INFO -    Palavras-chave: campus, federal, universidade, paper, ifactory, ifac, para, curso, code, interface
2026-09-25 19:16:26,769 - INFO - 
============================================================
2026-09-25 19:16:26,769 - INFO - 🏛️  Processando IFAC - Campus Cruzeiro do Sul
2026-09-25 19:16:26,769 - INFO - ============================================================
2026-09-25 19:16:26,769 - INFO - 
🔄 Iteração 1/3 para IFAC
2026-09-25 19:16:26,769 - INFO -   🔎 Testando: "ifac"
2026-09-25 19:16:43,888 - INFO -      ✅ 500 resultados (eficiência: 0.30)
2026-09-25 19:16:44,889 - INFO -   🔎 Testando: "campus cruzeiro"
2026-09-25 19:16:45,266 - INFO -      ✅ 0 resultados (eficiência: 0.00)
2026-09-25 19:16:48,267 - INFO - 
🔄 Iteração 2/3 para IFAC
2026-09-25 19:16:48,267 - INFO -   ⚠️ Sem novas queries para testar
2026-09-25 19:16:48,268 - INFO - 
📊 Métricas finais para IFAC:
2026-09-25 19:16:48,268 - INFO -    Total de queries testadas: 2
2026-09-25 19:16:48,268 - INFO -    Queries com sucesso: 0
2026-09-25 19:16:48,294 - INFO -    🔤 Filtrando 500 repositórios por idioma (português)...
2026-09-25 19:16:49,204 - INFO -    ✅ Filtro de idioma: 228/500 repositórios mantidos (45.6% em português)
2026-09-25 19:16:49,205 - INFO - ✅ IFAC: 228 repositórios em português
2026-09-25 19:16:49,205 - INFO -    Palavras-chave: paper, code, ifac, ifactory, this, with, model, project, based, control
2026-09-25 19:16:52,205 - INFO - 
============================================================
2026-09-25 19:16:52,205 - INFO - 🏛️  Processando IFAC - Campus Sena Madureira
2026-09-25 19:16:52,205 - INFO - ============================================================
2026-09-25 19:16:52,205 - INFO - 
🔄 Iteração 1/3 para IFAC
2026-09-25 19:16:52,205 - INFO -   🔎 Testando: "campus sena"
2026-09-25 19:16:52,807 - INFO -      ✅ 3 resultados (eficiência: 0.01)
2026-09-25 19:16:53,808 - INFO -   🔎 Testando: "ifac"
2026-09-25 19:17:10,058 - INFO -      ✅ 500 resultados (eficiência: 0.30)
2026-09-25 19:17:13,058 - INFO - 
🔄 Iteração 2/3 para IFAC
2026-09-25 19:17:13,058 - INFO -   ⚠️ Sem novas queries para testar
2026-09-25 19:17:13,058 - INFO - 
📊 Métricas finais para IFAC:
2026-09-25 19:17:13,059 - INFO -    Total de queries testadas: 2
2026-09-25 19:17:13,059 - INFO -    Queries com sucesso: 0
2026-09-25 19:17:13,079 - INFO -    🔤 Filtrando 503 repositórios por idioma (português)...
2026-09-25 19:17:14,001 - INFO -    ✅ Filtro de idioma: 231/503 repositórios mantidos (45.9% em português)
2026-09-25 19:17:14,001 - INFO - ✅ IFAC: 231 repositórios em português
2026-09-25 19:17:14,001 - INFO -    Palavras-chave: paper, code, ifac, ifactory, this, with, model, project, based, control
2026-09-25 19:17:17,001 - INFO - 
============================================================
2026-09-25 19:17:17,002 - INFO - 🏛️  Processando IFAC - Campus Tarauacá
2026-09-25 19:17:17,002 - INFO - ============================================================
2026-09-25 19:17:17,002 - INFO - 
🔄 Iteração 1/3 para IFAC
2026-09-25 19:17:17,002 - INFO -   🔎 Testando: "ifac"
2026-09-25 19:17:34,158 - INFO -      ✅ 500 resultados (eficiência: 0.30)
2026-09-25 19:17:37,158 - INFO - 
🔄 Iteração 2/3 para IFAC
2026-09-25 19:17:37,158 - INFO -   ⚠️ Sem novas queries para testar
2026-09-25 19:17:37,159 - INFO - 
📊 Métricas finais para IFAC:
2026-09-25 19:17:37,159 - INFO -    Total de queries testadas: 1
2026-09-25 19:17:37,159 - INFO -    Queries com sucesso: 0
2026-09-25 19:17:37,179 - INFO -    🔤 Filtrando 500 repositórios por idioma (português)...
2026-09-25 19:17:38,094 - INFO -    ✅ Filtro de idioma: 228/500 repositórios mantidos (45.6% em português)
2026-09-25 19:17:38,094 - INFO - ✅ IFAC: 228 repositórios em português
2026-09-25 19:17:38,094 - INFO -    Palavras-chave: paper, code, ifac, ifactory, this, with, model, project, based, control
2026-09-25 19:17:41,095 - INFO - 
============================================================
2026-09-25 19:17:41,095 - INFO - 🏛️  Processando IFAC - Campus Xapuri
2026-09-25 19:17:41,095 - INFO - ============================================================
2026-09-25 19:17:41,095 - INFO - 
🔄 Iteração 1/3 para IFAC
2026-09-25 19:17:41,095 - INFO -   🔎 Testando: "ifac"
2026-09-25 19:17:57,763 - INFO -      ✅ 500 resultados (eficiência: 0.30)
2026-09-25 19:18:00,763 - INFO - 
🔄 Iteração 2/3 para IFAC
2026-09-25 19:18:00,764 - INFO -   ⚠️ Sem novas queries para testar
2026-09-25 19:18:00,764 - INFO - 
📊 Métricas finais para IFAC:
2026-09-25 19:18:00,764 - INFO -    Total de queries testadas: 1
2026-09-25 19:18:00,764 - INFO -    Queries com sucesso: 0
2026-09-25 19:18:00,789 - INFO -    🔤 Filtrando 500 repositórios por idioma (português)...
2026-09-25 19:18:01,683 - INFO -    ✅ Filtro de idioma: 228/500 repositórios mantidos (45.6% em português)
2026-09-25 19:18:01,683 - INFO - ✅ IFAC: 228 repositórios em português
2026-09-25 19:18:01,683 - INFO -    Palavras-chave: paper, code, ifac, ifactory, this, with, model, project, based, control
2026-09-25 19:18:04,684 - INFO - 
============================================================
2026-09-25 19:18:04,684 - INFO - 🏛️  Processando IFAC - Campus Feijó
2026-09-25 19:18:04,684 - INFO - ============================================================
2026-09-25 19:18:04,684 - INFO - 
🔄 Iteração 1/3 para IFAC
2026-09-25 19:18:04,684 - INFO -   🔎 Testando: "ifac"
2026-09-25 19:18:21,483 - INFO -      ✅ 500 resultados (eficiência: 0.30)
2026-09-25 19:18:24,483 - INFO - 
🔄 Iteração 2/3 para IFAC
2026-09-25 19:18:24,484 - INFO -   ⚠️ Sem novas queries para testar
2026-09-25 19:18:24,484 - INFO - 
📊 Métricas finais para IFAC:
2026-09-25 19:18:24,484 - INFO -    Total de queries testadas: 1
2026-09-25 19:18:24,484 - INFO -    Queries com sucesso: 0
2026-09-25 19:18:24,506 - INFO -    🔤 Filtrando 500 repositórios por idioma (português)...
2026-09-25 19:18:25,408 - INFO -    ✅ Filtro de idioma: 228/500 repositórios mantidos (45.6% em português)
2026-09-25 19:18:25,408 - INFO - ✅ IFAC: 228 repositórios em português
2026-09-25 19:18:25,408 - INFO -    Palavras-chave: paper, code, ifac, ifactory, this, with, model, project, based, control
2026-09-25 19:18:28,409 - INFO - 
============================================================
2026-09-25 19:18:28,409 - INFO - 🏛️  Processando IFAL - Campus Maceió
2026-09-25 19:18:28,409 - INFO - ============================================================
2026-09-25 19:18:28,409 - INFO - 
🔄 Iteração 1/3 para IFAL
2026-09-25 19:18:28,409 - INFO -   🔎 Testando: "ifal"
2026-09-25 19:18:44,989 - INFO -      ✅ 500 resultados (eficiência: 0.30)
2026-09-25 19:18:47,989 - INFO - 
🔄 Iteração 2/3 para IFAL
2026-09-25 19:18:47,990 - INFO -   ⚠️ Sem novas queries para testar
2026-09-25 19:18:47,990 - INFO - 
📊 Métricas finais para IFAL:
2026-09-25 19:18:47,990 - INFO -    Total de queries testadas: 1
2026-09-25 19:18:47,990 - INFO -    Queries com sucesso: 0
2026-09-25 19:18:48,011 - INFO -    🔤 Filtrando 500 repositórios por idioma (português)...
2026-09-25 19:18:49,157 - INFO -    ✅ Filtro de idioma: 351/500 repositórios mantidos (70.2% em português)
2026-09-25 19:18:49,158 - INFO - ✅ IFAL: 351 repositórios em português
2026-09-25 19:18:49,158 - INFO -    Palavras-chave: config, github, ifal, profile, trabalho, files, ifall, curso, para, alagoas
2026-09-25 19:18:52,158 - INFO - 
============================================================
2026-09-25 19:18:52,158 - INFO - 🏛️  Processando IFAL - Campus Satuba
2026-09-25 19:18:52,158 - INFO - ============================================================
2026-09-25 19:18:52,158 - INFO - 
🔄 Iteração 1/3 para IFAL
2026-09-25 19:18:52,158 - INFO -   🔎 Testando: "ifal"
2026-09-25 19:19:07,160 - INFO -      ✅ 500 resultados (eficiência: 0.30)
2026-09-25 19:19:10,161 - INFO - 
🔄 Iteração 2/3 para IFAL
2026-09-25 19:19:10,161 - INFO -   ⚠️ Sem novas queries para testar
2026-09-25 19:19:10,161 - INFO - 
📊 Métricas finais para IFAL:
2026-09-25 19:19:10,161 - INFO -    Total de queries testadas: 1
2026-09-25 19:19:10,161 - INFO -    Queries com sucesso: 0
2026-09-25 19:19:10,178 - INFO -    🔤 Filtrando 500 repositórios por idioma (português)...
2026-09-25 19:19:11,337 - INFO -    ✅ Filtro de idioma: 351/500 repositórios mantidos (70.2% em português)
2026-09-25 19:19:11,337 - INFO - ✅ IFAL: 351 repositórios em português
2026-09-25 19:19:11,337 - INFO -    Palavras-chave: config, github, ifal, profile, trabalho, files, ifall, curso, para, alagoas
2026-09-25 19:19:14,337 - INFO - 
============================================================
2026-09-25 19:19:14,337 - INFO - 🏛️  Processando IFAL - Campus Palmeira dos Índios
2026-09-25 19:19:14,337 - INFO - ============================================================
2026-09-25 19:19:14,337 - INFO - 
🔄 Iteração 1/3 para IFAL
2026-09-25 19:19:14,337 - INFO -   🔎 Testando: "ifal"
2026-09-25 19:19:30,515 - INFO -      ✅ 500 resultados (eficiência: 0.30)
2026-09-25 19:19:31,515 - INFO -   🔎 Testando: "campus palmeira"
2026-09-25 19:19:32,279 - INFO -      ✅ 7 resultados (eficiência: 0.02)
2026-09-25 19:19:35,279 - INFO - 
🔄 Iteração 2/3 para IFAL
2026-09-25 19:19:35,280 - INFO -   ⚠️ Sem novas queries para testar
2026-09-25 19:19:35,280 - INFO - 
📊 Métricas finais para IFAL:
2026-09-25 19:19:35,280 - INFO -    Total de queries testadas: 2
2026-09-25 19:19:35,280 - INFO -    Queries com sucesso: 0
2026-09-25 19:19:35,302 - INFO -    🔤 Filtrando 507 repositórios por idioma (português)...
2026-09-25 19:19:36,440 - INFO -    ✅ Filtro de idioma: 358/507 repositórios mantidos (70.6% em português)
2026-09-25 19:19:36,440 - INFO - ✅ IFAL: 358 repositórios em português
2026-09-25 19:19:36,440 - INFO -    Palavras-chave: config, github, ifal, profile, campus, trabalho, files, curso, para, alagoas
2026-09-25 19:19:39,440 - INFO - 
============================================================
2026-09-25 19:19:39,441 - INFO - 🏛️  Processando IFAL - Campus Marechal Deodoro
2026-09-25 19:19:39,441 - INFO - ============================================================
2026-09-25 19:19:39,441 - INFO - 
🔄 Iteração 1/3 para IFAL
2026-09-25 19:19:39,441 - INFO -   🔎 Testando: "ifal"
2026-09-25 19:19:56,100 - INFO -      ✅ 500 resultados (eficiência: 0.30)
2026-09-25 19:19:57,101 - INFO -   🔎 Testando: "campus marechal"
2026-09-25 19:19:57,477 - INFO -      ✅ 0 resultados (eficiência: 0.00)
2026-09-25 19:20:00,478 - INFO - 
🔄 Iteração 2/3 para IFAL
2026-09-25 19:20:00,478 - INFO -   ⚠️ Sem novas queries para testar
2026-09-25 19:20:00,479 - INFO - 
📊 Métricas finais para IFAL:
2026-09-25 19:20:00,479 - INFO -    Total de queries testadas: 2
2026-09-25 19:20:00,479 - INFO -    Queries com sucesso: 0
2026-09-25 19:20:00,504 - INFO -    🔤 Filtrando 500 repositórios por idioma (português)...
2026-09-25 19:20:01,668 - INFO -    ✅ Filtro de idioma: 351/500 repositórios mantidos (70.2% em português)
2026-09-25 19:20:01,668 - INFO - ✅ IFAL: 351 repositórios em português
2026-09-25 19:20:01,668 - INFO -    Palavras-chave: config, github, ifal, profile, trabalho, files, ifall, curso, para, alagoas
2026-09-25 19:20:04,669 - INFO - 
============================================================
2026-09-25 19:20:04,669 - INFO - 🏛️  Processando IFAL - Campus Penedo
2026-09-25 19:20:04,669 - INFO - ============================================================
2026-09-25 19:20:04,669 - INFO - 
🔄 Iteração 1/3 para IFAL
2026-09-25 19:20:04,669 - INFO -   🔎 Testando: "ifal"
2026-09-25 19:20:19,543 - INFO -      ✅ 500 resultados (eficiência: 0.30)
2026-09-25 19:20:22,543 - INFO - 
🔄 Iteração 2/3 para IFAL
2026-09-25 19:20:22,543 - INFO -   ⚠️ Sem novas queries para testar
2026-09-25 19:20:22,544 - INFO - 
📊 Métricas finais para IFAL:
2026-09-25 19:20:22,544 - INFO -    Total de queries testadas: 1
2026-09-25 19:20:22,544 - INFO -    Queries com sucesso: 0
2026-09-25 19:20:22,565 - INFO -    🔤 Filtrando 500 repositórios por idioma (português)...
2026-09-25 19:20:23,726 - INFO -    ✅ Filtro de idioma: 351/500 repositórios mantidos (70.2% em português)
2026-09-25 19:20:23,726 - INFO - ✅ IFAL: 351 repositórios em português
2026-09-25 19:20:23,726 - INFO -    Palavras-chave: config, github, ifal, profile, trabalho, files, ifall, curso, para, alagoas
2026-09-25 19:20:26,727 - INFO - 
============================================================
2026-09-25 19:20:26,727 - INFO - 🏛️  Processando IFAL - Campus Piranhas
2026-09-25 19:20:26,727 - INFO - ============================================================
2026-09-25 19:20:26,727 - INFO - 
🔄 Iteração 1/3 para IFAL
2026-09-25 19:20:26,727 - INFO -   🔎 Testando: "ifal"
2026-09-25 19:20:42,709 - INFO -      ✅ 500 resultados (eficiência: 0.30)
2026-09-25 19:20:45,710 - INFO - 
🔄 Iteração 2/3 para IFAL
2026-09-25 19:20:45,710 - INFO -   ⚠️ Sem novas queries para testar
2026-09-25 19:20:45,710 - INFO - 
📊 Métricas finais para IFAL:
2026-09-25 19:20:45,710 - INFO -    Total de queries testadas: 1
2026-09-25 19:20:45,710 - INFO -    Queries com sucesso: 0
2026-09-25 19:20:45,722 - INFO -    🔤 Filtrando 500 repositórios por idioma (português)...
2026-09-25 19:20:46,867 - INFO -    ✅ Filtro de idioma: 351/500 repositórios mantidos (70.2% em português)
2026-09-25 19:20:46,867 - INFO - ✅ IFAL: 351 repositórios em português
2026-09-25 19:20:46,867 - INFO -    Palavras-chave: config, github, ifal, profile, trabalho, files, ifall, curso, para, alagoas
2026-09-25 19:20:49,868 - INFO - 
============================================================
2026-09-25 19:20:49,868 - INFO - 🏛️  Processando IFAL - Campus Arapiraca
2026-09-25 19:20:49,868 - INFO - ============================================================
2026-09-25 19:20:49,868 - INFO - 
🔄 Iteração 1/3 para IFAL
2026-09-25 19:20:49,868 - INFO -   🔎 Testando: "ifal"
2026-09-25 19:21:04,966 - INFO -      ✅ 500 resultados (eficiência: 0.30)
2026-09-25 19:21:07,966 - INFO - 
🔄 Iteração 2/3 para IFAL
2026-09-25 19:21:07,966 - INFO -   ⚠️ Sem novas queries para testar
2026-09-25 19:21:07,967 - INFO - 
📊 Métricas finais para IFAL:
2026-09-25 19:21:07,967 - INFO -    Total de queries testadas: 1
2026-09-25 19:21:07,967 - INFO -    Queries com sucesso: 0
2026-09-25 19:21:07,992 - INFO -    🔤 Filtrando 500 repositórios por idioma (português)...
2026-09-25 19:21:09,133 - INFO -    ✅ Filtro de idioma: 351/500 repositórios mantidos (70.2% em português)
2026-09-25 19:21:09,134 - INFO - ✅ IFAL: 351 repositórios em português
2026-09-25 19:21:09,134 - INFO -    Palavras-chave: config, github, ifal, profile, trabalho, files, ifall, curso, para, alagoas
2026-09-25 19:21:12,134 - INFO - 
============================================================
2026-09-25 19:21:12,134 - INFO - 🏛️  Processando IFAL - Campus Maragogi
2026-09-25 19:21:12,134 - INFO - ============================================================
2026-09-25 19:21:12,134 - INFO - 
🔄 Iteração 1/3 para IFAL
2026-09-25 19:21:12,134 - INFO -   🔎 Testando: "ifal"
2026-09-25 19:21:28,070 - INFO -      ✅ 500 resultados (eficiência: 0.30)
2026-09-25 19:21:31,070 - INFO - 
🔄 Iteração 2/3 para IFAL
2026-09-25 19:21:31,070 - INFO -   ⚠️ Sem novas queries para testar
2026-09-25 19:21:31,071 - INFO - 
📊 Métricas finais para IFAL:
2026-09-25 19:21:31,071 - INFO -    Total de queries testadas: 1
2026-09-25 19:21:31,071 - INFO -    Queries com sucesso: 0
2026-09-25 19:21:31,096 - INFO -    🔤 Filtrando 500 repositórios por idioma (português)...
2026-09-25 19:21:32,255 - INFO -    ✅ Filtro de idioma: 351/500 repositórios mantidos (70.2% em português)
2026-09-25 19:21:32,255 - INFO - ✅ IFAL: 351 repositórios em português
2026-09-25 19:21:32,255 - INFO -    Palavras-chave: config, github, ifal, profile, trabalho, files, ifall, curso, para, alagoas
2026-09-25 19:21:35,255 - INFO - 
============================================================
2026-09-25 19:21:35,255 - INFO - 🏛️  Processando IFAM - Campus Manaus Centro
2026-09-25 19:21:35,255 - INFO - ============================================================
2026-09-25 19:21:35,255 - INFO - 
🔄 Iteração 1/3 para IFAM
2026-09-25 19:21:35,255 - INFO -   🔎 Testando: "ifam"
2026-09-25 19:21:51,215 - INFO -      ✅ 500 resultados (eficiência: 0.30)
2026-09-25 19:21:52,216 - INFO -   🔎 Testando: "campus manaus"
2026-09-25 19:21:52,887 - INFO -      ✅ 6 resultados (eficiência: 0.02)
2026-09-25 19:21:55,887 - INFO - 
🔄 Iteração 2/3 para IFAM
2026-09-25 19:21:55,888 - INFO -   ⚠️ Sem novas queries para testar
2026-09-25 19:21:55,888 - INFO - 
📊 Métricas finais para IFAM:
2026-09-25 19:21:55,888 - INFO -    Total de queries testadas: 2
2026-09-25 19:21:55,888 - INFO -    Queries com sucesso: 0
2026-09-25 19:21:55,904 - INFO -    🔤 Filtrando 504 repositórios por idioma (português)...
2026-09-25 19:21:57,077 - INFO -    ✅ Filtro de idioma: 367/504 repositórios mantidos (72.8% em português)
2026-09-25 19:21:57,077 - INFO - ✅ IFAM: 367 repositórios em português
2026-09-25 19:21:57,077 - INFO -    Palavras-chave: estrutura, github, estrutura dados, sistema, dados, disciplina, campus, ifame, curso, ifam
2026-09-25 19:22:00,078 - INFO - 
============================================================
2026-09-25 19:22:00,078 - INFO - 🏛️  Processando IFAM - Campus Manaus Distrito Industrial
2026-09-25 19:22:00,078 - INFO - ============================================================
2026-09-25 19:22:00,078 - INFO - 
🔄 Iteração 1/3 para IFAM
2026-09-25 19:22:00,078 - INFO -   🔎 Testando: "ifam"
2026-09-25 19:22:15,679 - INFO -      ✅ 500 resultados (eficiência: 0.30)
2026-09-25 19:22:16,679 - INFO -   🔎 Testando: "campus manaus"
2026-09-25 19:22:17,227 - INFO -      ✅ 6 resultados (eficiência: 0.02)
2026-09-25 19:22:20,228 - INFO - 
🔄 Iteração 2/3 para IFAM
2026-09-25 19:22:20,228 - INFO -   ⚠️ Sem novas queries para testar
2026-09-25 19:22:20,228 - INFO - 
📊 Métricas finais para IFAM:
2026-09-25 19:22:20,228 - INFO -    Total de queries testadas: 2
2026-09-25 19:22:20,229 - INFO -    Queries com sucesso: 0
2026-09-25 19:22:20,248 - INFO -    🔤 Filtrando 504 repositórios por idioma (português)...
2026-09-25 19:22:21,429 - INFO -    ✅ Filtro de idioma: 367/504 repositórios mantidos (72.8% em português)
2026-09-25 19:22:21,429 - INFO - ✅ IFAM: 367 repositórios em português
2026-09-25 19:22:21,429 - INFO -    Palavras-chave: estrutura, github, estrutura dados, sistema, dados, disciplina, campus, ifame, curso, ifam
2026-09-25 19:22:24,430 - INFO - 
============================================================
2026-09-25 19:22:24,430 - INFO - 🏛️  Processando IFAM - Campus Coari
2026-09-25 19:22:24,430 - INFO - ============================================================
2026-09-25 19:22:24,430 - INFO - 
🔄 Iteração 1/3 para IFAM
2026-09-25 19:22:24,430 - INFO -   🔎 Testando: "ifam"
2026-09-25 19:22:40,838 - INFO -      ✅ 500 resultados (eficiência: 0.30)
2026-09-25 19:22:43,838 - INFO - 
🔄 Iteração 2/3 para IFAM
2026-09-25 19:22:43,838 - INFO -   ⚠️ Sem novas queries para testar
2026-09-25 19:22:43,838 - INFO - 
📊 Métricas finais para IFAM:
2026-09-25 19:22:43,839 - INFO -    Total de queries testadas: 1
2026-09-25 19:22:43,839 - INFO -    Queries com sucesso: 0
2026-09-25 19:22:43,858 - INFO -    🔤 Filtrando 500 repositórios por idioma (português)...
2026-09-25 19:22:45,035 - INFO -    ✅ Filtro de idioma: 363/500 repositórios mantidos (72.6% em português)
2026-09-25 19:22:45,035 - INFO - ✅ IFAM: 363 repositórios em português
2026-09-25 19:22:45,035 - INFO -    Palavras-chave: minicurso, estrutura, github, estrutura dados, dados, disciplina, ifame, curso, ifam, para
2026-09-25 19:22:48,036 - INFO - 
============================================================
2026-09-25 19:22:48,036 - INFO - 🏛️  Processando IFAM - Campus São Gabriel da Cachoeira
2026-09-25 19:22:48,036 - INFO - ============================================================
2026-09-25 19:22:48,036 - INFO - 
🔄 Iteração 1/3 para IFAM
2026-09-25 19:22:48,036 - INFO -   🔎 Testando: "ifam"
2026-09-25 19:23:03,672 - INFO -      ✅ 500 resultados (eficiência: 0.30)
2026-09-25 19:23:04,672 - INFO -   🔎 Testando: "campus são"
2026-09-25 19:23:20,205 - INFO -      ✅ 310 resultados (eficiência: 0.30)
2026-09-25 19:23:23,206 - INFO - 
🔄 Iteração 2/3 para IFAM
2026-09-25 19:23:23,206 - INFO -   ⚠️ Sem novas queries para testar
2026-09-25 19:23:23,206 - INFO - 
📊 Métricas finais para IFAM:
2026-09-25 19:23:23,207 - INFO -    Total de queries testadas: 2
2026-09-25 19:23:23,207 - INFO -    Queries com sucesso: 0
2026-09-25 19:23:23,231 - INFO -    🔤 Filtrando 810 repositórios por idioma (português)...
2026-09-25 19:23:24,794 - INFO -    ✅ Filtro de idioma: 669/810 repositórios mantidos (82.6% em português)
2026-09-25 19:23:24,794 - INFO - ✅ IFAM: 669 repositórios em português
2026-09-25 19:23:24,794 - INFO -    Palavras-chave: carlos, dados, sistemas, campus, federal, instituto, curso, para, ifam, ifsc
2026-09-25 19:23:27,794 - INFO - 
============================================================
2026-09-25 19:23:27,794 - INFO - 🏛️  Processando IFAM - Campus Presidente Figueiredo
2026-09-25 19:23:27,794 - INFO - ============================================================
2026-09-25 19:23:27,794 - INFO - 
🔄 Iteração 1/3 para IFAM
2026-09-25 19:23:27,794 - INFO -   🔎 Testando: "ifam"
2026-09-25 19:23:44,929 - INFO -      ✅ 500 resultados (eficiência: 0.30)
2026-09-25 19:23:45,929 - INFO -   🔎 Testando: "campus presidente"
2026-09-25 19:23:46,367 - INFO -      ✅ 2 resultados (eficiência: 0.01)
2026-09-25 19:23:49,367 - INFO - 
🔄 Iteração 2/3 para IFAM
2026-09-25 19:23:49,368 - INFO -   ⚠️ Sem novas queries para testar
2026-09-25 19:23:49,368 - INFO - 
📊 Métricas finais para IFAM:
2026-09-25 19:23:49,368 - INFO -    Total de queries testadas: 2
2026-09-25 19:23:49,368 - INFO -    Queries com sucesso: 0
2026-09-25 19:23:49,381 - INFO -    🔤 Filtrando 502 repositórios por idioma (português)...
2026-09-25 19:23:50,538 - INFO -    ✅ Filtro de idioma: 365/502 repositórios mantidos (72.7% em português)
2026-09-25 19:23:50,538 - INFO - ✅ IFAM: 365 repositórios em português
2026-09-25 19:23:50,538 - INFO -    Palavras-chave: minicurso, estrutura, github, estrutura dados, dados, disciplina, ifame, curso, ifam, para
2026-09-25 19:23:53,539 - INFO - 
============================================================
2026-09-25 19:23:53,539 - INFO - 🏛️  Processando IFAM - Campus Lábrea
2026-09-25 19:23:53,539 - INFO - ============================================================
2026-09-25 19:23:53,539 - INFO - 
🔄 Iteração 1/3 para IFAM
2026-09-25 19:23:53,539 - INFO -   🔎 Testando: "ifam"
2026-09-25 19:24:09,335 - INFO -      ✅ 500 resultados (eficiência: 0.30)
2026-09-25 19:24:12,336 - INFO - 
🔄 Iteração 2/3 para IFAM
2026-09-25 19:24:12,336 - INFO -   ⚠️ Sem novas queries para testar
2026-09-25 19:24:12,337 - INFO - 
📊 Métricas finais para IFAM:
2026-09-25 19:24:12,337 - INFO -    Total de queries testadas: 1
2026-09-25 19:24:12,337 - INFO -    Queries com sucesso: 0
2026-09-25 19:24:12,356 - INFO -    🔤 Filtrando 500 repositórios por idioma (português)...
2026-09-25 19:24:13,548 - INFO -    ✅ Filtro de idioma: 363/500 repositórios mantidos (72.6% em português)
2026-09-25 19:24:13,548 - INFO - ✅ IFAM: 363 repositórios em português
2026-09-25 19:24:13,548 - INFO -    Palavras-chave: minicurso, estrutura, github, estrutura dados, dados, disciplina, ifame, curso, ifam, para
2026-09-25 19:24:16,548 - INFO - 
============================================================
2026-09-25 19:24:16,548 - INFO - 🏛️  Processando IFAM - Campus Maués
2026-09-25 19:24:16,548 - INFO - ============================================================
2026-09-25 19:24:16,548 - INFO - 
🔄 Iteração 1/3 para IFAM
2026-09-25 19:24:16,548 - INFO -   🔎 Testando: "ifam"
2026-09-25 19:24:32,491 - INFO -      ✅ 500 resultados (eficiência: 0.30)
2026-09-25 19:24:35,492 - INFO - 
🔄 Iteração 2/3 para IFAM
2026-09-25 19:24:35,492 - INFO -   ⚠️ Sem novas queries para testar
2026-09-25 19:24:35,492 - INFO - 
📊 Métricas finais para IFAM:
2026-09-25 19:24:35,492 - INFO -    Total de queries testadas: 1
2026-09-25 19:24:35,492 - INFO -    Queries com sucesso: 0
2026-09-25 19:24:35,505 - INFO -    🔤 Filtrando 500 repositórios por idioma (português)...
2026-09-25 19:24:36,638 - INFO -    ✅ Filtro de idioma: 363/500 repositórios mantidos (72.6% em português)
2026-09-25 19:24:36,638 - INFO - ✅ IFAM: 363 repositórios em português
2026-09-25 19:24:36,638 - INFO -    Palavras-chave: minicurso, estrutura, github, estrutura dados, dados, disciplina, ifame, curso, ifam, para
2026-09-25 19:24:39,638 - INFO - 
============================================================
2026-09-25 19:24:39,638 - INFO - 🏛️  Processando IFAM - Campus Tabatinga
2026-09-25 19:24:39,638 - INFO - ============================================================
2026-09-25 19:24:39,639 - INFO - 
🔄 Iteração 1/3 para IFAM
2026-09-25 19:24:39,639 - INFO -   🔎 Testando: "ifam"
2026-09-25 19:24:54,469 - INFO -      ✅ 500 resultados (eficiência: 0.30)
2026-09-25 19:24:57,469 - INFO - 
🔄 Iteração 2/3 para IFAM
2026-09-25 19:24:57,469 - INFO -   ⚠️ Sem novas queries para testar
2026-09-25 19:24:57,470 - INFO - 
📊 Métricas finais para IFAM:
2026-09-25 19:24:57,470 - INFO -    Total de queries testadas: 1
2026-09-25 19:24:57,470 - INFO -    Queries com sucesso: 0
2026-09-25 19:24:57,489 - INFO -    🔤 Filtrando 500 repositórios por idioma (português)...
2026-09-25 19:24:58,647 - INFO -    ✅ Filtro de idioma: 363/500 repositórios mantidos (72.6% em português)
2026-09-25 19:24:58,647 - INFO - ✅ IFAM: 363 repositórios em português
2026-09-25 19:24:58,647 - INFO -    Palavras-chave: minicurso, estrutura, github, estrutura dados, dados, disciplina, ifame, curso, ifam, para
2026-09-25 19:25:01,647 - INFO - 
============================================================
2026-09-25 19:25:01,647 - INFO - 🏛️  Processando IFAM - Campus Parintins
2026-09-25 19:25:01,647 - INFO - ============================================================
2026-09-25 19:25:01,647 - INFO - 
🔄 Iteração 1/3 para IFAM
2026-09-25 19:25:01,647 - INFO -   🔎 Testando: "ifam"
2026-09-25 19:25:18,044 - INFO -      ✅ 500 resultados (eficiência: 0.30)
2026-09-25 19:25:21,044 - INFO - 
🔄 Iteração 2/3 para IFAM
2026-09-25 19:25:21,044 - INFO -   ⚠️ Sem novas queries para testar
2026-09-25 19:25:21,044 - INFO - 
📊 Métricas finais para IFAM:
2026-09-25 19:25:21,045 - INFO -    Total de queries testadas: 1
2026-09-25 19:25:21,045 - INFO -    Queries com sucesso: 0
2026-09-25 19:25:21,058 - INFO -    🔤 Filtrando 500 repositórios por idioma (português)...
2026-09-25 19:25:22,190 - INFO -    ✅ Filtro de idioma: 363/500 repositórios mantidos (72.6% em português)
2026-09-25 19:25:22,190 - INFO - ✅ IFAM: 363 repositórios em português
2026-09-25 19:25:22,190 - INFO -    Palavras-chave: minicurso, estrutura, github, estrutura dados, dados, disciplina, ifame, curso, ifam, para
2026-09-25 19:25:25,191 - INFO - 
============================================================
2026-09-25 19:25:25,191 - INFO - 🏛️  Processando IFAM - Campus Agrotécnico de Manaus
2026-09-25 19:25:25,191 - INFO - ============================================================
2026-09-25 19:25:25,191 - INFO - 
🔄 Iteração 1/3 para IFAM
2026-09-25 19:25:25,191 - INFO -   🔎 Testando: "campus agrotécnico"
2026-09-25 19:25:25,579 - INFO -      ✅ 0 resultados (eficiência: 0.00)
2026-09-25 19:25:26,580 - INFO -   🔎 Testando: "ifam"
2026-09-25 19:25:42,034 - INFO -      ✅ 500 resultados (eficiência: 0.30)
2026-09-25 19:25:45,035 - INFO - 
🔄 Iteração 2/3 para IFAM
2026-09-25 19:25:45,035 - INFO -   ⚠️ Sem novas queries para testar
2026-09-25 19:25:45,035 - INFO - 
📊 Métricas finais para IFAM:
2026-09-25 19:25:45,035 - INFO -    Total de queries testadas: 2
2026-09-25 19:25:45,035 - INFO -    Queries com sucesso: 0
2026-09-25 19:25:45,054 - INFO -    🔤 Filtrando 500 repositórios por idioma (português)...
2026-09-25 19:25:46,188 - INFO -    ✅ Filtro de idioma: 363/500 repositórios mantidos (72.6% em português)
2026-09-25 19:25:46,188 - INFO - ✅ IFAM: 363 repositórios em português
2026-09-25 19:25:46,188 - INFO -    Palavras-chave: minicurso, estrutura, github, estrutura dados, dados, disciplina, ifame, curso, ifam, para
2026-09-25 19:25:49,188 - INFO - 
============================================================
2026-09-25 19:25:49,188 - INFO - 🏛️  Processando IFAM - Campus Distrito Industrial
2026-09-25 19:25:49,189 - INFO - ============================================================
2026-09-25 19:25:49,189 - INFO - 
🔄 Iteração 1/3 para IFAM
2026-09-25 19:25:49,189 - INFO -   🔎 Testando: "ifam"
2026-09-25 19:26:05,316 - INFO -      ✅ 500 resultados (eficiência: 0.30)
2026-09-25 19:26:06,316 - INFO -   🔎 Testando: "campus distrito"
2026-09-25 19:26:06,858 - INFO -      ✅ 0 resultados (eficiência: 0.00)
2026-09-25 19:26:09,858 - INFO - 
🔄 Iteração 2/3 para IFAM
2026-09-25 19:26:09,858 - INFO -   ⚠️ Sem novas queries para testar
2026-09-25 19:26:09,859 - INFO - 
📊 Métricas finais para IFAM:
2026-09-25 19:26:09,859 - INFO -    Total de queries testadas: 2
2026-09-25 19:26:09,859 - INFO -    Queries com sucesso: 0
2026-09-25 19:26:09,878 - INFO -    🔤 Filtrando 500 repositórios por idioma (português)...
2026-09-25 19:26:11,056 - INFO -    ✅ Filtro de idioma: 363/500 repositórios mantidos (72.6% em português)
2026-09-25 19:26:11,056 - INFO - ✅ IFAM: 363 repositórios em português
2026-09-25 19:26:11,056 - INFO -    Palavras-chave: minicurso, estrutura, github, estrutura dados, dados, disciplina, ifame, curso, ifam, para
2026-09-25 19:26:14,056 - INFO - 
============================================================
2026-09-25 19:26:14,057 - INFO - 🏛️  Processando IFAM - Campus Boca do Acre
2026-09-25 19:26:14,057 - INFO - ============================================================
2026-09-25 19:26:14,057 - INFO - 
🔄 Iteração 1/3 para IFAM
2026-09-25 19:26:14,057 - INFO -   🔎 Testando: "campus boca"
2026-09-25 19:26:14,535 - INFO -      ✅ 1 resultados (eficiência: 0.00)
2026-09-25 19:26:15,536 - INFO -   🔎 Testando: "ifam"
2026-09-25 19:26:31,672 - INFO -      ✅ 500 resultados (eficiência: 0.30)
2026-09-25 19:26:34,672 - INFO - 
🔄 Iteração 2/3 para IFAM
2026-09-25 19:26:34,672 - INFO -   ⚠️ Sem novas queries para testar
2026-09-25 19:26:34,672 - INFO - 
📊 Métricas finais para IFAM:
2026-09-25 19:26:34,673 - INFO -    Total de queries testadas: 2
2026-09-25 19:26:34,673 - INFO -    Queries com sucesso: 0
2026-09-25 19:26:34,695 - INFO -    🔤 Filtrando 501 repositórios por idioma (português)...
2026-09-25 19:26:35,834 - INFO -    ✅ Filtro de idioma: 363/501 repositórios mantidos (72.5% em português)
2026-09-25 19:26:35,834 - INFO - ✅ IFAM: 363 repositórios em português
2026-09-25 19:26:35,834 - INFO -    Palavras-chave: minicurso, estrutura, github, estrutura dados, dados, disciplina, ifame, curso, ifam, para
2026-09-25 19:26:38,835 - INFO - 
============================================================
2026-09-25 19:26:38,835 - INFO - 🏛️  Processando IFAM - Campus Borba
2026-09-25 19:26:38,835 - INFO - ============================================================
2026-09-25 19:26:38,835 - INFO - 
🔄 Iteração 1/3 para IFAM
2026-09-25 19:26:38,835 - INFO -   🔎 Testando: "ifam"
2026-09-25 19:26:55,033 - INFO -      ✅ 500 resultados (eficiência: 0.30)
2026-09-25 19:26:58,034 - INFO - 
🔄 Iteração 2/3 para IFAM
2026-09-25 19:26:58,034 - INFO -   ⚠️ Sem novas queries para testar
2026-09-25 19:26:58,034 - INFO - 
📊 Métricas finais para IFAM:
2026-09-25 19:26:58,034 - INFO -    Total de queries testadas: 1
2026-09-25 19:26:58,034 - INFO -    Queries com sucesso: 0
2026-09-25 19:26:58,055 - INFO -    🔤 Filtrando 500 repositórios por idioma (português)...
2026-09-25 19:26:59,213 - INFO -    ✅ Filtro de idioma: 363/500 repositórios mantidos (72.6% em português)
2026-09-25 19:26:59,213 - INFO - ✅ IFAM: 363 repositórios em português
2026-09-25 19:26:59,213 - INFO -    Palavras-chave: minicurso, estrutura, github, estrutura dados, dados, disciplina, ifame, curso, ifam, para
2026-09-25 19:27:02,213 - INFO - 
============================================================
2026-09-25 19:27:02,214 - INFO - 🏛️  Processando IFAM - Campus Carauari
2026-09-25 19:27:02,214 - INFO - ============================================================
2026-09-25 19:27:02,214 - INFO - 
🔄 Iteração 1/3 para IFAM
2026-09-25 19:27:02,214 - INFO -   🔎 Testando: "ifam"
2026-09-25 19:27:18,029 - INFO -      ✅ 500 resultados (eficiência: 0.30)
2026-09-25 19:27:21,029 - INFO - 
🔄 Iteração 2/3 para IFAM
2026-09-25 19:27:21,029 - INFO -   ⚠️ Sem novas queries para testar
2026-09-25 19:27:21,030 - INFO - 
📊 Métricas finais para IFAM:
2026-09-25 19:27:21,030 - INFO -    Total de queries testadas: 1
2026-09-25 19:27:21,030 - INFO -    Queries com sucesso: 0
2026-09-25 19:27:21,049 - INFO -    🔤 Filtrando 500 repositórios por idioma (português)...
2026-09-25 19:27:22,213 - INFO -    ✅ Filtro de idioma: 363/500 repositórios mantidos (72.6% em português)
2026-09-25 19:27:22,213 - INFO - ✅ IFAM: 363 repositórios em português
2026-09-25 19:27:22,213 - INFO -    Palavras-chave: minicurso, estrutura, github, estrutura dados, dados, disciplina, ifame, curso, ifam, para
2026-09-25 19:27:25,213 - INFO - 
============================================================
2026-09-25 19:27:25,214 - INFO - 🏛️  Processando IFAM - Campus Careiro
2026-09-25 19:27:25,214 - INFO - ============================================================
2026-09-25 19:27:25,214 - INFO - 
🔄 Iteração 1/3 para IFAM
2026-09-25 19:27:25,214 - INFO -   🔎 Testando: "ifam"
2026-09-25 19:27:40,303 - INFO -      ✅ 500 resultados (eficiência: 0.30)
2026-09-25 19:27:43,303 - INFO - 
🔄 Iteração 2/3 para IFAM
2026-09-25 19:27:43,304 - INFO -   ⚠️ Sem novas queries para testar
2026-09-25 19:27:43,304 - INFO - 
📊 Métricas finais para IFAM:
2026-09-25 19:27:43,304 - INFO -    Total de queries testadas: 1
2026-09-25 19:27:43,304 - INFO -    Queries com sucesso: 0
2026-09-25 19:27:43,313 - INFO -    🔤 Filtrando 500 repositórios por idioma (português)...
2026-09-25 19:27:44,461 - INFO -    ✅ Filtro de idioma: 363/500 repositórios mantidos (72.6% em português)
2026-09-25 19:27:44,461 - INFO - ✅ IFAM: 363 repositórios em português
2026-09-25 19:27:44,461 - INFO -    Palavras-chave: minicurso, estrutura, github, estrutura dados, dados, disciplina, ifame, curso, ifam, para
2026-09-25 19:27:47,461 - INFO - 
============================================================
2026-09-25 19:27:47,461 - INFO - 🏛️  Processando IFAM - Campus Eirunepé
2026-09-25 19:27:47,461 - INFO - ============================================================
2026-09-25 19:27:47,461 - INFO - 
🔄 Iteração 1/3 para IFAM
2026-09-25 19:27:47,461 - INFO -   🔎 Testando: "ifam"
2026-09-25 19:28:02,914 - INFO -      ✅ 500 resultados (eficiência: 0.30)
2026-09-25 19:28:05,914 - INFO - 
🔄 Iteração 2/3 para IFAM
2026-09-25 19:28:05,914 - INFO -   ⚠️ Sem novas queries para testar
2026-09-25 19:28:05,915 - INFO - 
📊 Métricas finais para IFAM:
2026-09-25 19:28:05,915 - INFO -    Total de queries testadas: 1
2026-09-25 19:28:05,915 - INFO -    Queries com sucesso: 0
2026-09-25 19:28:05,934 - INFO -    🔤 Filtrando 500 repositórios por idioma (português)...
2026-09-25 19:28:07,102 - INFO -    ✅ Filtro de idioma: 363/500 repositórios mantidos (72.6% em português)
2026-09-25 19:28:07,102 - INFO - ✅ IFAM: 363 repositórios em português
2026-09-25 19:28:07,102 - INFO -    Palavras-chave: minicurso, estrutura, github, estrutura dados, dados, disciplina, ifame, curso, ifam, para
2026-09-25 19:28:10,102 - INFO - 
============================================================
2026-09-25 19:28:10,102 - INFO - 🏛️  Processando IFAM - Campus Humaitá
2026-09-25 19:28:10,102 - INFO - ============================================================
2026-09-25 19:28:10,103 - INFO - 
🔄 Iteração 1/3 para IFAM
2026-09-25 19:28:10,103 - INFO -   🔎 Testando: "ifam"
2026-09-25 19:28:25,662 - INFO -      ✅ 500 resultados (eficiência: 0.30)
2026-09-25 19:28:28,662 - INFO - 
🔄 Iteração 2/3 para IFAM
2026-09-25 19:28:28,662 - INFO -   ⚠️ Sem novas queries para testar
2026-09-25 19:28:28,663 - INFO - 
📊 Métricas finais para IFAM:
2026-09-25 19:28:28,663 - INFO -    Total de queries testadas: 1
2026-09-25 19:28:28,663 - INFO -    Queries com sucesso: 0
2026-09-25 19:28:28,683 - INFO -    🔤 Filtrando 500 repositórios por idioma (português)...
2026-09-25 19:28:29,826 - INFO -    ✅ Filtro de idioma: 363/500 repositórios mantidos (72.6% em português)
2026-09-25 19:28:29,826 - INFO - ✅ IFAM: 363 repositórios em português
2026-09-25 19:28:29,826 - INFO -    Palavras-chave: minicurso, estrutura, github, estrutura dados, dados, disciplina, ifame, curso, ifam, para
2026-09-25 19:28:32,827 - INFO - 
============================================================
2026-09-25 19:28:32,827 - INFO - 🏛️  Processando IFAM - Campus Iranduba
2026-09-25 19:28:32,827 - INFO - ============================================================
2026-09-25 19:28:32,827 - INFO - 
🔄 Iteração 1/3 para IFAM
2026-09-25 19:28:32,827 - INFO -   🔎 Testando: "ifam"
2026-09-25 19:28:49,804 - INFO -      ✅ 500 resultados (eficiência: 0.30)
2026-09-25 19:28:52,804 - INFO - 
🔄 Iteração 2/3 para IFAM
2026-09-25 19:28:52,804 - INFO -   ⚠️ Sem novas queries para testar
2026-09-25 19:28:52,805 - INFO - 
📊 Métricas finais para IFAM:
2026-09-25 19:28:52,805 - INFO -    Total de queries testadas: 1
2026-09-25 19:28:52,805 - INFO -    Queries com sucesso: 0
2026-09-25 19:28:52,824 - INFO -    🔤 Filtrando 500 repositórios por idioma (português)...
2026-09-25 19:28:53,966 - INFO -    ✅ Filtro de idioma: 363/500 repositórios mantidos (72.6% em português)
2026-09-25 19:28:53,966 - INFO - ✅ IFAM: 363 repositórios em português
2026-09-25 19:28:53,966 - INFO -    Palavras-chave: minicurso, estrutura, github, estrutura dados, dados, disciplina, ifame, curso, ifam, para
2026-09-25 19:28:56,967 - INFO - 
============================================================
2026-09-25 19:28:56,967 - INFO - 🏛️  Processando IFAM - Campus Itacoatiara
2026-09-25 19:28:56,967 - INFO - ============================================================
2026-09-25 19:28:56,967 - INFO - 
🔄 Iteração 1/3 para IFAM
2026-09-25 19:28:56,967 - INFO -   🔎 Testando: "ifam"
2026-09-25 19:29:12,606 - INFO -      ✅ 500 resultados (eficiência: 0.30)
2026-09-25 19:29:15,607 - INFO - 
🔄 Iteração 2/3 para IFAM
2026-09-25 19:29:15,607 - INFO -   ⚠️ Sem novas queries para testar
2026-09-25 19:29:15,607 - INFO - 
📊 Métricas finais para IFAM:
2026-09-25 19:29:15,607 - INFO -    Total de queries testadas: 1
2026-09-25 19:29:15,607 - INFO -    Queries com sucesso: 0
2026-09-25 19:29:15,616 - INFO -    🔤 Filtrando 500 repositórios por idioma (português)...
2026-09-25 19:29:16,755 - INFO -    ✅ Filtro de idioma: 363/500 repositórios mantidos (72.6% em português)
2026-09-25 19:29:16,755 - INFO - ✅ IFAM: 363 repositórios em português
2026-09-25 19:29:16,755 - INFO -    Palavras-chave: minicurso, estrutura, github, estrutura dados, dados, disciplina, ifame, curso, ifam, para
2026-09-25 19:29:19,756 - INFO - 
============================================================
2026-09-25 19:29:19,756 - INFO - 🏛️  Processando IFAM - Campus Manacapuru
2026-09-25 19:29:19,756 - INFO - ============================================================
2026-09-25 19:29:19,756 - INFO - 
🔄 Iteração 1/3 para IFAM
2026-09-25 19:29:19,756 - INFO -   🔎 Testando: "ifam"
2026-09-25 19:29:34,088 - INFO -      ✅ 500 resultados (eficiência: 0.30)
2026-09-25 19:29:37,088 - INFO - 
🔄 Iteração 2/3 para IFAM
2026-09-25 19:29:37,088 - INFO -   ⚠️ Sem novas queries para testar
2026-09-25 19:29:37,089 - INFO - 
📊 Métricas finais para IFAM:
2026-09-25 19:29:37,089 - INFO -    Total de queries testadas: 1
2026-09-25 19:29:37,089 - INFO -    Queries com sucesso: 0
2026-09-25 19:29:37,113 - INFO -    🔤 Filtrando 500 repositórios por idioma (português)...
2026-09-25 19:29:38,305 - INFO -    ✅ Filtro de idioma: 363/500 repositórios mantidos (72.6% em português)
2026-09-25 19:29:38,305 - INFO - ✅ IFAM: 363 repositórios em português
2026-09-25 19:29:38,305 - INFO -    Palavras-chave: minicurso, estrutura, github, estrutura dados, dados, disciplina, ifame, curso, ifam, para
2026-09-25 19:29:41,306 - INFO - 
============================================================
2026-09-25 19:29:41,306 - INFO - 🏛️  Processando IFAM - Campus Novo Aripuanã
2026-09-25 19:29:41,306 - INFO - ============================================================
2026-09-25 19:29:41,306 - INFO - 
🔄 Iteração 1/3 para IFAM
2026-09-25 19:29:41,306 - INFO -   🔎 Testando: "ifam"
2026-09-25 19:29:56,806 - INFO -      ✅ 500 resultados (eficiência: 0.30)
2026-09-25 19:29:57,807 - INFO -   🔎 Testando: "campus novo"
2026-09-25 19:29:58,187 - INFO -      ✅ 0 resultados (eficiência: 0.00)
2026-09-25 19:30:01,187 - INFO - 
🔄 Iteração 2/3 para IFAM
2026-09-25 19:30:01,188 - INFO -   ⚠️ Sem novas queries para testar
2026-09-25 19:30:01,188 - INFO - 
📊 Métricas finais para IFAM:
2026-09-25 19:30:01,188 - INFO -    Total de queries testadas: 2
2026-09-25 19:30:01,188 - INFO -    Queries com sucesso: 0
2026-09-25 19:30:01,208 - INFO -    🔤 Filtrando 500 repositórios por idioma (português)...
2026-09-25 19:30:02,344 - INFO -    ✅ Filtro de idioma: 363/500 repositórios mantidos (72.6% em português)
2026-09-25 19:30:02,344 - INFO - ✅ IFAM: 363 repositórios em português
2026-09-25 19:30:02,344 - INFO -    Palavras-chave: minicurso, estrutura, github, estrutura dados, dados, disciplina, ifame, curso, ifam, para
2026-09-25 19:30:05,344 - INFO - 
============================================================
2026-09-25 19:30:05,345 - INFO - 🏛️  Processando IFAM - Campus Rio Preto da Eva
2026-09-25 19:30:05,345 - INFO - ============================================================
2026-09-25 19:30:05,345 - INFO - 
🔄 Iteração 1/3 para IFAM
2026-09-25 19:30:05,345 - INFO -   🔎 Testando: "ifam"
2026-09-25 19:30:21,084 - INFO -      ✅ 500 resultados (eficiência: 0.30)
2026-09-25 19:30:22,084 - INFO -   🔎 Testando: "campus rio"
2026-09-25 19:30:27,337 - INFO -      ✅ 145 resultados (eficiência: 0.30)
2026-09-25 19:30:30,337 - INFO - 
🔄 Iteração 2/3 para IFAM
2026-09-25 19:30:30,337 - INFO -   ⚠️ Sem novas queries para testar
2026-09-25 19:30:30,338 - INFO - 
📊 Métricas finais para IFAM:
2026-09-25 19:30:30,338 - INFO -    Total de queries testadas: 2
2026-09-25 19:30:30,338 - INFO -    Queries com sucesso: 0
2026-09-25 19:30:30,355 - INFO -    🔤 Filtrando 645 repositórios por idioma (português)...
2026-09-25 19:30:31,862 - INFO -    ✅ Filtro de idioma: 504/645 repositórios mantidos (78.1% em português)
2026-09-25 19:30:31,863 - INFO - ✅ IFAM: 504 repositórios em português
2026-09-25 19:30:31,863 - INFO -    Palavras-chave: estrutura, dados, campus, federal, universidade, curso, para, ifam, ifame, ifrs
2026-09-25 19:30:34,863 - INFO - 
============================================================
2026-09-25 19:30:34,863 - INFO - 🏛️  Processando IFAM - Campus Tefé
2026-09-25 19:30:34,863 - INFO - ============================================================
2026-09-25 19:30:34,863 - INFO - 
🔄 Iteração 1/3 para IFAM
2026-09-25 19:30:34,863 - INFO -   🔎 Testando: "ifam"
2026-09-25 19:30:50,533 - INFO -      ✅ 500 resultados (eficiência: 0.30)
2026-09-25 19:30:53,534 - INFO - 
🔄 Iteração 2/3 para IFAM
2026-09-25 19:30:53,534 - INFO -   ⚠️ Sem novas queries para testar
2026-09-25 19:30:53,534 - INFO - 
📊 Métricas finais para IFAM:
2026-09-25 19:30:53,534 - INFO -    Total de queries testadas: 1
2026-09-25 19:30:53,535 - INFO -    Queries com sucesso: 0
2026-09-25 19:30:53,553 - INFO -    🔤 Filtrando 500 repositórios por idioma (português)...
2026-09-25 19:30:54,742 - INFO -    ✅ Filtro de idioma: 363/500 repositórios mantidos (72.6% em português)
2026-09-25 19:30:54,742 - INFO - ✅ IFAM: 363 repositórios em português
2026-09-25 19:30:54,742 - INFO -    Palavras-chave: minicurso, estrutura, github, estrutura dados, dados, disciplina, ifame, curso, ifam, para
2026-09-25 19:30:57,743 - INFO - 
============================================================
2026-09-25 19:30:57,743 - INFO - 🏛️  Processando IFAP - Campus Macapá
2026-09-25 19:30:57,743 - INFO - ============================================================
2026-09-25 19:30:57,743 - INFO - 
🔄 Iteração 1/3 para IFAP
2026-09-25 19:30:57,743 - INFO -   🔎 Testando: "ifap"
2026-09-25 19:31:04,066 - INFO -      ✅ 191 resultados (eficiência: 0.30)
2026-09-25 19:31:07,066 - INFO - 
🔄 Iteração 2/3 para IFAP
2026-09-25 19:31:07,067 - INFO -   ⚠️ Sem novas queries para testar
2026-09-25 19:31:07,067 - INFO - 
📊 Métricas finais para IFAP:
2026-09-25 19:31:07,067 - INFO -    Total de queries testadas: 1
2026-09-25 19:31:07,067 - INFO -    Queries com sucesso: 0
2026-09-25 19:31:07,078 - INFO -    🔤 Filtrando 191 repositórios por idioma (português)...
2026-09-25 19:31:07,527 - INFO -    ✅ Filtro de idioma: 122/191 repositórios mantidos (63.9% em português)
2026-09-25 19:31:07,527 - INFO - ✅ IFAP: 122 repositórios em português
2026-09-25 19:31:07,527 - INFO -    Palavras-chave: ifapme, ifapp, ifapi, github, content, repository, app, para, site, ifap
2026-09-25 19:31:10,527 - INFO - 
============================================================
2026-09-25 19:31:10,527 - INFO - 🏛️  Processando IFAP - Campus Laranjal do Jari
2026-09-25 19:31:10,527 - INFO - ============================================================
2026-09-25 19:31:10,528 - INFO - 
🔄 Iteração 1/3 para IFAP
2026-09-25 19:31:10,528 - INFO -   🔎 Testando: "campus laranjal"
2026-09-25 19:31:10,932 - INFO -      ✅ 0 resultados (eficiência: 0.00)
2026-09-25 19:31:11,932 - INFO -   🔎 Testando: "ifap"
2026-09-25 19:31:17,086 - INFO -      ✅ 191 resultados (eficiência: 0.30)
2026-09-25 19:31:20,086 - INFO - 
🔄 Iteração 2/3 para IFAP
2026-09-25 19:31:20,087 - INFO -   ⚠️ Sem novas queries para testar
2026-09-25 19:31:20,087 - INFO - 
📊 Métricas finais para IFAP:
2026-09-25 19:31:20,087 - INFO -    Total de queries testadas: 2
2026-09-25 19:31:20,087 - INFO -    Queries com sucesso: 0
2026-09-25 19:31:20,097 - INFO -    🔤 Filtrando 191 repositórios por idioma (português)...
2026-09-25 19:31:20,551 - INFO -    ✅ Filtro de idioma: 122/191 repositórios mantidos (63.9% em português)
2026-09-25 19:31:20,551 - INFO - ✅ IFAP: 122 repositórios em português
2026-09-25 19:31:20,551 - INFO -    Palavras-chave: ifapme, ifapp, ifapi, github, content, repository, app, para, site, ifap
2026-09-25 19:31:23,551 - INFO - 
============================================================
2026-09-25 19:31:23,552 - INFO - 🏛️  Processando IFAP - Campus Oiapoque
2026-09-25 19:31:23,552 - INFO - ============================================================
2026-09-25 19:31:23,552 - INFO - 
🔄 Iteração 1/3 para IFAP
2026-09-25 19:31:23,552 - INFO -   🔎 Testando: "ifap"
2026-09-25 19:31:28,879 - INFO -      ✅ 191 resultados (eficiência: 0.30)
2026-09-25 19:31:31,880 - INFO - 
🔄 Iteração 2/3 para IFAP
2026-09-25 19:31:31,880 - INFO -   ⚠️ Sem novas queries para testar
2026-09-25 19:31:31,880 - INFO - 
📊 Métricas finais para IFAP:
2026-09-25 19:31:31,880 - INFO -    Total de queries testadas: 1
2026-09-25 19:31:31,880 - INFO -    Queries com sucesso: 0
2026-09-25 19:31:31,889 - INFO -    🔤 Filtrando 191 repositórios por idioma (português)...
2026-09-25 19:31:32,348 - INFO -    ✅ Filtro de idioma: 122/191 repositórios mantidos (63.9% em português)
2026-09-25 19:31:32,348 - INFO - ✅ IFAP: 122 repositórios em português
2026-09-25 19:31:32,348 - INFO -    Palavras-chave: ifapme, ifapp, ifapi, github, content, repository, app, para, site, ifap
2026-09-25 19:31:35,348 - INFO - 
============================================================
2026-09-25 19:31:35,349 - INFO - 🏛️  Processando IFAP - Campus Porto Grande
2026-09-25 19:31:35,349 - INFO - ============================================================
2026-09-25 19:31:35,349 - INFO - 
🔄 Iteração 1/3 para IFAP
2026-09-25 19:31:35,349 - INFO -   🔎 Testando: "campus porto"
2026-09-25 19:31:36,992 - INFO -      ✅ 34 resultados (eficiência: 0.10)
2026-09-25 19:31:37,992 - INFO -   🔎 Testando: "ifap"
2026-09-25 19:31:43,998 - INFO -      ✅ 191 resultados (eficiência: 0.30)
2026-09-25 19:31:46,998 - INFO - 
🔄 Iteração 2/3 para IFAP
2026-09-25 19:31:46,998 - INFO -   ⚠️ Sem novas queries para testar
2026-09-25 19:31:46,998 - INFO - 
📊 Métricas finais para IFAP:
2026-09-25 19:31:46,999 - INFO -    Total de queries testadas: 2
2026-09-25 19:31:46,999 - INFO -    Queries com sucesso: 0
2026-09-25 19:31:47,010 - INFO -    🔤 Filtrando 225 repositórios por idioma (português)...
2026-09-25 19:31:47,532 - INFO -    ✅ Filtro de idioma: 155/225 repositórios mantidos (68.9% em português)
2026-09-25 19:31:47,532 - INFO - ✅ IFAP: 155 repositórios em português
2026-09-25 19:31:47,532 - INFO -    Palavras-chave: ifapme, ifapp, velho, sistema, campus, curso, para, site, ifap, ifrs
2026-09-25 19:31:50,532 - INFO - 
============================================================
2026-09-25 19:31:50,532 - INFO - 🏛️  Processando IFAP - Campus Santana
2026-09-25 19:31:50,533 - INFO - ============================================================
2026-09-25 19:31:50,533 - INFO - 
🔄 Iteração 1/3 para IFAP
2026-09-25 19:31:50,533 - INFO -   🔎 Testando: "ifap"
2026-09-25 19:31:55,234 - INFO -      ✅ 191 resultados (eficiência: 0.30)
2026-09-25 19:31:58,234 - INFO - 
🔄 Iteração 2/3 para IFAP
2026-09-25 19:31:58,234 - INFO -   ⚠️ Sem novas queries para testar
2026-09-25 19:31:58,234 - INFO - 
📊 Métricas finais para IFAP:
2026-09-25 19:31:58,234 - INFO -    Total de queries testadas: 1
2026-09-25 19:31:58,235 - INFO -    Queries com sucesso: 0
2026-09-25 19:31:58,249 - INFO -    🔤 Filtrando 191 repositórios por idioma (português)...
2026-09-25 19:31:58,712 - INFO -    ✅ Filtro de idioma: 122/191 repositórios mantidos (63.9% em português)
2026-09-25 19:31:58,712 - INFO - ✅ IFAP: 122 repositórios em português
2026-09-25 19:31:58,712 - INFO -    Palavras-chave: ifapme, ifapp, ifapi, github, content, repository, app, para, site, ifap
2026-09-25 19:32:01,713 - INFO - 
============================================================
2026-09-25 19:32:01,714 - INFO - 🏛️  Processando IFAP - Campus Tartarugalzinho
2026-09-25 19:32:01,714 - INFO - ============================================================
2026-09-25 19:32:01,714 - INFO - 
🔄 Iteração 1/3 para IFAP
2026-09-25 19:32:01,714 - INFO -   🔎 Testando: "ifap"
2026-09-25 19:32:07,428 - INFO -      ✅ 191 resultados (eficiência: 0.30)
2026-09-25 19:32:10,429 - INFO - 
🔄 Iteração 2/3 para IFAP
2026-09-25 19:32:10,429 - INFO -   ⚠️ Sem novas queries para testar
2026-09-25 19:32:10,429 - INFO - 
📊 Métricas finais para IFAP:
2026-09-25 19:32:10,429 - INFO -    Total de queries testadas: 1
2026-09-25 19:32:10,429 - INFO -    Queries com sucesso: 0
2026-09-25 19:32:10,437 - INFO -    🔤 Filtrando 191 repositórios por idioma (português)...
2026-09-25 19:32:10,913 - INFO -    ✅ Filtro de idioma: 122/191 repositórios mantidos (63.9% em português)
2026-09-25 19:32:10,913 - INFO - ✅ IFAP: 122 repositórios em português
2026-09-25 19:32:10,914 - INFO -    Palavras-chave: ifapme, ifapp, ifapi, github, content, repository, app, para, site, ifap
2026-09-25 19:32:13,914 - INFO - 
============================================================
2026-09-25 19:32:13,914 - INFO - 🏛️  Processando IFAP - Campus Vitória do Jari
2026-09-25 19:32:13,914 - INFO - ============================================================
2026-09-25 19:32:13,914 - INFO - 
🔄 Iteração 1/3 para IFAP
2026-09-25 19:32:13,914 - INFO -   🔎 Testando: "ifap"
2026-09-25 19:32:18,562 - INFO -      ✅ 191 resultados (eficiência: 0.30)
2026-09-25 19:32:19,563 - INFO -   🔎 Testando: "campus vitória"
2026-09-25 19:32:21,712 - INFO -      ✅ 39 resultados (eficiência: 0.12)
2026-09-25 19:32:24,713 - INFO - 
🔄 Iteração 2/3 para IFAP
2026-09-25 19:32:24,713 - INFO -   ⚠️ Sem novas queries para testar
2026-09-25 19:32:24,713 - INFO - 
📊 Métricas finais para IFAP:
2026-09-25 19:32:24,713 - INFO -    Total de queries testadas: 2
2026-09-25 19:32:24,713 - INFO -    Queries com sucesso: 0
2026-09-25 19:32:24,720 - INFO -    🔤 Filtrando 230 repositórios por idioma (português)...
2026-09-25 19:32:25,276 - INFO -    ✅ Filtro de idioma: 160/230 repositórios mantidos (69.6% em português)
2026-09-25 19:32:25,276 - INFO - ✅ IFAP: 160 repositórios em português
2026-09-25 19:32:25,276 - INFO -    Palavras-chave: ifapme, ifapp, sistemas, campus, ifba, federal, conquista, curso, para, site
2026-09-25 19:32:28,276 - INFO - 
============================================================
2026-09-25 19:32:28,277 - INFO - 🏛️  Processando IFBA - Campus Salvador
2026-09-25 19:32:28,277 - INFO - ============================================================
2026-09-25 19:32:28,277 - INFO - 
🔄 Iteração 1/3 para IFBA
2026-09-25 19:32:28,277 - INFO -   🔎 Testando: "ifba"
2026-09-25 19:32:44,957 - INFO -      ✅ 500 resultados (eficiência: 0.30)
2026-09-25 19:32:47,957 - INFO - 
🔄 Iteração 2/3 para IFBA
2026-09-25 19:32:47,957 - INFO -   ⚠️ Sem novas queries para testar
2026-09-25 19:32:47,958 - INFO - 
📊 Métricas finais para IFBA:
2026-09-25 19:32:47,958 - INFO -    Total de queries testadas: 1
2026-09-25 19:32:47,958 - INFO -    Queries com sucesso: 0
2026-09-25 19:32:47,982 - INFO -    🔤 Filtrando 500 repositórios por idioma (português)...
2026-09-25 19:32:48,959 - INFO -    ✅ Filtro de idioma: 413/500 repositórios mantidos (82.6% em português)
2026-09-25 19:32:48,959 - INFO - ✅ IFBA: 413 repositórios em português
2026-09-25 19:32:48,959 - INFO -    Palavras-chave: classroom, github, sistema, sistemas, campus, ifba, trabalho, curso, para, atividades
2026-09-25 19:32:51,960 - INFO - 
============================================================
2026-09-25 19:32:51,960 - INFO - 🏛️  Processando IFBA - Campus Feira de Santana
2026-09-25 19:32:51,960 - INFO - ============================================================
2026-09-25 19:32:51,960 - INFO - 
🔄 Iteração 1/3 para IFBA
2026-09-25 19:32:51,960 - INFO -   🔎 Testando: "ifba"
2026-09-25 19:33:08,122 - INFO -      ✅ 500 resultados (eficiência: 0.30)
2026-09-25 19:33:09,123 - INFO -   🔎 Testando: "campus feira"
2026-09-25 19:33:09,836 - INFO -      ✅ 8 resultados (eficiência: 0.02)
2026-09-25 19:33:12,836 - INFO - 
🔄 Iteração 2/3 para IFBA
2026-09-25 19:33:12,837 - INFO -   ⚠️ Sem novas queries para testar
2026-09-25 19:33:12,837 - INFO - 
📊 Métricas finais para IFBA:
2026-09-25 19:33:12,837 - INFO -    Total de queries testadas: 2
2026-09-25 19:33:12,837 - INFO -    Queries com sucesso: 0
2026-09-25 19:33:12,851 - INFO -    🔤 Filtrando 506 repositórios por idioma (português)...
2026-09-25 19:33:13,860 - INFO -    ✅ Filtro de idioma: 419/506 repositórios mantidos (82.8% em português)
2026-09-25 19:33:13,860 - INFO - ✅ IFBA: 419 repositórios em português
2026-09-25 19:33:13,860 - INFO -    Palavras-chave: classroom, github, sistema, sistemas, campus, ifba, curso, para, java, atividades
2026-09-25 19:33:16,861 - INFO - 
============================================================
2026-09-25 19:33:16,861 - INFO - 🏛️  Processando IFBA - Campus Vitória da Conquista
2026-09-25 19:33:16,861 - INFO - ============================================================
2026-09-25 19:33:16,861 - INFO - 
🔄 Iteração 1/3 para IFBA
2026-09-25 19:33:16,861 - INFO -   🔎 Testando: "ifba"
2026-09-25 19:33:32,621 - INFO -      ✅ 500 resultados (eficiência: 0.30)
2026-09-25 19:33:33,621 - INFO -   🔎 Testando: "campus vitória"
2026-09-25 19:33:34,872 - INFO -      ✅ 39 resultados (eficiência: 0.12)
2026-09-25 19:33:37,872 - INFO - 
🔄 Iteração 2/3 para IFBA
2026-09-25 19:33:37,872 - INFO -   ⚠️ Sem novas queries para testar
2026-09-25 19:33:37,873 - INFO - 
📊 Métricas finais para IFBA:
2026-09-25 19:33:37,873 - INFO -    Total de queries testadas: 2
2026-09-25 19:33:37,873 - INFO -    Queries com sucesso: 0
2026-09-25 19:33:37,898 - INFO -    🔤 Filtrando 537 repositórios por idioma (português)...
2026-09-25 19:33:38,976 - INFO -    ✅ Filtro de idioma: 449/537 repositórios mantidos (83.6% em português)
2026-09-25 19:33:38,976 - INFO - ✅ IFBA: 449 repositórios em português
2026-09-25 19:33:38,976 - INFO -    Palavras-chave: classroom, sistema, dados, sistemas, campus, ifba, trabalho, conquista, curso, para
2026-09-25 19:33:41,976 - INFO - 
============================================================
2026-09-25 19:33:41,976 - INFO - 🏛️  Processando IFBA - Campus Porto Seguro
2026-09-25 19:33:41,976 - INFO - ============================================================
2026-09-25 19:33:41,977 - INFO - 
🔄 Iteração 1/3 para IFBA
2026-09-25 19:33:41,977 - INFO -   🔎 Testando: "ifba"
2026-09-25 19:33:57,570 - INFO -      ✅ 500 resultados (eficiência: 0.30)
2026-09-25 19:33:58,570 - INFO -   🔎 Testando: "campus porto"
2026-09-25 19:33:59,733 - INFO -      ✅ 34 resultados (eficiência: 0.10)
2026-09-25 19:34:02,733 - INFO - 
🔄 Iteração 2/3 para IFBA
2026-09-25 19:34:02,733 - INFO -   ⚠️ Sem novas queries para testar
2026-09-25 19:34:02,734 - INFO - 
📊 Métricas finais para IFBA:
2026-09-25 19:34:02,734 - INFO -    Total de queries testadas: 2
2026-09-25 19:34:02,734 - INFO -    Queries com sucesso: 0
2026-09-25 19:34:02,752 - INFO -    🔤 Filtrando 534 repositórios por idioma (português)...
2026-09-25 19:34:03,806 - INFO -    ✅ Filtro de idioma: 446/534 repositórios mantidos (83.5% em português)
2026-09-25 19:34:03,806 - INFO - ✅ IFBA: 446 repositórios em português
2026-09-25 19:34:03,806 - INFO -    Palavras-chave: classroom, github, sistema, sistemas, campus, ifba, trabalho, curso, para, atividades
2026-09-25 19:34:06,807 - INFO - 
============================================================
2026-09-25 19:34:06,807 - INFO - 🏛️  Processando IFBA - Campus Barreiras
2026-09-25 19:34:06,807 - INFO - ============================================================
2026-09-25 19:34:06,807 - INFO - 
🔄 Iteração 1/3 para IFBA
2026-09-25 19:34:06,807 - INFO -   🔎 Testando: "ifba"
2026-09-25 19:34:22,824 - INFO -      ✅ 500 resultados (eficiência: 0.30)
2026-09-25 19:34:25,825 - INFO - 
🔄 Iteração 2/3 para IFBA
2026-09-25 19:34:25,825 - INFO -   ⚠️ Sem novas queries para testar
2026-09-25 19:34:25,825 - INFO - 
📊 Métricas finais para IFBA:
2026-09-25 19:34:25,825 - INFO -    Total de queries testadas: 1
2026-09-25 19:34:25,825 - INFO -    Queries com sucesso: 0
2026-09-25 19:34:25,844 - INFO -    🔤 Filtrando 500 repositórios por idioma (português)...
2026-09-25 19:34:26,856 - INFO -    ✅ Filtro de idioma: 413/500 repositórios mantidos (82.6% em português)
2026-09-25 19:34:26,856 - INFO - ✅ IFBA: 413 repositórios em português
2026-09-25 19:34:26,856 - INFO -    Palavras-chave: classroom, github, sistema, sistemas, campus, ifba, trabalho, curso, para, atividades
2026-09-25 19:34:29,856 - INFO - 
============================================================
2026-09-25 19:34:29,856 - INFO - 🏛️  Processando IFBA - Campus Camaçari
2026-09-25 19:34:29,856 - INFO - ============================================================
2026-09-25 19:34:29,856 - INFO - 
🔄 Iteração 1/3 para IFBA
2026-09-25 19:34:29,856 - INFO -   🔎 Testando: "ifba"
2026-09-25 19:34:46,099 - INFO -      ✅ 500 resultados (eficiência: 0.30)
2026-09-25 19:34:49,100 - INFO - 
🔄 Iteração 2/3 para IFBA
2026-09-25 19:34:49,100 - INFO -   ⚠️ Sem novas queries para testar
2026-09-25 19:34:49,100 - INFO - 
📊 Métricas finais para IFBA:
2026-09-25 19:34:49,100 - INFO -    Total de queries testadas: 1
2026-09-25 19:34:49,100 - INFO -    Queries com sucesso: 0
2026-09-25 19:34:49,123 - INFO -    🔤 Filtrando 500 repositórios por idioma (português)...
2026-09-25 19:34:50,107 - INFO -    ✅ Filtro de idioma: 413/500 repositórios mantidos (82.6% em português)
2026-09-25 19:34:50,107 - INFO - ✅ IFBA: 413 repositórios em português
2026-09-25 19:34:50,107 - INFO -    Palavras-chave: classroom, github, sistema, sistemas, campus, ifba, trabalho, curso, para, atividades
2026-09-25 19:34:53,108 - INFO - 
============================================================
2026-09-25 19:34:53,108 - INFO - 🏛️  Processando IFBA - Campus Santo Amaro
2026-09-25 19:34:53,108 - INFO - ============================================================
2026-09-25 19:34:53,108 - INFO - 
🔄 Iteração 1/3 para IFBA
2026-09-25 19:34:53,108 - INFO -   🔎 Testando: "ifba"
2026-09-25 19:35:08,887 - INFO -      ✅ 500 resultados (eficiência: 0.30)
2026-09-25 19:35:09,887 - INFO -   🔎 Testando: "campus santo"
2026-09-25 19:35:11,623 - INFO -      ✅ 30 resultados (eficiência: 0.09)
2026-09-25 19:35:14,623 - INFO - 
🔄 Iteração 2/3 para IFBA
2026-09-25 19:35:14,624 - INFO -   ⚠️ Sem novas queries para testar
2026-09-25 19:35:14,624 - INFO - 
📊 Métricas finais para IFBA:
2026-09-25 19:35:14,624 - INFO -    Total de queries testadas: 2
2026-09-25 19:35:14,624 - INFO -    Queries com sucesso: 0
2026-09-25 19:35:14,644 - INFO -    🔤 Filtrando 530 repositórios por idioma (português)...
2026-09-25 19:35:15,698 - INFO -    ✅ Filtro de idioma: 443/530 repositórios mantidos (83.6% em português)
2026-09-25 19:35:15,698 - INFO - ✅ IFBA: 443 repositórios em português
2026-09-25 19:35:15,698 - INFO -    Palavras-chave: classroom, sistema, sistemas, campus, ifba, santo, trabalho, curso, para, atividades
2026-09-25 19:35:18,698 - INFO - 
============================================================
2026-09-25 19:35:18,698 - INFO - 🏛️  Processando IFBA - Campus Simões Filho
2026-09-25 19:35:18,698 - INFO - ============================================================
2026-09-25 19:35:18,699 - INFO - 
🔄 Iteração 1/3 para IFBA
2026-09-25 19:35:18,699 - INFO -   🔎 Testando: "campus simões"
2026-09-25 19:35:19,085 - INFO -      ✅ 0 resultados (eficiência: 0.00)
2026-09-25 19:35:20,085 - INFO -   🔎 Testando: "ifba"
2026-09-25 19:35:36,113 - INFO -      ✅ 500 resultados (eficiência: 0.30)
2026-09-25 19:35:39,113 - INFO - 
🔄 Iteração 2/3 para IFBA
2026-09-25 19:35:39,113 - INFO -   ⚠️ Sem novas queries para testar
2026-09-25 19:35:39,114 - INFO - 
📊 Métricas finais para IFBA:
2026-09-25 19:35:39,114 - INFO -    Total de queries testadas: 2
2026-09-25 19:35:39,114 - INFO -    Queries com sucesso: 0
2026-09-25 19:35:39,129 - INFO -    🔤 Filtrando 500 repositórios por idioma (português)...
2026-09-25 19:35:40,106 - INFO -    ✅ Filtro de idioma: 413/500 repositórios mantidos (82.6% em português)
2026-09-25 19:35:40,106 - INFO - ✅ IFBA: 413 repositórios em português
2026-09-25 19:35:40,106 - INFO -    Palavras-chave: classroom, github, sistema, sistemas, campus, ifba, trabalho, curso, para, atividades
2026-09-25 19:35:43,107 - INFO - 
============================================================
2026-09-25 19:35:43,107 - INFO - 🏛️  Processando IFBA - Campus Eunápolis
2026-09-25 19:35:43,107 - INFO - ============================================================
2026-09-25 19:35:43,107 - INFO - 
🔄 Iteração 1/3 para IFBA
2026-09-25 19:35:43,107 - INFO -   🔎 Testando: "ifba"
2026-09-25 19:35:59,810 - INFO -      ✅ 500 resultados (eficiência: 0.30)
2026-09-25 19:36:02,810 - INFO - 
🔄 Iteração 2/3 para IFBA
2026-09-25 19:36:02,810 - INFO -   ⚠️ Sem novas queries para testar
2026-09-25 19:36:02,811 - INFO - 
📊 Métricas finais para IFBA:
2026-09-25 19:36:02,811 - INFO -    Total de queries testadas: 1
2026-09-25 19:36:02,811 - INFO -    Queries com sucesso: 0
2026-09-25 19:36:02,832 - INFO -    🔤 Filtrando 500 repositórios por idioma (português)...
2026-09-25 19:36:03,805 - INFO -    ✅ Filtro de idioma: 413/500 repositórios mantidos (82.6% em português)
2026-09-25 19:36:03,805 - INFO - ✅ IFBA: 413 repositórios em português
2026-09-25 19:36:03,805 - INFO -    Palavras-chave: classroom, github, sistema, sistemas, campus, ifba, trabalho, curso, para, atividades
2026-09-25 19:36:06,805 - INFO - 
============================================================
2026-09-25 19:36:06,806 - INFO - 🏛️  Processando IFBA - Campus Jequié
2026-09-25 19:36:06,806 - INFO - ============================================================
2026-09-25 19:36:06,806 - INFO - 
🔄 Iteração 1/3 para IFBA
2026-09-25 19:36:06,806 - INFO -   🔎 Testando: "ifba"
2026-09-25 19:36:22,644 - INFO -      ✅ 500 resultados (eficiência: 0.30)
2026-09-25 19:36:25,644 - INFO - 
🔄 Iteração 2/3 para IFBA
2026-09-25 19:36:25,645 - INFO -   ⚠️ Sem novas queries para testar
2026-09-25 19:36:25,645 - INFO - 
📊 Métricas finais para IFBA:
2026-09-25 19:36:25,645 - INFO -    Total de queries testadas: 1
2026-09-25 19:36:25,645 - INFO -    Queries com sucesso: 0
2026-09-25 19:36:25,671 - INFO -    🔤 Filtrando 500 repositórios por idioma (português)...
2026-09-25 19:36:26,647 - INFO -    ✅ Filtro de idioma: 413/500 repositórios mantidos (82.6% em português)
2026-09-25 19:36:26,647 - INFO - ✅ IFBA: 413 repositórios em português
2026-09-25 19:36:26,647 - INFO -    Palavras-chave: classroom, github, sistema, sistemas, campus, ifba, trabalho, curso, para, atividades
2026-09-25 19:36:29,647 - INFO - 
============================================================
2026-09-25 19:36:29,647 - INFO - 🏛️  Processando IFBA - Campus Irecê
2026-09-25 19:36:29,647 - INFO - ============================================================
2026-09-25 19:36:29,647 - INFO - 
🔄 Iteração 1/3 para IFBA
2026-09-25 19:36:29,647 - INFO -   🔎 Testando: "ifba"
2026-09-25 19:36:45,466 - INFO -      ✅ 500 resultados (eficiência: 0.30)
2026-09-25 19:36:48,467 - INFO - 
🔄 Iteração 2/3 para IFBA
2026-09-25 19:36:48,467 - INFO -   ⚠️ Sem novas queries para testar
2026-09-25 19:36:48,467 - INFO - 
📊 Métricas finais para IFBA:
2026-09-25 19:36:48,467 - INFO -    Total de queries testadas: 1
2026-09-25 19:36:48,467 - INFO -    Queries com sucesso: 0
2026-09-25 19:36:48,490 - INFO -    🔤 Filtrando 500 repositórios por idioma (português)...
2026-09-25 19:36:49,480 - INFO -    ✅ Filtro de idioma: 413/500 repositórios mantidos (82.6% em português)
2026-09-25 19:36:49,480 - INFO - ✅ IFBA: 413 repositórios em português
2026-09-25 19:36:49,480 - INFO -    Palavras-chave: classroom, github, sistema, sistemas, campus, ifba, trabalho, curso, para, atividades
2026-09-25 19:36:52,480 - INFO - 
============================================================
2026-09-25 19:36:52,481 - INFO - 🏛️  Processando IFBA - Campus Jacobina
2026-09-25 19:36:52,481 - INFO - ============================================================
2026-09-25 19:36:52,481 - INFO - 
🔄 Iteração 1/3 para IFBA
2026-09-25 19:36:52,481 - INFO -   🔎 Testando: "ifba"
2026-09-25 19:37:08,450 - INFO -      ✅ 500 resultados (eficiência: 0.30)
2026-09-25 19:37:11,450 - INFO - 
🔄 Iteração 2/3 para IFBA
2026-09-25 19:37:11,451 - INFO -   ⚠️ Sem novas queries para testar
2026-09-25 19:37:11,451 - INFO - 
📊 Métricas finais para IFBA:
2026-09-25 19:37:11,451 - INFO -    Total de queries testadas: 1
2026-09-25 19:37:11,451 - INFO -    Queries com sucesso: 0
2026-09-25 19:37:11,474 - INFO -    🔤 Filtrando 500 repositórios por idioma (português)...
2026-09-25 19:37:12,471 - INFO -    ✅ Filtro de idioma: 413/500 repositórios mantidos (82.6% em português)
2026-09-25 19:37:12,472 - INFO - ✅ IFBA: 413 repositórios em português
2026-09-25 19:37:12,472 - INFO -    Palavras-chave: classroom, github, sistema, sistemas, campus, ifba, trabalho, curso, para, atividades
2026-09-25 19:37:15,472 - INFO - 
============================================================
2026-09-25 19:37:15,472 - INFO - 🏛️  Processando IFBA - Campus Seabra
2026-09-25 19:37:15,472 - INFO - ============================================================
2026-09-25 19:37:15,472 - INFO - 
🔄 Iteração 1/3 para IFBA
2026-09-25 19:37:15,472 - INFO -   🔎 Testando: "ifba"
2026-09-25 19:37:30,660 - INFO -      ✅ 500 resultados (eficiência: 0.30)
2026-09-25 19:37:33,661 - INFO - 
🔄 Iteração 2/3 para IFBA
2026-09-25 19:37:33,661 - INFO -   ⚠️ Sem novas queries para testar
2026-09-25 19:37:33,661 - INFO - 
📊 Métricas finais para IFBA:
2026-09-25 19:37:33,661 - INFO -    Total de queries testadas: 1
2026-09-25 19:37:33,661 - INFO -    Queries com sucesso: 0
2026-09-25 19:37:33,675 - INFO -    🔤 Filtrando 500 repositórios por idioma (português)...
2026-09-25 19:37:34,645 - INFO -    ✅ Filtro de idioma: 413/500 repositórios mantidos (82.6% em português)
2026-09-25 19:37:34,645 - INFO - ✅ IFBA: 413 repositórios em português
2026-09-25 19:37:34,645 - INFO -    Palavras-chave: classroom, github, sistema, sistemas, campus, ifba, trabalho, curso, para, atividades
2026-09-25 19:37:37,646 - INFO - 
============================================================
2026-09-25 19:37:37,646 - INFO - 🏛️  Processando IFBA - Campus Ilhéus
2026-09-25 19:37:37,646 - INFO - ============================================================
2026-09-25 19:37:37,646 - INFO - 
🔄 Iteração 1/3 para IFBA
2026-09-25 19:37:37,646 - INFO -   🔎 Testando: "ifba"
2026-09-25 19:37:53,564 - INFO -      ✅ 500 resultados (eficiência: 0.30)
2026-09-25 19:37:56,564 - INFO - 
🔄 Iteração 2/3 para IFBA
2026-09-25 19:37:56,565 - INFO -   ⚠️ Sem novas queries para testar
2026-09-25 19:37:56,565 - INFO - 
📊 Métricas finais para IFBA:
2026-09-25 19:37:56,565 - INFO -    Total de queries testadas: 1
2026-09-25 19:37:56,565 - INFO -    Queries com sucesso: 0
2026-09-25 19:37:56,586 - INFO -    🔤 Filtrando 500 repositórios por idioma (português)...
2026-09-25 19:37:57,561 - INFO -    ✅ Filtro de idioma: 413/500 repositórios mantidos (82.6% em português)
2026-09-25 19:37:57,561 - INFO - ✅ IFBA: 413 repositórios em português
2026-09-25 19:37:57,561 - INFO -    Palavras-chave: classroom, github, sistema, sistemas, campus, ifba, trabalho, curso, para, atividades
2026-09-25 19:38:00,562 - INFO - 
============================================================
2026-09-25 19:38:00,562 - INFO - 🏛️  Processando IFBA - Campus Paulo Afonso
2026-09-25 19:38:00,562 - INFO - ============================================================
2026-09-25 19:38:00,562 - INFO - 
🔄 Iteração 1/3 para IFBA
2026-09-25 19:38:00,562 - INFO -   🔎 Testando: "ifba"
2026-09-25 19:38:16,214 - INFO -      ✅ 500 resultados (eficiência: 0.30)
2026-09-25 19:38:17,215 - INFO -   🔎 Testando: "campus paulo"
2026-09-25 19:38:17,827 - INFO -      ✅ 6 resultados (eficiência: 0.02)
2026-09-25 19:38:20,828 - INFO - 
🔄 Iteração 2/3 para IFBA
2026-09-25 19:38:20,828 - INFO -   ⚠️ Sem novas queries para testar
2026-09-25 19:38:20,828 - INFO - 
📊 Métricas finais para IFBA:
2026-09-25 19:38:20,828 - INFO -    Total de queries testadas: 2
2026-09-25 19:38:20,828 - INFO -    Queries com sucesso: 0
2026-09-25 19:38:20,845 - INFO -    🔤 Filtrando 504 repositórios por idioma (português)...
2026-09-25 19:38:21,908 - INFO -    ✅ Filtro de idioma: 417/504 repositórios mantidos (82.7% em português)
2026-09-25 19:38:21,908 - INFO - ✅ IFBA: 417 repositórios em português
2026-09-25 19:38:21,908 - INFO -    Palavras-chave: classroom, github, sistema, sistemas, campus, ifba, trabalho, curso, para, atividades
2026-09-25 19:38:24,908 - INFO - 
============================================================
2026-09-25 19:38:24,909 - INFO - 🏛️  Processando IFBAIANO - Campus Santo Estêvão
2026-09-25 19:38:24,909 - INFO - ============================================================
2026-09-25 19:38:24,909 - INFO - 
🔄 Iteração 1/3 para IFBAIANO
2026-09-25 19:38:24,909 - INFO -   🔎 Testando: "ifbaiano"
2026-09-25 19:38:28,432 - INFO -      ✅ 102 resultados (eficiência: 0.30)
2026-09-25 19:38:29,433 - INFO -   🔎 Testando: "campus santo"
2026-09-25 19:38:30,651 - INFO -      ✅ 30 resultados (eficiência: 0.09)
2026-09-25 19:38:33,652 - INFO - 
🔄 Iteração 2/3 para IFBAIANO
2026-09-25 19:38:33,652 - INFO -   ⚠️ Sem novas queries para testar
2026-09-25 19:38:33,652 - INFO - 
📊 Métricas finais para IFBAIANO:
2026-09-25 19:38:33,652 - INFO -    Total de queries testadas: 2
2026-09-25 19:38:33,652 - INFO -    Queries com sucesso: 0
2026-09-25 19:38:33,663 - INFO -    🔤 Filtrando 132 repositórios por idioma (português)...
2026-09-25 19:38:33,963 - INFO -    ✅ Filtro de idioma: 107/132 repositórios mantidos (81.1% em português)
2026-09-25 19:38:33,963 - INFO - ✅ IFBAIANO: 107 repositórios em português
2026-09-25 19:38:33,963 - INFO -    Palavras-chave: python, semestre, campus, santo, federal, curso, para, amaro, senac, aulas
2026-09-25 19:38:36,964 - INFO - 
============================================================
2026-09-25 19:38:36,964 - INFO - 🏛️  Processando IFBAIANO - Campus Ribeira do Pombal
2026-09-25 19:38:36,964 - INFO - ============================================================
2026-09-25 19:38:36,964 - INFO - 
🔄 Iteração 1/3 para IFBAIANO
2026-09-25 19:38:36,964 - INFO -   🔎 Testando: "campus ribeira"
2026-09-25 19:38:37,337 - INFO -      ✅ 0 resultados (eficiência: 0.00)
2026-09-25 19:38:38,337 - INFO -   🔎 Testando: "ifbaiano"
2026-09-25 19:38:41,365 - INFO -      ✅ 102 resultados (eficiência: 0.30)
2026-09-25 19:38:44,366 - INFO - 
🔄 Iteração 2/3 para IFBAIANO
2026-09-25 19:38:44,366 - INFO -   ⚠️ Sem novas queries para testar
2026-09-25 19:38:44,366 - INFO - 
📊 Métricas finais para IFBAIANO:
2026-09-25 19:38:44,366 - INFO -    Total de queries testadas: 2
2026-09-25 19:38:44,366 - INFO -    Queries com sucesso: 0
2026-09-25 19:38:44,377 - INFO -    🔤 Filtrando 102 repositórios por idioma (português)...
2026-09-25 19:38:44,633 - INFO -    ✅ Filtro de idioma: 77/102 repositórios mantidos (75.5% em português)
2026-09-25 19:38:44,633 - INFO - ✅ IFBAIANO: 77 repositórios em português
2026-09-25 19:38:44,633 - INFO -    Palavras-chave: python, campus, curso, para, rede, aulas, cepedi, baiano, ifbaiano, nuvem
2026-09-25 19:38:47,634 - INFO - 
============================================================
2026-09-25 19:38:47,634 - INFO - 🏛️  Processando IFBAIANO - Campus Remanso
2026-09-25 19:38:47,634 - INFO - ============================================================
2026-09-25 19:38:47,634 - INFO - 
🔄 Iteração 1/3 para IFBAIANO
2026-09-25 19:38:47,634 - INFO -   🔎 Testando: "ifbaiano"
2026-09-25 19:38:51,436 - INFO -      ✅ 102 resultados (eficiência: 0.30)
2026-09-25 19:38:54,437 - INFO - 
🔄 Iteração 2/3 para IFBAIANO
2026-09-25 19:38:54,437 - INFO -   ⚠️ Sem novas queries para testar
2026-09-25 19:38:54,437 - INFO - 
📊 Métricas finais para IFBAIANO:
2026-09-25 19:38:54,437 - INFO -    Total de queries testadas: 1
2026-09-25 19:38:54,437 - INFO -    Queries com sucesso: 0
2026-09-25 19:38:54,441 - INFO -    🔤 Filtrando 102 repositórios por idioma (português)...
2026-09-25 19:38:54,688 - INFO -    ✅ Filtro de idioma: 77/102 repositórios mantidos (75.5% em português)
2026-09-25 19:38:54,688 - INFO - ✅ IFBAIANO: 77 repositórios em português
2026-09-25 19:38:54,688 - INFO -    Palavras-chave: python, campus, curso, para, rede, aulas, cepedi, baiano, ifbaiano, nuvem
2026-09-25 19:38:57,689 - INFO - 
============================================================
2026-09-25 19:38:57,689 - INFO - 🏛️  Processando IFBAIANO - Campus Ruy Barbosa
2026-09-25 19:38:57,689 - INFO - ============================================================
2026-09-25 19:38:57,689 - INFO - 
🔄 Iteração 1/3 para IFBAIANO
2026-09-25 19:38:57,689 - INFO -   🔎 Testando: "campus ruy"
2026-09-25 19:38:58,080 - INFO -      ✅ 0 resultados (eficiência: 0.00)
2026-09-25 19:38:59,080 - INFO -   🔎 Testando: "ifbaiano"
2026-09-25 19:39:02,225 - INFO -      ✅ 102 resultados (eficiência: 0.30)
2026-09-25 19:39:05,225 - INFO - 
🔄 Iteração 2/3 para IFBAIANO
2026-09-25 19:39:05,225 - INFO -   ⚠️ Sem novas queries para testar
2026-09-25 19:39:05,225 - INFO - 
📊 Métricas finais para IFBAIANO:
2026-09-25 19:39:05,225 - INFO -    Total de queries testadas: 2
2026-09-25 19:39:05,225 - INFO -    Queries com sucesso: 0
2026-09-25 19:39:05,234 - INFO -    🔤 Filtrando 102 repositórios por idioma (português)...
2026-09-25 19:39:05,500 - INFO -    ✅ Filtro de idioma: 77/102 repositórios mantidos (75.5% em português)
2026-09-25 19:39:05,501 - INFO - ✅ IFBAIANO: 77 repositórios em português
2026-09-25 19:39:05,501 - INFO -    Palavras-chave: python, campus, curso, para, rede, aulas, cepedi, baiano, ifbaiano, nuvem
2026-09-25 19:39:08,501 - INFO - 
============================================================
2026-09-25 19:39:08,501 - INFO - 🏛️  Processando IFB - Campus Brasília
2026-09-25 19:39:08,501 - INFO - ============================================================
2026-09-25 19:39:08,501 - INFO - 
🔄 Iteração 1/3 para IFB
2026-09-25 19:39:08,501 - INFO -   🔎 Testando: "ifb"
2026-09-25 19:39:25,547 - INFO -      ✅ 500 resultados (eficiência: 0.30)
2026-09-25 19:39:28,548 - INFO - 
🔄 Iteração 2/3 para IFB
2026-09-25 19:39:28,548 - INFO -   ⚠️ Sem novas queries para testar
2026-09-25 19:39:28,548 - INFO - 
📊 Métricas finais para IFB:
2026-09-25 19:39:28,548 - INFO -    Total de queries testadas: 1
2026-09-25 19:39:28,548 - INFO -    Queries com sucesso: 0
2026-09-25 19:39:28,588 - INFO -    🔤 Filtrando 500 repositórios por idioma (português)...
2026-09-25 19:39:29,624 - INFO -    ✅ Filtro de idioma: 273/500 repositórios mantidos (54.6% em português)
2026-09-25 19:39:29,624 - INFO - ✅ IFB: 273 repositórios em português
2026-09-25 19:39:29,624 - INFO -    Palavras-chave: classroom, utils, ifba, django, curso, para, center, crypto, ifb, firmware
2026-09-25 19:39:32,624 - INFO - 
============================================================
2026-09-25 19:39:32,625 - INFO - 🏛️  Processando IFB - Campus Gama
2026-09-25 19:39:32,625 - INFO - ============================================================
2026-09-25 19:39:32,625 - INFO - 
🔄 Iteração 1/3 para IFB
2026-09-25 19:39:32,625 - INFO -   🔎 Testando: "ifb"
2026-09-25 19:39:49,826 - INFO -      ✅ 500 resultados (eficiência: 0.30)
2026-09-25 19:39:52,826 - INFO - 
🔄 Iteração 2/3 para IFB
2026-09-25 19:39:52,827 - INFO -   ⚠️ Sem novas queries para testar
2026-09-25 19:39:52,827 - INFO - 
📊 Métricas finais para IFB:
2026-09-25 19:39:52,827 - INFO -    Total de queries testadas: 1
2026-09-25 19:39:52,827 - INFO -    Queries com sucesso: 0
2026-09-25 19:39:52,878 - INFO -    🔤 Filtrando 500 repositórios por idioma (português)...
2026-09-25 19:39:53,933 - INFO -    ✅ Filtro de idioma: 273/500 repositórios mantidos (54.6% em português)
2026-09-25 19:39:53,933 - INFO - ✅ IFB: 273 repositórios em português
2026-09-25 19:39:53,933 - INFO -    Palavras-chave: classroom, utils, ifba, django, curso, para, center, crypto, ifb, firmware
2026-09-25 19:39:56,933 - INFO - 
============================================================
2026-09-25 19:39:56,933 - INFO - 🏛️  Processando IFB - Campus Samambaia
2026-09-25 19:39:56,934 - INFO - ============================================================
2026-09-25 19:39:56,934 - INFO - 
🔄 Iteração 1/3 para IFB
2026-09-25 19:39:56,934 - INFO -   🔎 Testando: "ifb"
2026-09-25 19:40:18,055 - INFO -      ✅ 500 resultados (eficiência: 0.30)
2026-09-25 19:40:21,055 - INFO - 
🔄 Iteração 2/3 para IFB
2026-09-25 19:40:21,056 - INFO -   ⚠️ Sem novas queries para testar
2026-09-25 19:40:21,056 - INFO - 
📊 Métricas finais para IFB:
2026-09-25 19:40:21,056 - INFO -    Total de queries testadas: 1
2026-09-25 19:40:21,056 - INFO -    Queries com sucesso: 0
2026-09-25 19:40:21,101 - INFO -    🔤 Filtrando 500 repositórios por idioma (português)...
2026-09-25 19:40:22,184 - INFO -    ✅ Filtro de idioma: 273/500 repositórios mantidos (54.6% em português)
2026-09-25 19:40:22,184 - INFO - ✅ IFB: 273 repositórios em português
2026-09-25 19:40:22,184 - INFO -    Palavras-chave: classroom, utils, ifba, django, curso, para, center, crypto, ifb, firmware
2026-09-25 19:40:25,184 - INFO - 
============================================================
2026-09-25 19:40:25,185 - INFO - 🏛️  Processando IFB - Campus Planaltina
2026-09-25 19:40:25,185 - INFO - ============================================================
2026-09-25 19:40:25,185 - INFO - 
🔄 Iteração 1/3 para IFB
2026-09-25 19:40:25,185 - INFO -   🔎 Testando: "ifb"
2026-09-25 19:40:43,018 - INFO -      ✅ 500 resultados (eficiência: 0.30)
2026-09-25 19:40:46,018 - INFO - 
🔄 Iteração 2/3 para IFB
2026-09-25 19:40:46,019 - INFO -   ⚠️ Sem novas queries para testar
2026-09-25 19:40:46,019 - INFO - 
📊 Métricas finais para IFB:
2026-09-25 19:40:46,019 - INFO -    Total de queries testadas: 1
2026-09-25 19:40:46,019 - INFO -    Queries com sucesso: 0
2026-09-25 19:40:46,068 - INFO -    🔤 Filtrando 500 repositórios por idioma (português)...
2026-09-25 19:40:47,109 - INFO -    ✅ Filtro de idioma: 273/500 repositórios mantidos (54.6% em português)
2026-09-25 19:40:47,109 - INFO - ✅ IFB: 273 repositórios em português
2026-09-25 19:40:47,109 - INFO -    Palavras-chave: classroom, utils, ifba, django, curso, para, center, crypto, ifb, firmware
2026-09-25 19:40:50,110 - INFO - 
============================================================
2026-09-25 19:40:50,110 - INFO - 🏛️  Processando IFB - Campus Taguatinga
2026-09-25 19:40:50,110 - INFO - ============================================================
2026-09-25 19:40:50,110 - INFO - 
🔄 Iteração 1/3 para IFB
2026-09-25 19:40:50,110 - INFO -   🔎 Testando: "ifb"
2026-09-25 19:41:07,586 - INFO -      ✅ 500 resultados (eficiência: 0.30)
2026-09-25 19:41:10,586 - INFO - 
🔄 Iteração 2/3 para IFB
2026-09-25 19:41:10,587 - INFO -   ⚠️ Sem novas queries para testar
2026-09-25 19:41:10,587 - INFO - 
📊 Métricas finais para IFB:
2026-09-25 19:41:10,587 - INFO -    Total de queries testadas: 1
2026-09-25 19:41:10,587 - INFO -    Queries com sucesso: 0
2026-09-25 19:41:10,643 - INFO -    🔤 Filtrando 500 repositórios por idioma (português)...
2026-09-25 19:41:11,687 - INFO -    ✅ Filtro de idioma: 273/500 repositórios mantidos (54.6% em português)
2026-09-25 19:41:11,687 - INFO - ✅ IFB: 273 repositórios em português
2026-09-25 19:41:11,687 - INFO -    Palavras-chave: classroom, utils, ifba, django, curso, para, center, crypto, ifb, firmware
2026-09-25 19:41:14,688 - INFO - 
============================================================
2026-09-25 19:41:14,688 - INFO - 🏛️  Processando IFB - Campus Sol Nascente
2026-09-25 19:41:14,688 - INFO - ============================================================
2026-09-25 19:41:14,688 - INFO - 
🔄 Iteração 1/3 para IFB
2026-09-25 19:41:14,688 - INFO -   🔎 Testando: "campus sol"
2026-09-25 19:41:18,270 - INFO -      ✅ 77 resultados (eficiência: 0.23)
2026-09-25 19:41:19,270 - INFO -   🔎 Testando: "ifb"
2026-09-25 19:41:35,712 - INFO -      ✅ 500 resultados (eficiência: 0.30)
2026-09-25 19:41:38,712 - INFO - 
🔄 Iteração 2/3 para IFB
2026-09-25 19:41:38,713 - INFO -   ⚠️ Sem novas queries para testar
2026-09-25 19:41:38,714 - INFO - 
📊 Métricas finais para IFB:
2026-09-25 19:41:38,714 - INFO -    Total de queries testadas: 2
2026-09-25 19:41:38,714 - INFO -    Queries com sucesso: 0
2026-09-25 19:41:38,763 - INFO -    🔤 Filtrando 577 repositórios por idioma (português)...
2026-09-25 19:41:40,140 - INFO -    ✅ Filtro de idioma: 301/577 repositórios mantidos (52.2% em português)
2026-09-25 19:41:40,140 - INFO - ✅ IFB: 301 repositórios em português
2026-09-25 19:41:40,140 - INFO -    Palavras-chave: classroom, solution, utils, campus, ifba, django, curso, center, crypto, ifb
2026-09-25 19:41:43,141 - INFO - 
============================================================
2026-09-25 19:41:43,141 - INFO - 🏛️  Processando IFB - Campus Sobradinho
2026-09-25 19:41:43,141 - INFO - ============================================================
2026-09-25 19:41:43,141 - INFO - 
🔄 Iteração 1/3 para IFB
2026-09-25 19:41:43,141 - INFO -   🔎 Testando: "ifb"
2026-09-25 19:42:01,716 - INFO -      ✅ 500 resultados (eficiência: 0.30)
2026-09-25 19:42:04,717 - INFO - 
🔄 Iteração 2/3 para IFB
2026-09-25 19:42:04,718 - INFO -   ⚠️ Sem novas queries para testar
2026-09-25 19:42:04,718 - INFO - 
📊 Métricas finais para IFB:
2026-09-25 19:42:04,718 - INFO -    Total de queries testadas: 1
2026-09-25 19:42:04,718 - INFO -    Queries com sucesso: 0
2026-09-25 19:42:04,767 - INFO -    🔤 Filtrando 500 repositórios por idioma (português)...
2026-09-25 19:42:05,806 - INFO -    ✅ Filtro de idioma: 273/500 repositórios mantidos (54.6% em português)
2026-09-25 19:42:05,806 - INFO - ✅ IFB: 273 repositórios em português
2026-09-25 19:42:05,806 - INFO -    Palavras-chave: classroom, utils, ifba, django, curso, para, center, crypto, ifb, firmware
2026-09-25 19:42:08,807 - INFO - 
============================================================
2026-09-25 19:42:08,807 - INFO - 🏛️  Processando IFCE - Campus Fortaleza
2026-09-25 19:42:08,807 - INFO - ============================================================
2026-09-25 19:42:08,807 - INFO - 
🔄 Iteração 1/3 para IFCE
2026-09-25 19:42:08,807 - INFO -   🔎 Testando: "ifce"
2026-09-25 19:42:26,203 - INFO -      ✅ 500 resultados (eficiência: 0.30)
2026-09-25 19:42:29,203 - INFO - 
🔄 Iteração 2/3 para IFCE
2026-09-25 19:42:29,204 - INFO -   ⚠️ Sem novas queries para testar
2026-09-25 19:42:29,204 - INFO - 
📊 Métricas finais para IFCE:
2026-09-25 19:42:29,204 - INFO -    Total de queries testadas: 1
2026-09-25 19:42:29,204 - INFO -    Queries com sucesso: 0
2026-09-25 19:42:29,222 - INFO -    🔤 Filtrando 500 repositórios por idioma (português)...
2026-09-25 19:42:30,459 - INFO -    ✅ Filtro de idioma: 371/500 repositórios mantidos (74.2% em português)
2026-09-25 19:42:30,460 - INFO - ✅ IFCE: 371 repositórios em português
2026-09-25 19:42:30,460 - INFO -    Palavras-chave: python, sistema, crato, dados, campus, trabalho, curso, para, java, atividades
2026-09-25 19:42:33,460 - INFO - 
============================================================
2026-09-25 19:42:33,460 - INFO - 🏛️  Processando IFCE - Campus Cedro
2026-09-25 19:42:33,460 - INFO - ============================================================
2026-09-25 19:42:33,460 - INFO - 
🔄 Iteração 1/3 para IFCE
2026-09-25 19:42:33,460 - INFO -   🔎 Testando: "ifce"
2026-09-25 19:42:50,276 - INFO -      ✅ 500 resultados (eficiência: 0.30)
2026-09-25 19:42:53,277 - INFO - 
🔄 Iteração 2/3 para IFCE
2026-09-25 19:42:53,277 - INFO -   ⚠️ Sem novas queries para testar
2026-09-25 19:42:53,277 - INFO - 
📊 Métricas finais para IFCE:
2026-09-25 19:42:53,277 - INFO -    Total de queries testadas: 1
2026-09-25 19:42:53,277 - INFO -    Queries com sucesso: 0
2026-09-25 19:42:53,303 - INFO -    🔤 Filtrando 500 repositórios por idioma (português)...
2026-09-25 19:42:54,512 - INFO -    ✅ Filtro de idioma: 371/500 repositórios mantidos (74.2% em português)
2026-09-25 19:42:54,512 - INFO - ✅ IFCE: 371 repositórios em português
2026-09-25 19:42:54,512 - INFO -    Palavras-chave: python, sistema, crato, dados, campus, trabalho, curso, para, java, atividades
2026-09-25 19:42:57,513 - INFO - 
============================================================
2026-09-25 19:42:57,513 - INFO - 🏛️  Processando IFCE - Campus Juazeiro do Norte
2026-09-25 19:42:57,513 - INFO - ============================================================
2026-09-25 19:42:57,513 - INFO - 
🔄 Iteração 1/3 para IFCE
2026-09-25 19:42:57,513 - INFO -   🔎 Testando: "ifce"
2026-09-25 19:43:14,740 - INFO -      ✅ 500 resultados (eficiência: 0.30)
2026-09-25 19:43:15,741 - INFO -   🔎 Testando: "campus juazeiro"
2026-09-25 19:43:16,341 - INFO -      ✅ 6 resultados (eficiência: 0.02)
2026-09-25 19:43:19,342 - INFO - 
🔄 Iteração 2/3 para IFCE
2026-09-25 19:43:19,342 - INFO -   ⚠️ Sem novas queries para testar
2026-09-25 19:43:19,342 - INFO - 
📊 Métricas finais para IFCE:
2026-09-25 19:43:19,342 - INFO -    Total de queries testadas: 2
2026-09-25 19:43:19,342 - INFO -    Queries com sucesso: 0
2026-09-25 19:43:19,361 - INFO -    🔤 Filtrando 505 repositórios por idioma (português)...
2026-09-25 19:43:20,618 - INFO -    ✅ Filtro de idioma: 376/505 repositórios mantidos (74.5% em português)
2026-09-25 19:43:20,618 - INFO - ✅ IFCE: 376 repositórios em português
2026-09-25 19:43:20,618 - INFO -    Palavras-chave: python, sistema, crato, dados, campus, trabalho, curso, para, java, atividades
2026-09-25 19:43:23,618 - INFO - 
============================================================
2026-09-25 19:43:23,618 - INFO - 🏛️  Processando IFCE - Campus Maracanaú
2026-09-25 19:43:23,618 - INFO - ============================================================
2026-09-25 19:43:23,618 - INFO - 
🔄 Iteração 1/3 para IFCE
2026-09-25 19:43:23,618 - INFO -   🔎 Testando: "ifce"
2026-09-25 19:43:39,610 - INFO -      ✅ 500 resultados (eficiência: 0.30)
2026-09-25 19:43:42,610 - INFO - 
🔄 Iteração 2/3 para IFCE
2026-09-25 19:43:42,610 - INFO -   ⚠️ Sem novas queries para testar
2026-09-25 19:43:42,611 - INFO - 
📊 Métricas finais para IFCE:
2026-09-25 19:43:42,611 - INFO -    Total de queries testadas: 1
2026-09-25 19:43:42,611 - INFO -    Queries com sucesso: 0
2026-09-25 19:43:42,636 - INFO -    🔤 Filtrando 500 repositórios por idioma (português)...
2026-09-25 19:43:43,863 - INFO -    ✅ Filtro de idioma: 371/500 repositórios mantidos (74.2% em português)
2026-09-25 19:43:43,864 - INFO - ✅ IFCE: 371 repositórios em português
2026-09-25 19:43:43,864 - INFO -    Palavras-chave: python, sistema, crato, dados, campus, trabalho, curso, para, java, atividades
2026-09-25 19:43:46,864 - INFO - 
============================================================
2026-09-25 19:43:46,864 - INFO - 🏛️  Processando IFCE - Campus Crato
2026-09-25 19:43:46,864 - INFO - ============================================================
2026-09-25 19:43:46,865 - INFO - 
🔄 Iteração 1/3 para IFCE
2026-09-25 19:43:46,865 - INFO -   🔎 Testando: "ifce"
2026-09-25 19:44:04,193 - INFO -      ✅ 500 resultados (eficiência: 0.30)
2026-09-25 19:44:07,194 - INFO - 
🔄 Iteração 2/3 para IFCE
2026-09-25 19:44:07,194 - INFO -   ⚠️ Sem novas queries para testar
2026-09-25 19:44:07,194 - INFO - 
📊 Métricas finais para IFCE:
2026-09-25 19:44:07,194 - INFO -    Total de queries testadas: 1
2026-09-25 19:44:07,194 - INFO -    Queries com sucesso: 0
2026-09-25 19:44:07,220 - INFO -    🔤 Filtrando 500 repositórios por idioma (português)...
2026-09-25 19:44:08,470 - INFO -    ✅ Filtro de idioma: 371/500 repositórios mantidos (74.2% em português)
2026-09-25 19:44:08,470 - INFO - ✅ IFCE: 371 repositórios em português
2026-09-25 19:44:08,470 - INFO -    Palavras-chave: python, sistema, crato, dados, campus, trabalho, curso, para, java, atividades
2026-09-25 19:44:11,470 - INFO - 
============================================================
2026-09-25 19:44:11,471 - INFO - 🏛️  Processando IFCE - Campus Iguatu
2026-09-25 19:44:11,471 - INFO - ============================================================
2026-09-25 19:44:11,471 - INFO - 
🔄 Iteração 1/3 para IFCE
2026-09-25 19:44:11,471 - INFO -   🔎 Testando: "ifce"
2026-09-25 19:44:28,076 - INFO -      ✅ 500 resultados (eficiência: 0.30)
2026-09-25 19:44:31,076 - INFO - 
🔄 Iteração 2/3 para IFCE
2026-09-25 19:44:31,077 - INFO -   ⚠️ Sem novas queries para testar
2026-09-25 19:44:31,077 - INFO - 
📊 Métricas finais para IFCE:
2026-09-25 19:44:31,077 - INFO -    Total de queries testadas: 1
2026-09-25 19:44:31,077 - INFO -    Queries com sucesso: 0
2026-09-25 19:44:31,102 - INFO -    🔤 Filtrando 500 repositórios por idioma (português)...
2026-09-25 19:44:32,297 - INFO -    ✅ Filtro de idioma: 371/500 repositórios mantidos (74.2% em português)
2026-09-25 19:44:32,297 - INFO - ✅ IFCE: 371 repositórios em português
2026-09-25 19:44:32,297 - INFO -    Palavras-chave: python, sistema, crato, dados, campus, trabalho, curso, para, java, atividades
2026-09-25 19:44:35,298 - INFO - 
============================================================
2026-09-25 19:44:35,298 - INFO - 🏛️  Processando IFCE - Campus Canindé
2026-09-25 19:44:35,298 - INFO - ============================================================
2026-09-25 19:44:35,298 - INFO - 
🔄 Iteração 1/3 para IFCE
2026-09-25 19:44:35,298 - INFO -   🔎 Testando: "ifce"
2026-09-25 19:44:54,363 - INFO -      ✅ 500 resultados (eficiência: 0.30)
2026-09-25 19:44:57,363 - INFO - 
🔄 Iteração 2/3 para IFCE
2026-09-25 19:44:57,364 - INFO -   ⚠️ Sem novas queries para testar
2026-09-25 19:44:57,364 - INFO - 
📊 Métricas finais para IFCE:
2026-09-25 19:44:57,364 - INFO -    Total de queries testadas: 1
2026-09-25 19:44:57,364 - INFO -    Queries com sucesso: 0
2026-09-25 19:44:57,387 - INFO -    🔤 Filtrando 500 repositórios por idioma (português)...
2026-09-25 19:44:58,609 - INFO -    ✅ Filtro de idioma: 371/500 repositórios mantidos (74.2% em português)
2026-09-25 19:44:58,609 - INFO - ✅ IFCE: 371 repositórios em português
2026-09-25 19:44:58,609 - INFO -    Palavras-chave: python, sistema, crato, dados, campus, trabalho, curso, para, java, atividades
2026-09-25 19:45:01,609 - INFO - 
============================================================
2026-09-25 19:45:01,609 - INFO - 🏛️  Processando IFCE - Campus Limoeiro do Norte
2026-09-25 19:45:01,609 - INFO - ============================================================
2026-09-25 19:45:01,610 - INFO - 
🔄 Iteração 1/3 para IFCE
2026-09-25 19:45:01,610 - INFO -   🔎 Testando: "campus limoeiro"
2026-09-25 19:45:02,162 - INFO -      ✅ 1 resultados (eficiência: 0.00)
2026-09-25 19:45:03,163 - INFO -   🔎 Testando: "ifce"
2026-09-25 19:45:18,628 - INFO -      ✅ 500 resultados (eficiência: 0.30)
2026-09-25 19:45:21,628 - INFO - 
🔄 Iteração 2/3 para IFCE
2026-09-25 19:45:21,629 - INFO -   ⚠️ Sem novas queries para testar
2026-09-25 19:45:21,629 - INFO - 
📊 Métricas finais para IFCE:
2026-09-25 19:45:21,629 - INFO -    Total de queries testadas: 2
2026-09-25 19:45:21,629 - INFO -    Queries com sucesso: 0
2026-09-25 19:45:21,648 - INFO -    🔤 Filtrando 501 repositórios por idioma (português)...
2026-09-25 19:45:22,872 - INFO -    ✅ Filtro de idioma: 372/501 repositórios mantidos (74.3% em português)
2026-09-25 19:45:22,872 - INFO - ✅ IFCE: 372 repositórios em português
2026-09-25 19:45:22,872 - INFO -    Palavras-chave: python, sistema, crato, dados, campus, trabalho, curso, para, java, atividades
2026-09-25 19:45:25,873 - INFO - 
============================================================
2026-09-25 19:45:25,873 - INFO - 🏛️  Processando IFCE - Campus Sobral
2026-09-25 19:45:25,873 - INFO - ============================================================
2026-09-25 19:45:25,873 - INFO - 
🔄 Iteração 1/3 para IFCE
2026-09-25 19:45:25,873 - INFO -   🔎 Testando: "ifce"
2026-09-25 19:45:41,162 - INFO -      ✅ 500 resultados (eficiência: 0.30)
2026-09-25 19:45:44,162 - INFO - 
🔄 Iteração 2/3 para IFCE
2026-09-25 19:45:44,162 - INFO -   ⚠️ Sem novas queries para testar
2026-09-25 19:45:44,163 - INFO - 
📊 Métricas finais para IFCE:
2026-09-25 19:45:44,163 - INFO -    Total de queries testadas: 1
2026-09-25 19:45:44,163 - INFO -    Queries com sucesso: 0
2026-09-25 19:45:44,192 - INFO -    🔤 Filtrando 500 repositórios por idioma (português)...
2026-09-25 19:45:45,431 - INFO -    ✅ Filtro de idioma: 371/500 repositórios mantidos (74.2% em português)
2026-09-25 19:45:45,431 - INFO - ✅ IFCE: 371 repositórios em português
2026-09-25 19:45:45,431 - INFO -    Palavras-chave: python, sistema, crato, dados, campus, trabalho, curso, para, java, atividades
2026-09-25 19:45:48,432 - INFO - 
============================================================
2026-09-25 19:45:48,432 - INFO - 🏛️  Processando IFCE - Campus Acaraú
2026-09-25 19:45:48,432 - INFO - ============================================================
2026-09-25 19:45:48,432 - INFO - 
🔄 Iteração 1/3 para IFCE
2026-09-25 19:45:48,432 - INFO -   🔎 Testando: "ifce"
2026-09-25 19:46:04,438 - INFO -      ✅ 500 resultados (eficiência: 0.30)
2026-09-25 19:46:07,438 - INFO - 
🔄 Iteração 2/3 para IFCE
2026-09-25 19:46:07,438 - INFO -   ⚠️ Sem novas queries para testar
2026-09-25 19:46:07,438 - INFO - 
📊 Métricas finais para IFCE:
2026-09-25 19:46:07,438 - INFO -    Total de queries testadas: 1
2026-09-25 19:46:07,438 - INFO -    Queries com sucesso: 0
2026-09-25 19:46:07,456 - INFO -    🔤 Filtrando 500 repositórios por idioma (português)...
2026-09-25 19:46:08,704 - INFO -    ✅ Filtro de idioma: 371/500 repositórios mantidos (74.2% em português)
2026-09-25 19:46:08,704 - INFO - ✅ IFCE: 371 repositórios em português
2026-09-25 19:46:08,704 - INFO -    Palavras-chave: python, sistema, crato, dados, campus, trabalho, curso, para, java, atividades
2026-09-25 19:46:11,705 - INFO - 
============================================================
2026-09-25 19:46:11,705 - INFO - 🏛️  Processando IFCE - Campus Crateús
2026-09-25 19:46:11,705 - INFO - ============================================================
2026-09-25 19:46:11,705 - INFO - 
🔄 Iteração 1/3 para IFCE
2026-09-25 19:46:11,705 - INFO -   🔎 Testando: "ifce"
2026-09-25 19:46:26,830 - INFO -      ✅ 500 resultados (eficiência: 0.30)
2026-09-25 19:46:29,831 - INFO - 
🔄 Iteração 2/3 para IFCE
2026-09-25 19:46:29,831 - INFO -   ⚠️ Sem novas queries para testar
2026-09-25 19:46:29,831 - INFO - 
📊 Métricas finais para IFCE:
2026-09-25 19:46:29,831 - INFO -    Total de queries testadas: 1
2026-09-25 19:46:29,831 - INFO -    Queries com sucesso: 0
2026-09-25 19:46:29,855 - INFO -    🔤 Filtrando 500 repositórios por idioma (português)...
2026-09-25 19:46:31,050 - INFO -    ✅ Filtro de idioma: 371/500 repositórios mantidos (74.2% em português)
2026-09-25 19:46:31,050 - INFO - ✅ IFCE: 371 repositórios em português
2026-09-25 19:46:31,050 - INFO -    Palavras-chave: python, sistema, crato, dados, campus, trabalho, curso, para, java, atividades
2026-09-25 19:46:34,051 - INFO - 
============================================================
2026-09-25 19:46:34,051 - INFO - 🏛️  Processando IFCE - Campus Quixadá
2026-09-25 19:46:34,051 - INFO - ============================================================
2026-09-25 19:46:34,051 - INFO - 
🔄 Iteração 1/3 para IFCE
2026-09-25 19:46:34,051 - INFO -   🔎 Testando: "ifce"
2026-09-25 19:46:49,770 - INFO -      ✅ 500 resultados (eficiência: 0.30)
2026-09-25 19:46:52,770 - INFO - 
🔄 Iteração 2/3 para IFCE
2026-09-25 19:46:52,770 - INFO -   ⚠️ Sem novas queries para testar
2026-09-25 19:46:52,771 - INFO - 
📊 Métricas finais para IFCE:
2026-09-25 19:46:52,771 - INFO -    Total de queries testadas: 1
2026-09-25 19:46:52,771 - INFO -    Queries com sucesso: 0
2026-09-25 19:46:52,788 - INFO -    🔤 Filtrando 500 repositórios por idioma (português)...
2026-09-25 19:46:53,988 - INFO -    ✅ Filtro de idioma: 371/500 repositórios mantidos (74.2% em português)
2026-09-25 19:46:53,988 - INFO - ✅ IFCE: 371 repositórios em português
2026-09-25 19:46:53,988 - INFO -    Palavras-chave: python, sistema, crato, dados, campus, trabalho, curso, para, java, atividades
2026-09-25 19:46:56,989 - INFO - 
============================================================
2026-09-25 19:46:56,989 - INFO - 🏛️  Processando IFPA - Campus Belém
2026-09-25 19:46:56,989 - INFO - ============================================================
2026-09-25 19:46:56,989 - INFO - 
🔄 Iteração 1/3 para IFPA
2026-09-25 19:46:56,989 - INFO -   🔎 Testando: "ifpa"
2026-09-25 19:47:11,680 - INFO -      ✅ 444 resultados (eficiência: 0.30)
2026-09-25 19:47:14,680 - INFO - 
🔄 Iteração 2/3 para IFPA
2026-09-25 19:47:14,680 - INFO -   ⚠️ Sem novas queries para testar
2026-09-25 19:47:14,680 - INFO - 
📊 Métricas finais para IFPA:
2026-09-25 19:47:14,681 - INFO -    Total de queries testadas: 1
2026-09-25 19:47:14,681 - INFO -    Queries com sucesso: 0
2026-09-25 19:47:14,702 - INFO -    🔤 Filtrando 444 repositórios por idioma (português)...
2026-09-25 19:47:15,807 - INFO -    ✅ Filtro de idioma: 278/444 repositórios mantidos (62.6% em português)
2026-09-25 19:47:15,807 - INFO - ✅ IFPA: 278 repositórios em português
2026-09-25 19:47:15,807 - INFO -    Palavras-chave: sistema, desenvolvido, dados, campus, pinball, ifpan, curso, para, mobile, site
2026-09-25 19:47:18,807 - INFO - 
============================================================
2026-09-25 19:47:18,807 - INFO - 🏛️  Processando IFPA - Campus Castanhal
2026-09-25 19:47:18,807 - INFO - ============================================================
2026-09-25 19:47:18,808 - INFO - 
🔄 Iteração 1/3 para IFPA
2026-09-25 19:47:18,808 - INFO -   🔎 Testando: "ifpa"
2026-09-25 19:47:33,993 - INFO -      ✅ 444 resultados (eficiência: 0.30)
2026-09-25 19:47:36,994 - INFO - 
🔄 Iteração 2/3 para IFPA
2026-09-25 19:47:36,994 - INFO -   ⚠️ Sem novas queries para testar
2026-09-25 19:47:36,994 - INFO - 
📊 Métricas finais para IFPA:
2026-09-25 19:47:36,994 - INFO -    Total de queries testadas: 1
2026-09-25 19:47:36,994 - INFO -    Queries com sucesso: 0
2026-09-25 19:47:37,021 - INFO -    🔤 Filtrando 444 repositórios por idioma (português)...
2026-09-25 19:47:38,147 - INFO -    ✅ Filtro de idioma: 278/444 repositórios mantidos (62.6% em português)
2026-09-25 19:47:38,147 - INFO - ✅ IFPA: 278 repositórios em português
2026-09-25 19:47:38,147 - INFO -    Palavras-chave: sistema, desenvolvido, dados, campus, pinball, ifpan, curso, para, mobile, site
2026-09-25 19:47:41,148 - INFO - 
============================================================
2026-09-25 19:47:41,148 - INFO - 🏛️  Processando IFPA - Campus Altamira
2026-09-25 19:47:41,148 - INFO - ============================================================
2026-09-25 19:47:41,148 - INFO - 
🔄 Iteração 1/3 para IFPA
2026-09-25 19:47:41,148 - INFO -   🔎 Testando: "ifpa"
2026-09-25 19:47:55,400 - INFO -      ✅ 444 resultados (eficiência: 0.30)
2026-09-25 19:47:58,400 - INFO - 
🔄 Iteração 2/3 para IFPA
2026-09-25 19:47:58,400 - INFO -   ⚠️ Sem novas queries para testar
2026-09-25 19:47:58,400 - INFO - 
📊 Métricas finais para IFPA:
2026-09-25 19:47:58,400 - INFO -    Total de queries testadas: 1
2026-09-25 19:47:58,400 - INFO -    Queries com sucesso: 0
2026-09-25 19:47:58,411 - INFO -    🔤 Filtrando 444 repositórios por idioma (português)...
2026-09-25 19:47:59,528 - INFO -    ✅ Filtro de idioma: 278/444 repositórios mantidos (62.6% em português)
2026-09-25 19:47:59,528 - INFO - ✅ IFPA: 278 repositórios em português
2026-09-25 19:47:59,528 - INFO -    Palavras-chave: sistema, desenvolvido, dados, campus, pinball, ifpan, curso, para, mobile, site
2026-09-25 19:48:02,528 - INFO - 
============================================================
2026-09-25 19:48:02,529 - INFO - 🏛️  Processando IFPA - Campus Marabá
2026-09-25 19:48:02,529 - INFO - ============================================================
2026-09-25 19:48:02,529 - INFO - 
🔄 Iteração 1/3 para IFPA
2026-09-25 19:48:02,529 - INFO -   🔎 Testando: "ifpa"
2026-09-25 19:48:16,944 - INFO -      ✅ 444 resultados (eficiência: 0.30)
2026-09-25 19:48:19,944 - INFO - 
🔄 Iteração 2/3 para IFPA
2026-09-25 19:48:19,945 - INFO -   ⚠️ Sem novas queries para testar
2026-09-25 19:48:19,945 - INFO - 
📊 Métricas finais para IFPA:
2026-09-25 19:48:19,945 - INFO -    Total de queries testadas: 1
2026-09-25 19:48:19,945 - INFO -    Queries com sucesso: 0
2026-09-25 19:48:19,964 - INFO -    🔤 Filtrando 444 repositórios por idioma (português)...
2026-09-25 19:48:21,068 - INFO -    ✅ Filtro de idioma: 278/444 repositórios mantidos (62.6% em português)
2026-09-25 19:48:21,068 - INFO - ✅ IFPA: 278 repositórios em português
2026-09-25 19:48:21,068 - INFO -    Palavras-chave: sistema, desenvolvido, dados, campus, pinball, ifpan, curso, para, mobile, site
2026-09-25 19:48:24,069 - INFO - 
============================================================
2026-09-25 19:48:24,069 - INFO - 🏛️  Processando IFPA - Campus Tucuruí
2026-09-25 19:48:24,069 - INFO - ============================================================
2026-09-25 19:48:24,069 - INFO - 
🔄 Iteração 1/3 para IFPA
2026-09-25 19:48:24,069 - INFO -   🔎 Testando: "ifpa"
2026-09-25 19:48:38,109 - INFO -      ✅ 444 resultados (eficiência: 0.30)
2026-09-25 19:48:41,110 - INFO - 
🔄 Iteração 2/3 para IFPA
2026-09-25 19:48:41,110 - INFO -   ⚠️ Sem novas queries para testar
2026-09-25 19:48:41,110 - INFO - 
📊 Métricas finais para IFPA:
2026-09-25 19:48:41,111 - INFO -    Total de queries testadas: 1
2026-09-25 19:48:41,111 - INFO -    Queries com sucesso: 0
2026-09-25 19:48:41,126 - INFO -    🔤 Filtrando 444 repositórios por idioma (português)...
2026-09-25 19:48:42,241 - INFO -    ✅ Filtro de idioma: 278/444 repositórios mantidos (62.6% em português)
2026-09-25 19:48:42,241 - INFO - ✅ IFPA: 278 repositórios em português
2026-09-25 19:48:42,241 - INFO -    Palavras-chave: sistema, desenvolvido, dados, campus, pinball, ifpan, curso, para, mobile, site
2026-09-25 19:48:45,241 - INFO - 
============================================================
2026-09-25 19:48:45,242 - INFO - 🏛️  Processando IFPA - Campus Marabá Industrial
2026-09-25 19:48:45,242 - INFO - ============================================================
2026-09-25 19:48:45,242 - INFO - 
🔄 Iteração 1/3 para IFPA
2026-09-25 19:48:45,242 - INFO -   🔎 Testando: "ifpa"
2026-09-25 19:49:00,268 - INFO -      ✅ 444 resultados (eficiência: 0.30)
2026-09-25 19:49:01,268 - INFO -   🔎 Testando: "campus marabá"
2026-09-25 19:49:01,728 - INFO -      ✅ 1 resultados (eficiência: 0.00)
2026-09-25 19:49:04,729 - INFO - 
🔄 Iteração 2/3 para IFPA
2026-09-25 19:49:04,729 - INFO -   ⚠️ Sem novas queries para testar
2026-09-25 19:49:04,729 - INFO - 
📊 Métricas finais para IFPA:
2026-09-25 19:49:04,729 - INFO -    Total de queries testadas: 2
2026-09-25 19:49:04,729 - INFO -    Queries com sucesso: 0
2026-09-25 19:49:04,756 - INFO -    🔤 Filtrando 444 repositórios por idioma (português)...
2026-09-25 19:49:05,861 - INFO -    ✅ Filtro de idioma: 278/444 repositórios mantidos (62.6% em português)
2026-09-25 19:49:05,861 - INFO - ✅ IFPA: 278 repositórios em português
2026-09-25 19:49:05,861 - INFO -    Palavras-chave: sistema, desenvolvido, dados, campus, pinball, ifpan, curso, para, mobile, site
2026-09-25 19:49:08,861 - INFO - 
============================================================
2026-09-25 19:49:08,861 - INFO - 🏛️  Processando IFPA - Campus Abaetetuba
2026-09-25 19:49:08,862 - INFO - ============================================================
2026-09-25 19:49:08,862 - INFO - 
🔄 Iteração 1/3 para IFPA
2026-09-25 19:49:08,862 - INFO -   🔎 Testando: "ifpa"
2026-09-25 19:49:22,209 - INFO -      ✅ 444 resultados (eficiência: 0.30)
2026-09-25 19:49:25,210 - INFO - 
🔄 Iteração 2/3 para IFPA
2026-09-25 19:49:25,210 - INFO -   ⚠️ Sem novas queries para testar
2026-09-25 19:49:25,210 - INFO - 
📊 Métricas finais para IFPA:
2026-09-25 19:49:25,210 - INFO -    Total de queries testadas: 1
2026-09-25 19:49:25,210 - INFO -    Queries com sucesso: 0
2026-09-25 19:49:25,233 - INFO -    🔤 Filtrando 444 repositórios por idioma (português)...
2026-09-25 19:49:26,332 - INFO -    ✅ Filtro de idioma: 278/444 repositórios mantidos (62.6% em português)
2026-09-25 19:49:26,332 - INFO - ✅ IFPA: 278 repositórios em português
2026-09-25 19:49:26,332 - INFO -    Palavras-chave: sistema, desenvolvido, dados, campus, pinball, ifpan, curso, para, mobile, site
2026-09-25 19:49:29,333 - INFO - 
============================================================
2026-09-25 19:49:29,333 - INFO - 🏛️  Processando IFPA - Campus Bragança
2026-09-25 19:49:29,333 - INFO - ============================================================
2026-09-25 19:49:29,333 - INFO - 
🔄 Iteração 1/3 para IFPA
2026-09-25 19:49:29,333 - INFO -   🔎 Testando: "ifpa"
2026-09-25 19:49:43,132 - INFO -      ✅ 444 resultados (eficiência: 0.30)
2026-09-25 19:49:46,132 - INFO - 
🔄 Iteração 2/3 para IFPA
2026-09-25 19:49:46,132 - INFO -   ⚠️ Sem novas queries para testar
2026-09-25 19:49:46,133 - INFO - 
📊 Métricas finais para IFPA:
2026-09-25 19:49:46,133 - INFO -    Total de queries testadas: 1
2026-09-25 19:49:46,133 - INFO -    Queries com sucesso: 0
2026-09-25 19:49:46,155 - INFO -    🔤 Filtrando 444 repositórios por idioma (português)...
2026-09-25 19:49:47,299 - INFO -    ✅ Filtro de idioma: 278/444 repositórios mantidos (62.6% em português)
2026-09-25 19:49:47,299 - INFO - ✅ IFPA: 278 repositórios em português
2026-09-25 19:49:47,299 - INFO -    Palavras-chave: sistema, desenvolvido, dados, campus, pinball, ifpan, curso, para, mobile, site
2026-09-25 19:49:50,299 - INFO - 
============================================================
2026-09-25 19:49:50,299 - INFO - 🏛️  Processando IFPA - Campus Itaituba
2026-09-25 19:49:50,299 - INFO - ============================================================
2026-09-25 19:49:50,299 - INFO - 
🔄 Iteração 1/3 para IFPA
2026-09-25 19:49:50,299 - INFO -   🔎 Testando: "ifpa"
2026-09-25 19:50:05,219 - INFO -      ✅ 444 resultados (eficiência: 0.30)
2026-09-25 19:50:08,220 - INFO - 
🔄 Iteração 2/3 para IFPA
2026-09-25 19:50:08,220 - INFO -   ⚠️ Sem novas queries para testar
2026-09-25 19:50:08,220 - INFO - 
📊 Métricas finais para IFPA:
2026-09-25 19:50:08,220 - INFO -    Total de queries testadas: 1
2026-09-25 19:50:08,220 - INFO -    Queries com sucesso: 0
2026-09-25 19:50:08,241 - INFO -    🔤 Filtrando 444 repositórios por idioma (português)...
2026-09-25 19:50:09,368 - INFO -    ✅ Filtro de idioma: 278/444 repositórios mantidos (62.6% em português)
2026-09-25 19:50:09,368 - INFO - ✅ IFPA: 278 repositórios em português
2026-09-25 19:50:09,368 - INFO -    Palavras-chave: sistema, desenvolvido, dados, campus, pinball, ifpan, curso, para, mobile, site
2026-09-25 19:50:12,368 - INFO - 
============================================================
2026-09-25 19:50:12,368 - INFO - 🏛️  Processando IFPA - Campus Conceição do Araguaia
2026-09-25 19:50:12,368 - INFO - ============================================================
2026-09-25 19:50:12,369 - INFO - 
🔄 Iteração 1/3 para IFPA
2026-09-25 19:50:12,369 - INFO -   🔎 Testando: "ifpa"
2026-09-25 19:50:26,743 - INFO -      ✅ 444 resultados (eficiência: 0.30)
2026-09-25 19:50:27,744 - INFO -   🔎 Testando: "campus conceição"
2026-09-25 19:50:28,171 - INFO -      ✅ 1 resultados (eficiência: 0.00)
2026-09-25 19:50:31,171 - INFO - 
🔄 Iteração 2/3 para IFPA
2026-09-25 19:50:31,172 - INFO -   ⚠️ Sem novas queries para testar
2026-09-25 19:50:31,172 - INFO - 
📊 Métricas finais para IFPA:
2026-09-25 19:50:31,172 - INFO -    Total de queries testadas: 2
2026-09-25 19:50:31,172 - INFO -    Queries com sucesso: 0
2026-09-25 19:50:31,195 - INFO -    🔤 Filtrando 444 repositórios por idioma (português)...
2026-09-25 19:50:32,310 - INFO -    ✅ Filtro de idioma: 278/444 repositórios mantidos (62.6% em português)
2026-09-25 19:50:32,310 - INFO - ✅ IFPA: 278 repositórios em português
2026-09-25 19:50:32,310 - INFO -    Palavras-chave: sistema, desenvolvido, dados, campus, pinball, ifpan, curso, para, mobile, site
2026-09-25 19:50:35,311 - INFO - 
============================================================
2026-09-25 19:50:35,311 - INFO - 🏛️  Processando IFPA - Campus Santarém
2026-09-25 19:50:35,311 - INFO - ============================================================
2026-09-25 19:50:35,311 - INFO - 
🔄 Iteração 1/3 para IFPA
2026-09-25 19:50:35,311 - INFO -   🔎 Testando: "ifpa"
2026-09-25 19:50:50,961 - INFO -      ✅ 444 resultados (eficiência: 0.30)
2026-09-25 19:50:53,961 - INFO - 
🔄 Iteração 2/3 para IFPA
2026-09-25 19:50:53,961 - INFO -   ⚠️ Sem novas queries para testar
2026-09-25 19:50:53,961 - INFO - 
📊 Métricas finais para IFPA:
2026-09-25 19:50:53,961 - INFO -    Total de queries testadas: 1
2026-09-25 19:50:53,961 - INFO -    Queries com sucesso: 0
2026-09-25 19:50:53,983 - INFO -    🔤 Filtrando 444 repositórios por idioma (português)...
2026-09-25 19:50:55,086 - INFO -    ✅ Filtro de idioma: 278/444 repositórios mantidos (62.6% em português)
2026-09-25 19:50:55,086 - INFO - ✅ IFPA: 278 repositórios em português
2026-09-25 19:50:55,086 - INFO -    Palavras-chave: sistema, desenvolvido, dados, campus, pinball, ifpan, curso, para, mobile, site
2026-09-25 19:50:58,087 - INFO - 
============================================================
2026-09-25 19:50:58,087 - INFO - 🏛️  Processando IFPA - Campus Parauapebas
2026-09-25 19:50:58,087 - INFO - ============================================================
2026-09-25 19:50:58,087 - INFO - 
🔄 Iteração 1/3 para IFPA
2026-09-25 19:50:58,087 - INFO -   🔎 Testando: "ifpa"
2026-09-25 19:51:12,581 - INFO -      ✅ 444 resultados (eficiência: 0.30)
2026-09-25 19:51:15,582 - INFO - 
🔄 Iteração 2/3 para IFPA
2026-09-25 19:51:15,582 - INFO -   ⚠️ Sem novas queries para testar
2026-09-25 19:51:15,582 - INFO - 
📊 Métricas finais para IFPA:
2026-09-25 19:51:15,582 - INFO -    Total de queries testadas: 1
2026-09-25 19:51:15,582 - INFO -    Queries com sucesso: 0
2026-09-25 19:51:15,602 - INFO -    🔤 Filtrando 444 repositórios por idioma (português)...
2026-09-25 19:51:16,726 - INFO -    ✅ Filtro de idioma: 278/444 repositórios mantidos (62.6% em português)
2026-09-25 19:51:16,726 - INFO - ✅ IFPA: 278 repositórios em português
2026-09-25 19:51:16,726 - INFO -    Palavras-chave: sistema, desenvolvido, dados, campus, pinball, ifpan, curso, para, mobile, site
2026-09-25 19:51:19,726 - INFO - 
============================================================
2026-09-25 19:51:19,726 - INFO - 🏛️  Processando IFPA - Campus Cametá
2026-09-25 19:51:19,726 - INFO - ============================================================
2026-09-25 19:51:19,726 - INFO - 
🔄 Iteração 1/3 para IFPA
2026-09-25 19:51:19,726 - INFO -   🔎 Testando: "ifpa"
2026-09-25 19:51:33,971 - INFO -      ✅ 444 resultados (eficiência: 0.30)
2026-09-25 19:51:36,971 - INFO - 
🔄 Iteração 2/3 para IFPA
2026-09-25 19:51:36,971 - INFO -   ⚠️ Sem novas queries para testar
2026-09-25 19:51:36,972 - INFO - 
📊 Métricas finais para IFPA:
2026-09-25 19:51:36,972 - INFO -    Total de queries testadas: 1
2026-09-25 19:51:36,972 - INFO -    Queries com sucesso: 0
2026-09-25 19:51:36,996 - INFO -    🔤 Filtrando 444 repositórios por idioma (português)...
2026-09-25 19:51:38,084 - INFO -    ✅ Filtro de idioma: 278/444 repositórios mantidos (62.6% em português)
2026-09-25 19:51:38,084 - INFO - ✅ IFPA: 278 repositórios em português
2026-09-25 19:51:38,084 - INFO -    Palavras-chave: sistema, desenvolvido, dados, campus, pinball, ifpan, curso, para, mobile, site
2026-09-25 19:51:41,085 - INFO - 
============================================================
2026-09-25 19:51:41,085 - INFO - 🏛️  Processando IFPA - Campus Breves
2026-09-25 19:51:41,085 - INFO - ============================================================
2026-09-25 19:51:41,085 - INFO - 
🔄 Iteração 1/3 para IFPA
2026-09-25 19:51:41,086 - INFO -   🔎 Testando: "ifpa"
2026-09-25 19:51:55,021 - INFO -      ✅ 444 resultados (eficiência: 0.30)
2026-09-25 19:51:58,022 - INFO - 
🔄 Iteração 2/3 para IFPA
2026-09-25 19:51:58,022 - INFO -   ⚠️ Sem novas queries para testar
2026-09-25 19:51:58,022 - INFO - 
📊 Métricas finais para IFPA:
2026-09-25 19:51:58,022 - INFO -    Total de queries testadas: 1
2026-09-25 19:51:58,022 - INFO -    Queries com sucesso: 0
2026-09-25 19:51:58,040 - INFO -    🔤 Filtrando 444 repositórios por idioma (português)...
2026-09-25 19:51:59,138 - INFO -    ✅ Filtro de idioma: 278/444 repositórios mantidos (62.6% em português)
2026-09-25 19:51:59,139 - INFO - ✅ IFPA: 278 repositórios em português
2026-09-25 19:51:59,139 - INFO -    Palavras-chave: sistema, desenvolvido, dados, campus, pinball, ifpan, curso, para, mobile, site
2026-09-25 19:52:02,139 - INFO - 
============================================================
2026-09-25 19:52:02,139 - INFO - 🏛️  Processando IFPA - Campus Óbidos
2026-09-25 19:52:02,139 - INFO - ============================================================
2026-09-25 19:52:02,139 - INFO - 
🔄 Iteração 1/3 para IFPA
2026-09-25 19:52:02,139 - INFO -   🔎 Testando: "ifpa"
2026-09-25 19:52:16,175 - INFO -      ✅ 444 resultados (eficiência: 0.30)
2026-09-25 19:52:19,176 - INFO - 
🔄 Iteração 2/3 para IFPA
2026-09-25 19:52:19,176 - INFO -   ⚠️ Sem novas queries para testar
2026-09-25 19:52:19,176 - INFO - 
📊 Métricas finais para IFPA:
2026-09-25 19:52:19,176 - INFO -    Total de queries testadas: 1
2026-09-25 19:52:19,176 - INFO -    Queries com sucesso: 0
2026-09-25 19:52:19,208 - INFO -    🔤 Filtrando 444 repositórios por idioma (português)...
2026-09-25 19:52:20,321 - INFO -    ✅ Filtro de idioma: 278/444 repositórios mantidos (62.6% em português)
2026-09-25 19:52:20,321 - INFO - ✅ IFPA: 278 repositórios em português
2026-09-25 19:52:20,321 - INFO -    Palavras-chave: sistema, desenvolvido, dados, campus, pinball, ifpan, curso, para, mobile, site
2026-09-25 19:52:23,321 - INFO - 
============================================================
2026-09-25 19:52:23,322 - INFO - 🏛️  Processando IFPA - Campus Oriximiná
2026-09-25 19:52:23,322 - INFO - ============================================================
2026-09-25 19:52:23,322 - INFO - 
🔄 Iteração 1/3 para IFPA
2026-09-25 19:52:23,322 - INFO -   🔎 Testando: "ifpa"
2026-09-25 19:52:37,162 - INFO -      ✅ 444 resultados (eficiência: 0.30)
2026-09-25 19:52:40,162 - INFO - 
🔄 Iteração 2/3 para IFPA
2026-09-25 19:52:40,162 - INFO -   ⚠️ Sem novas queries para testar
2026-09-25 19:52:40,163 - INFO - 
📊 Métricas finais para IFPA:
2026-09-25 19:52:40,163 - INFO -    Total de queries testadas: 1
2026-09-25 19:52:40,163 - INFO -    Queries com sucesso: 0
2026-09-25 19:52:40,179 - INFO -    🔤 Filtrando 444 repositórios por idioma (português)...
2026-09-25 19:52:41,282 - INFO -    ✅ Filtro de idioma: 278/444 repositórios mantidos (62.6% em português)
2026-09-25 19:52:41,282 - INFO - ✅ IFPA: 278 repositórios em português
2026-09-25 19:52:41,282 - INFO -    Palavras-chave: sistema, desenvolvido, dados, campus, pinball, ifpan, curso, para, mobile, site
2026-09-25 19:52:44,282 - INFO - 
============================================================
2026-09-25 19:52:44,283 - INFO - 🏛️  Processando IFPA - Campus Portel
2026-09-25 19:52:44,283 - INFO - ============================================================
2026-09-25 19:52:44,283 - INFO - 
🔄 Iteração 1/3 para IFPA
2026-09-25 19:52:44,283 - INFO -   🔎 Testando: "ifpa"
2026-09-25 19:52:59,107 - INFO -      ✅ 444 resultados (eficiência: 0.30)
2026-09-25 19:53:02,108 - INFO - 
🔄 Iteração 2/3 para IFPA
2026-09-25 19:53:02,108 - INFO -   ⚠️ Sem novas queries para testar
2026-09-25 19:53:02,108 - INFO - 
📊 Métricas finais para IFPA:
2026-09-25 19:53:02,108 - INFO -    Total de queries testadas: 1
2026-09-25 19:53:02,108 - INFO -    Queries com sucesso: 0
2026-09-25 19:53:02,129 - INFO -    🔤 Filtrando 444 repositórios por idioma (português)...
2026-09-25 19:53:03,248 - INFO -    ✅ Filtro de idioma: 278/444 repositórios mantidos (62.6% em português)
2026-09-25 19:53:03,249 - INFO - ✅ IFPA: 278 repositórios em português
2026-09-25 19:53:03,249 - INFO -    Palavras-chave: sistema, desenvolvido, dados, campus, pinball, ifpan, curso, para, mobile, site
2026-09-25 19:53:06,249 - INFO - 
============================================================
2026-09-25 19:53:06,249 - INFO - 🏛️  Processando IFPA - Campus Salvaterra
2026-09-25 19:53:06,249 - INFO - ============================================================
2026-09-25 19:53:06,249 - INFO - 
🔄 Iteração 1/3 para IFPA
2026-09-25 19:53:06,249 - INFO -   🔎 Testando: "ifpa"
2026-09-25 19:53:19,527 - INFO -      ✅ 444 resultados (eficiência: 0.30)
2026-09-25 19:53:22,527 - INFO - 
🔄 Iteração 2/3 para IFPA
2026-09-25 19:53:22,528 - INFO -   ⚠️ Sem novas queries para testar
2026-09-25 19:53:22,528 - INFO - 
📊 Métricas finais para IFPA:
2026-09-25 19:53:22,528 - INFO -    Total de queries testadas: 1
2026-09-25 19:53:22,528 - INFO -    Queries com sucesso: 0
2026-09-25 19:53:22,549 - INFO -    🔤 Filtrando 444 repositórios por idioma (português)...
2026-09-25 19:53:23,671 - INFO -    ✅ Filtro de idioma: 278/444 repositórios mantidos (62.6% em português)
2026-09-25 19:53:23,671 - INFO - ✅ IFPA: 278 repositórios em português
2026-09-25 19:53:23,671 - INFO -    Palavras-chave: sistema, desenvolvido, dados, campus, pinball, ifpan, curso, para, mobile, site
2026-09-25 19:53:26,672 - INFO - 
============================================================
2026-09-25 19:53:26,672 - INFO - 🏛️  Processando IFPA - Campus São Félix do Xingu
2026-09-25 19:53:26,672 - INFO - ============================================================
2026-09-25 19:53:26,672 - INFO - 
🔄 Iteração 1/3 para IFPA
2026-09-25 19:53:26,672 - INFO -   🔎 Testando: "ifpa"
2026-09-25 19:53:40,439 - INFO -      ✅ 444 resultados (eficiência: 0.30)
2026-09-25 19:53:41,439 - INFO -   🔎 Testando: "campus são"
2026-09-25 19:53:51,468 - INFO -      ✅ 310 resultados (eficiência: 0.30)
2026-09-25 19:53:54,468 - INFO - 
🔄 Iteração 2/3 para IFPA
2026-09-25 19:53:54,469 - INFO -   ⚠️ Sem novas queries para testar
2026-09-25 19:53:54,469 - INFO - 
📊 Métricas finais para IFPA:
2026-09-25 19:53:54,469 - INFO -    Total de queries testadas: 2
2026-09-25 19:53:54,469 - INFO -    Queries com sucesso: 0
2026-09-25 19:53:54,502 - INFO -    🔤 Filtrando 754 repositórios por idioma (português)...
2026-09-25 19:53:55,973 - INFO -    ✅ Filtro de idioma: 584/754 repositórios mantidos (77.5% em português)
2026-09-25 19:53:55,973 - INFO - ✅ IFPA: 584 repositórios em português
2026-09-25 19:53:55,973 - INFO -    Palavras-chave: carlos, desenvolvido, sistemas, campus, federal, instituto, engenharia, curso, para, desenvolvimento
2026-09-25 19:53:58,974 - INFO - 
============================================================
2026-09-25 19:53:58,974 - INFO - 🏛️  Processando IFPA - Campus Vigia
2026-09-25 19:53:58,974 - INFO - ============================================================
2026-09-25 19:53:58,974 - INFO - 
🔄 Iteração 1/3 para IFPA
2026-09-25 19:53:58,974 - INFO -   🔎 Testando: "ifpa"
2026-09-25 19:54:13,124 - INFO -      ✅ 444 resultados (eficiência: 0.30)
2026-09-25 19:54:16,124 - INFO - 
🔄 Iteração 2/3 para IFPA
2026-09-25 19:54:16,124 - INFO -   ⚠️ Sem novas queries para testar
2026-09-25 19:54:16,125 - INFO - 
📊 Métricas finais para IFPA:
2026-09-25 19:54:16,125 - INFO -    Total de queries testadas: 1
2026-09-25 19:54:16,125 - INFO -    Queries com sucesso: 0
2026-09-25 19:54:16,147 - INFO -    🔤 Filtrando 444 repositórios por idioma (português)...
2026-09-25 19:54:17,240 - INFO -    ✅ Filtro de idioma: 278/444 repositórios mantidos (62.6% em português)
2026-09-25 19:54:17,240 - INFO - ✅ IFPA: 278 repositórios em português
2026-09-25 19:54:17,240 - INFO -    Palavras-chave: sistema, desenvolvido, dados, campus, pinball, ifpan, curso, para, mobile, site
2026-09-25 19:54:20,241 - INFO - 
============================================================
2026-09-25 19:54:20,241 - INFO - 🏛️  Processando IFPA - Campus Viseu
2026-09-25 19:54:20,241 - INFO - ============================================================
2026-09-25 19:54:20,241 - INFO - 
🔄 Iteração 1/3 para IFPA
2026-09-25 19:54:20,241 - INFO -   🔎 Testando: "ifpa"
2026-09-25 19:54:33,918 - INFO -      ✅ 444 resultados (eficiência: 0.30)
2026-09-25 19:54:36,918 - INFO - 
🔄 Iteração 2/3 para IFPA
2026-09-25 19:54:36,919 - INFO -   ⚠️ Sem novas queries para testar
2026-09-25 19:54:36,919 - INFO - 
📊 Métricas finais para IFPA:
2026-09-25 19:54:36,919 - INFO -    Total de queries testadas: 1
2026-09-25 19:54:36,919 - INFO -    Queries com sucesso: 0
2026-09-25 19:54:36,936 - INFO -    🔤 Filtrando 444 repositórios por idioma (português)...
2026-09-25 19:54:38,035 - INFO -    ✅ Filtro de idioma: 278/444 repositórios mantidos (62.6% em português)
2026-09-25 19:54:38,035 - INFO - ✅ IFPA: 278 repositórios em português
2026-09-25 19:54:38,035 - INFO -    Palavras-chave: sistema, desenvolvido, dados, campus, pinball, ifpan, curso, para, mobile, site
2026-09-25 19:54:41,036 - INFO - 
============================================================
2026-09-25 19:54:41,036 - INFO - 🏛️  Processando IFPA - Campus Xinguara
2026-09-25 19:54:41,036 - INFO - ============================================================
2026-09-25 19:54:41,036 - INFO - 
🔄 Iteração 1/3 para IFPA
2026-09-25 19:54:41,036 - INFO -   🔎 Testando: "ifpa"
2026-09-25 19:54:54,209 - INFO -      ✅ 444 resultados (eficiência: 0.30)
2026-09-25 19:54:57,209 - INFO - 
🔄 Iteração 2/3 para IFPA
2026-09-25 19:54:57,210 - INFO -   ⚠️ Sem novas queries para testar
2026-09-25 19:54:57,210 - INFO - 
📊 Métricas finais para IFPA:
2026-09-25 19:54:57,210 - INFO -    Total de queries testadas: 1
2026-09-25 19:54:57,210 - INFO -    Queries com sucesso: 0
2026-09-25 19:54:57,220 - INFO -    🔤 Filtrando 444 repositórios por idioma (português)...
2026-09-25 19:54:58,394 - INFO -    ✅ Filtro de idioma: 278/444 repositórios mantidos (62.6% em português)
2026-09-25 19:54:58,394 - INFO - ✅ IFPA: 278 repositórios em português
2026-09-25 19:54:58,395 - INFO -    Palavras-chave: sistema, desenvolvido, dados, campus, pinball, ifpan, curso, para, mobile, site
2026-09-25 19:55:01,395 - INFO - 
============================================================
2026-09-25 19:55:01,395 - INFO - 🏛️  Processando IFRN - Campus Natal Central
2026-09-25 19:55:01,395 - INFO - ============================================================
2026-09-25 19:55:01,395 - INFO - 
🔄 Iteração 1/3 para IFRN
2026-09-25 19:55:01,395 - INFO -   🔎 Testando: "ifrn"
2026-09-25 19:55:18,015 - INFO -      ✅ 500 resultados (eficiência: 0.30)
2026-09-25 19:55:19,015 - INFO -   🔎 Testando: "campus natal"
2026-09-25 19:55:20,418 - INFO -      ✅ 26 resultados (eficiência: 0.08)
2026-09-25 19:55:23,419 - INFO - 
🔄 Iteração 2/3 para IFRN
2026-09-25 19:55:23,419 - INFO -   ⚠️ Sem novas queries para testar
2026-09-25 19:55:23,419 - INFO - 
📊 Métricas finais para IFRN:
2026-09-25 19:55:23,419 - INFO -    Total de queries testadas: 2
2026-09-25 19:55:23,419 - INFO -    Queries com sucesso: 0
2026-09-25 19:55:23,449 - INFO -    🔤 Filtrando 522 repositórios por idioma (português)...
2026-09-25 19:55:24,619 - INFO -    ✅ Filtro de idioma: 404/522 repositórios mantidos (77.4% em português)
2026-09-25 19:55:24,619 - INFO - ✅ IFRN: 404 repositórios em português
2026-09-25 19:55:24,619 - INFO -    Palavras-chave: python, sistema, desenvolvido, campus, curso, para, integrador, natal, site, tads
2026-09-25 19:55:27,619 - INFO - 
============================================================
2026-09-25 19:55:27,619 - INFO - 🏛️  Processando IFRN - Campus Zona Norte de Natal
2026-09-25 19:55:27,619 - INFO - ============================================================
2026-09-25 19:55:27,619 - INFO - 
🔄 Iteração 1/3 para IFRN
2026-09-25 19:55:27,619 - INFO -   🔎 Testando: "campus zona"
2026-09-25 19:55:28,207 - INFO -      ✅ 4 resultados (eficiência: 0.01)
2026-09-25 19:55:29,207 - INFO -   🔎 Testando: "ifrn"
2026-09-25 19:55:45,892 - INFO -      ✅ 500 resultados (eficiência: 0.30)
2026-09-25 19:55:48,892 - INFO - 
🔄 Iteração 2/3 para IFRN
2026-09-25 19:55:48,892 - INFO -   ⚠️ Sem novas queries para testar
2026-09-25 19:55:48,893 - INFO - 
📊 Métricas finais para IFRN:
2026-09-25 19:55:48,893 - INFO -    Total de queries testadas: 2
2026-09-25 19:55:48,893 - INFO -    Queries com sucesso: 0
2026-09-25 19:55:48,911 - INFO -    🔤 Filtrando 504 repositórios por idioma (português)...
2026-09-25 19:55:50,040 - INFO -    ✅ Filtro de idioma: 387/504 repositórios mantidos (76.8% em português)
2026-09-25 19:55:50,040 - INFO - ✅ IFRN: 387 repositórios em português
2026-09-25 19:55:50,040 - INFO -    Palavras-chave: sistema, desenvolvido, dados, campus, curso, para, integrador, site, suap, tads
2026-09-25 19:55:53,041 - INFO - 
============================================================
2026-09-25 19:55:53,041 - INFO - 🏛️  Processando IFRN - Campus Mossoró
2026-09-25 19:55:53,041 - INFO - ============================================================
2026-09-25 19:55:53,041 - INFO - 
🔄 Iteração 1/3 para IFRN
2026-09-25 19:55:53,041 - INFO -   🔎 Testando: "ifrn"
2026-09-25 19:56:09,135 - INFO -      ✅ 500 resultados (eficiência: 0.30)
2026-09-25 19:56:12,136 - INFO - 
🔄 Iteração 2/3 para IFRN
2026-09-25 19:56:12,136 - INFO -   ⚠️ Sem novas queries para testar
2026-09-25 19:56:12,136 - INFO - 
📊 Métricas finais para IFRN:
2026-09-25 19:56:12,136 - INFO -    Total de queries testadas: 1
2026-09-25 19:56:12,136 - INFO -    Queries com sucesso: 0
2026-09-25 19:56:12,168 - INFO -    🔤 Filtrando 500 repositórios por idioma (português)...
2026-09-25 19:56:13,283 - INFO -    ✅ Filtro de idioma: 383/500 repositórios mantidos (76.6% em português)
2026-09-25 19:56:13,283 - INFO - ✅ IFRN: 383 repositórios em português
2026-09-25 19:56:13,283 - INFO -    Palavras-chave: sistema, desenvolvido, dados, campus, curso, para, integrador, site, suap, tads
2026-09-25 19:56:16,283 - INFO - 
============================================================
2026-09-25 19:56:16,283 - INFO - 🏛️  Processando IFRN - Campus Currais Novos
2026-09-25 19:56:16,283 - INFO - ============================================================
2026-09-25 19:56:16,283 - INFO - 
🔄 Iteração 1/3 para IFRN
2026-09-25 19:56:16,283 - INFO -   🔎 Testando: "campus currais"
2026-09-25 19:56:17,037 - INFO -      ✅ 10 resultados (eficiência: 0.03)
2026-09-25 19:56:18,038 - INFO -   🔎 Testando: "ifrn"
2026-09-25 19:56:33,590 - INFO -      ✅ 500 resultados (eficiência: 0.30)
2026-09-25 19:56:36,591 - INFO - 
🔄 Iteração 2/3 para IFRN
2026-09-25 19:56:36,591 - INFO -   ⚠️ Sem novas queries para testar
2026-09-25 19:56:36,591 - INFO - 
📊 Métricas finais para IFRN:
2026-09-25 19:56:36,591 - INFO -    Total de queries testadas: 2
2026-09-25 19:56:36,591 - INFO -    Queries com sucesso: 0
2026-09-25 19:56:36,612 - INFO -    🔤 Filtrando 507 repositórios por idioma (português)...
2026-09-25 19:56:37,765 - INFO -    ✅ Filtro de idioma: 390/507 repositórios mantidos (76.9% em português)
2026-09-25 19:56:37,765 - INFO - ✅ IFRN: 390 repositórios em português
2026-09-25 19:56:37,765 - INFO -    Palavras-chave: sistema, desenvolvido, dados, campus, curso, para, integrador, site, suap, tads
2026-09-25 19:56:40,766 - INFO - 
============================================================
2026-09-25 19:56:40,766 - INFO - 🏛️  Processando IFRN - Campus Santa Cruz
2026-09-25 19:56:40,766 - INFO - ============================================================
2026-09-25 19:56:40,766 - INFO - 
🔄 Iteração 1/3 para IFRN
2026-09-25 19:56:40,766 - INFO -   🔎 Testando: "ifrn"
2026-09-25 19:56:56,640 - INFO -      ✅ 500 resultados (eficiência: 0.30)
2026-09-25 19:56:57,640 - INFO -   🔎 Testando: "campus santa"
2026-09-25 19:57:00,247 - INFO -      ✅ 58 resultados (eficiência: 0.17)
2026-09-25 19:57:03,247 - INFO - 
🔄 Iteração 2/3 para IFRN
2026-09-25 19:57:03,247 - INFO -   ⚠️ Sem novas queries para testar
2026-09-25 19:57:03,247 - INFO - 
📊 Métricas finais para IFRN:
2026-09-25 19:57:03,247 - INFO -    Total de queries testadas: 2
2026-09-25 19:57:03,247 - INFO -    Queries com sucesso: 0
2026-09-25 19:57:03,264 - INFO -    🔤 Filtrando 557 repositórios por idioma (português)...
2026-09-25 19:57:04,570 - INFO -    ✅ Filtro de idioma: 440/557 repositórios mantidos (79.0% em português)
2026-09-25 19:57:04,570 - INFO - ✅ IFRN: 440 repositórios em português
2026-09-25 19:57:04,570 - INFO -    Palavras-chave: sistema, desenvolvido, campus, trabalho, curso, para, integrador, site, santa, tads
2026-09-25 19:57:07,571 - INFO - 
============================================================
2026-09-25 19:57:07,571 - INFO - 🏛️  Processando IFRN - Campus Caicó
2026-09-25 19:57:07,571 - INFO - ============================================================
2026-09-25 19:57:07,571 - INFO - 
🔄 Iteração 1/3 para IFRN
2026-09-25 19:57:07,571 - INFO -   🔎 Testando: "ifrn"
2026-09-25 19:57:23,181 - INFO -      ✅ 500 resultados (eficiência: 0.30)
2026-09-25 19:57:26,181 - INFO - 
🔄 Iteração 2/3 para IFRN
2026-09-25 19:57:26,182 - INFO -   ⚠️ Sem novas queries para testar
2026-09-25 19:57:26,182 - INFO - 
📊 Métricas finais para IFRN:
2026-09-25 19:57:26,182 - INFO -    Total de queries testadas: 1
2026-09-25 19:57:26,182 - INFO -    Queries com sucesso: 0
2026-09-25 19:57:26,196 - INFO -    🔤 Filtrando 500 repositórios por idioma (português)...
2026-09-25 19:57:27,308 - INFO -    ✅ Filtro de idioma: 383/500 repositórios mantidos (76.6% em português)
2026-09-25 19:57:27,309 - INFO - ✅ IFRN: 383 repositórios em português
2026-09-25 19:57:27,309 - INFO -    Palavras-chave: sistema, desenvolvido, dados, campus, curso, para, integrador, site, suap, tads
2026-09-25 19:57:30,309 - INFO - 
============================================================
2026-09-25 19:57:30,309 - INFO - 🏛️  Processando IFRN - Campus Zona Norte
2026-09-25 19:57:30,309 - INFO - ============================================================
2026-09-25 19:57:30,309 - INFO - 
🔄 Iteração 1/3 para IFRN
2026-09-25 19:57:30,309 - INFO -   🔎 Testando: "campus zona"
2026-09-25 19:57:30,825 - INFO -      ✅ 4 resultados (eficiência: 0.01)
2026-09-25 19:57:31,826 - INFO -   🔎 Testando: "ifrn"
2026-09-25 19:57:47,831 - INFO -      ✅ 500 resultados (eficiência: 0.30)
2026-09-25 19:57:50,832 - INFO - 
🔄 Iteração 2/3 para IFRN
2026-09-25 19:57:50,832 - INFO -   ⚠️ Sem novas queries para testar
2026-09-25 19:57:50,832 - INFO - 
📊 Métricas finais para IFRN:
2026-09-25 19:57:50,832 - INFO -    Total de queries testadas: 2
2026-09-25 19:57:50,832 - INFO -    Queries com sucesso: 0
2026-09-25 19:57:50,855 - INFO -    🔤 Filtrando 504 repositórios por idioma (português)...
2026-09-25 19:57:52,000 - INFO -    ✅ Filtro de idioma: 387/504 repositórios mantidos (76.8% em português)
2026-09-25 19:57:52,000 - INFO - ✅ IFRN: 387 repositórios em português
2026-09-25 19:57:52,000 - INFO -    Palavras-chave: sistema, desenvolvido, dados, campus, curso, para, integrador, site, suap, tads
2026-09-25 19:57:55,000 - INFO - 
============================================================
2026-09-25 19:57:55,001 - INFO - 🏛️  Processando IFRN - Campus Ipanguaçu
2026-09-25 19:57:55,001 - INFO - ============================================================
2026-09-25 19:57:55,001 - INFO - 
🔄 Iteração 1/3 para IFRN
2026-09-25 19:57:55,001 - INFO -   🔎 Testando: "ifrn"
2026-09-25 19:58:10,507 - INFO -      ✅ 500 resultados (eficiência: 0.30)
2026-09-25 19:58:13,508 - INFO - 
🔄 Iteração 2/3 para IFRN
2026-09-25 19:58:13,508 - INFO -   ⚠️ Sem novas queries para testar
2026-09-25 19:58:13,508 - INFO - 
📊 Métricas finais para IFRN:
2026-09-25 19:58:13,508 - INFO -    Total de queries testadas: 1
2026-09-25 19:58:13,508 - INFO -    Queries com sucesso: 0
2026-09-25 19:58:13,541 - INFO -    🔤 Filtrando 500 repositórios por idioma (português)...
2026-09-25 19:58:14,662 - INFO -    ✅ Filtro de idioma: 383/500 repositórios mantidos (76.6% em português)
2026-09-25 19:58:14,662 - INFO - ✅ IFRN: 383 repositórios em português
2026-09-25 19:58:14,662 - INFO -    Palavras-chave: sistema, desenvolvido, dados, campus, curso, para, integrador, site, suap, tads
2026-09-25 19:58:17,663 - INFO - 
============================================================
2026-09-25 19:58:17,663 - INFO - 🏛️  Processando IFRN - Campus João Câmara
2026-09-25 19:58:17,663 - INFO - ============================================================
2026-09-25 19:58:17,663 - INFO - 
🔄 Iteração 1/3 para IFRN
2026-09-25 19:58:17,663 - INFO -   🔎 Testando: "ifrn"
2026-09-25 19:58:33,640 - INFO -      ✅ 500 resultados (eficiência: 0.30)
2026-09-25 19:58:34,641 - INFO -   🔎 Testando: "campus joão"
2026-09-25 19:58:36,678 - INFO -      ✅ 45 resultados (eficiência: 0.14)
2026-09-25 19:58:39,678 - INFO - 
🔄 Iteração 2/3 para IFRN
2026-09-25 19:58:39,678 - INFO -   ⚠️ Sem novas queries para testar
2026-09-25 19:58:39,679 - INFO - 
📊 Métricas finais para IFRN:
2026-09-25 19:58:39,679 - INFO -    Total de queries testadas: 2
2026-09-25 19:58:39,679 - INFO -    Queries com sucesso: 0
2026-09-25 19:58:39,706 - INFO -    🔤 Filtrando 544 repositórios por idioma (português)...
2026-09-25 19:58:40,862 - INFO -    ✅ Filtro de idioma: 427/544 repositórios mantidos (78.5% em português)
2026-09-25 19:58:40,862 - INFO - ✅ IFRN: 427 repositórios em português
2026-09-25 19:58:40,862 - INFO -    Palavras-chave: sistema, desenvolvido, sistemas, campus, redes, curso, para, internet, site, pessoa
2026-09-25 19:58:43,862 - INFO - 
============================================================
2026-09-25 19:58:43,862 - INFO - 🏛️  Processando IFRN - Campus Macau
2026-09-25 19:58:43,862 - INFO - ============================================================
2026-09-25 19:58:43,863 - INFO - 
🔄 Iteração 1/3 para IFRN
2026-09-25 19:58:43,863 - INFO -   🔎 Testando: "ifrn"
2026-09-25 19:58:58,959 - INFO -      ✅ 500 resultados (eficiência: 0.30)
2026-09-25 19:59:01,959 - INFO - 
🔄 Iteração 2/3 para IFRN
2026-09-25 19:59:01,959 - INFO -   ⚠️ Sem novas queries para testar
2026-09-25 19:59:01,960 - INFO - 
📊 Métricas finais para IFRN:
2026-09-25 19:59:01,960 - INFO -    Total de queries testadas: 1
2026-09-25 19:59:01,960 - INFO -    Queries com sucesso: 0
2026-09-25 19:59:01,982 - INFO -    🔤 Filtrando 500 repositórios por idioma (português)...
2026-09-25 19:59:03,128 - INFO -    ✅ Filtro de idioma: 383/500 repositórios mantidos (76.6% em português)
2026-09-25 19:59:03,128 - INFO - ✅ IFRN: 383 repositórios em português
2026-09-25 19:59:03,128 - INFO -    Palavras-chave: sistema, desenvolvido, dados, campus, curso, para, integrador, site, suap, tads
2026-09-25 19:59:06,129 - INFO - 
============================================================
2026-09-25 19:59:06,129 - INFO - 🏛️  Processando IFRN - Campus Pau dos Ferros
2026-09-25 19:59:06,129 - INFO - ============================================================
2026-09-25 19:59:06,129 - INFO - 
🔄 Iteração 1/3 para IFRN
2026-09-25 19:59:06,129 - INFO -   🔎 Testando: "ifrn"
2026-09-25 19:59:22,870 - INFO -      ✅ 500 resultados (eficiência: 0.30)
2026-09-25 19:59:23,870 - INFO -   🔎 Testando: "campus pau"
2026-09-25 19:59:25,525 - INFO -      ✅ 36 resultados (eficiência: 0.11)
2026-09-25 19:59:28,525 - INFO - 
🔄 Iteração 2/3 para IFRN
2026-09-25 19:59:28,526 - INFO -   ⚠️ Sem novas queries para testar
2026-09-25 19:59:28,526 - INFO - 
📊 Métricas finais para IFRN:
2026-09-25 19:59:28,526 - INFO -    Total de queries testadas: 2
2026-09-25 19:59:28,526 - INFO -    Queries com sucesso: 0
2026-09-25 19:59:28,561 - INFO -    🔤 Filtrando 531 repositórios por idioma (português)...
2026-09-25 19:59:29,717 - INFO -    ✅ Filtro de idioma: 414/531 repositórios mantidos (78.0% em português)
2026-09-25 19:59:29,717 - INFO - ✅ IFRN: 414 repositórios em português
2026-09-25 19:59:29,717 - INFO -    Palavras-chave: sistema, desenvolvido, ferros, dados, campus, curso, para, integrador, site, tads
2026-09-25 19:59:32,717 - INFO - 
============================================================
2026-09-25 19:59:32,717 - INFO - 🏛️  Processando IFRN - Campus Apodi
2026-09-25 19:59:32,717 - INFO - ============================================================
2026-09-25 19:59:32,717 - INFO - 
🔄 Iteração 1/3 para IFRN
2026-09-25 19:59:32,717 - INFO -   🔎 Testando: "ifrn"
2026-09-25 19:59:48,254 - INFO -      ✅ 500 resultados (eficiência: 0.30)
2026-09-25 19:59:51,255 - INFO - 
🔄 Iteração 2/3 para IFRN
2026-09-25 19:59:51,255 - INFO -   ⚠️ Sem novas queries para testar
2026-09-25 19:59:51,255 - INFO - 
📊 Métricas finais para IFRN:
2026-09-25 19:59:51,255 - INFO -    Total de queries testadas: 1
2026-09-25 19:59:51,255 - INFO -    Queries com sucesso: 0
2026-09-25 19:59:51,278 - INFO -    🔤 Filtrando 500 repositórios por idioma (português)...
2026-09-25 19:59:52,399 - INFO -    ✅ Filtro de idioma: 383/500 repositórios mantidos (76.6% em português)
2026-09-25 19:59:52,399 - INFO - ✅ IFRN: 383 repositórios em português
2026-09-25 19:59:52,399 - INFO -    Palavras-chave: sistema, desenvolvido, dados, campus, curso, para, integrador, site, suap, tads
2026-09-25 19:59:55,400 - INFO - 
============================================================
2026-09-25 19:59:55,400 - INFO - 🏛️  Processando IFRN - Campus São Paulo do Potengi
2026-09-25 19:59:55,400 - INFO - ============================================================
2026-09-25 19:59:55,400 - INFO - 
🔄 Iteração 1/3 para IFRN
2026-09-25 19:59:55,400 - INFO -   🔎 Testando: "ifrn"
2026-09-25 20:00:12,751 - INFO -      ✅ 500 resultados (eficiência: 0.30)
2026-09-25 20:00:13,751 - INFO -   🔎 Testando: "campus são"
2026-09-25 20:00:24,067 - INFO -      ✅ 310 resultados (eficiência: 0.30)
2026-09-25 20:00:27,068 - INFO - 
🔄 Iteração 2/3 para IFRN
2026-09-25 20:00:27,068 - INFO -   ⚠️ Sem novas queries para testar
2026-09-25 20:00:27,068 - INFO - 
📊 Métricas finais para IFRN:
2026-09-25 20:00:27,068 - INFO -    Total de queries testadas: 2
2026-09-25 20:00:27,068 - INFO -    Queries com sucesso: 0
2026-09-25 20:00:27,103 - INFO -    🔤 Filtrando 809 repositórios por idioma (português)...
2026-09-25 20:00:28,631 - INFO -    ✅ Filtro de idioma: 688/809 repositórios mantidos (85.0% em português)
2026-09-25 20:00:28,631 - INFO - ✅ IFRN: 688 repositórios em português
2026-09-25 20:00:28,631 - INFO -    Palavras-chave: carlos, desenvolvido, sistemas, campus, federal, instituto, curso, para, ifsp, ifsc
2026-09-25 20:00:31,632 - INFO - 
============================================================
2026-09-25 20:00:31,632 - INFO - 🏛️  Processando IFRN - Campus Parnamirim
2026-09-25 20:00:31,632 - INFO - ============================================================
2026-09-25 20:00:31,632 - INFO - 
🔄 Iteração 1/3 para IFRN
2026-09-25 20:00:31,632 - INFO -   🔎 Testando: "ifrn"
2026-09-25 20:00:47,594 - INFO -      ✅ 500 resultados (eficiência: 0.30)
2026-09-25 20:00:50,594 - INFO - 
🔄 Iteração 2/3 para IFRN
2026-09-25 20:00:50,594 - INFO -   ⚠️ Sem novas queries para testar
2026-09-25 20:00:50,595 - INFO - 
📊 Métricas finais para IFRN:
2026-09-25 20:00:50,595 - INFO -    Total de queries testadas: 1
2026-09-25 20:00:50,595 - INFO -    Queries com sucesso: 0
2026-09-25 20:00:50,623 - INFO -    🔤 Filtrando 500 repositórios por idioma (português)...
2026-09-25 20:00:51,739 - INFO -    ✅ Filtro de idioma: 383/500 repositórios mantidos (76.6% em português)
2026-09-25 20:00:51,739 - INFO - ✅ IFRN: 383 repositórios em português
2026-09-25 20:00:51,739 - INFO -    Palavras-chave: sistema, desenvolvido, dados, campus, curso, para, integrador, site, suap, tads
2026-09-25 20:00:54,740 - INFO - 
============================================================
2026-09-25 20:00:54,740 - INFO - 🏛️  Processando IFRN - Campus Ceará-Mirim
2026-09-25 20:00:54,740 - INFO - ============================================================
2026-09-25 20:00:54,740 - INFO - 
🔄 Iteração 1/3 para IFRN
2026-09-25 20:00:54,740 - INFO -   🔎 Testando: "ifrn"
2026-09-25 20:01:11,669 - INFO -      ✅ 500 resultados (eficiência: 0.30)
2026-09-25 20:01:14,669 - INFO - 
🔄 Iteração 2/3 para IFRN
2026-09-25 20:01:14,669 - INFO -   ⚠️ Sem novas queries para testar
2026-09-25 20:01:14,670 - INFO - 
📊 Métricas finais para IFRN:
2026-09-25 20:01:14,670 - INFO -    Total de queries testadas: 1
2026-09-25 20:01:14,670 - INFO -    Queries com sucesso: 0
2026-09-25 20:01:14,701 - INFO -    🔤 Filtrando 500 repositórios por idioma (português)...
2026-09-25 20:01:15,809 - INFO -    ✅ Filtro de idioma: 383/500 repositórios mantidos (76.6% em português)
2026-09-25 20:01:15,809 - INFO - ✅ IFRN: 383 repositórios em português
2026-09-25 20:01:15,809 - INFO -    Palavras-chave: sistema, desenvolvido, dados, campus, curso, para, integrador, site, suap, tads
2026-09-25 20:01:18,809 - INFO - 
============================================================
2026-09-25 20:01:18,809 - INFO - 🏛️  Processando IFRN - Campus São Gonçalo do Amarante
2026-09-25 20:01:18,809 - INFO - ============================================================
2026-09-25 20:01:18,809 - INFO - 
🔄 Iteração 1/3 para IFRN
2026-09-25 20:01:18,810 - INFO -   🔎 Testando: "ifrn"
2026-09-25 20:01:34,567 - INFO -      ✅ 500 resultados (eficiência: 0.30)
2026-09-25 20:01:35,568 - INFO -   🔎 Testando: "campus são"
2026-09-25 20:01:46,029 - INFO -      ✅ 310 resultados (eficiência: 0.30)
2026-09-25 20:01:49,029 - INFO - 
🔄 Iteração 2/3 para IFRN
2026-09-25 20:01:49,030 - INFO -   ⚠️ Sem novas queries para testar
2026-09-25 20:01:49,030 - INFO - 
📊 Métricas finais para IFRN:
2026-09-25 20:01:49,030 - INFO -    Total de queries testadas: 2
2026-09-25 20:01:49,030 - INFO -    Queries com sucesso: 0
2026-09-25 20:01:49,072 - INFO -    🔤 Filtrando 809 repositórios por idioma (português)...
2026-09-25 20:01:50,559 - INFO -    ✅ Filtro de idioma: 688/809 repositórios mantidos (85.0% em português)
2026-09-25 20:01:50,559 - INFO - ✅ IFRN: 688 repositórios em português
2026-09-25 20:01:50,559 - INFO -    Palavras-chave: carlos, desenvolvido, sistemas, campus, federal, instituto, curso, para, ifsp, ifsc
2026-09-25 20:01:53,560 - INFO - 
============================================================
2026-09-25 20:01:53,560 - INFO - 🏛️  Processando IFRS - Campus Bento Gonçalves
2026-09-25 20:01:53,560 - INFO - ============================================================
2026-09-25 20:01:53,560 - INFO - 
🔄 Iteração 1/3 para IFRS
2026-09-25 20:01:53,560 - INFO -   🔎 Testando: "campus bento"
2026-09-25 20:01:54,347 - INFO -      ✅ 10 resultados (eficiência: 0.03)
2026-09-25 20:01:55,347 - INFO -   🔎 Testando: "ifrs"
2026-09-25 20:02:13,385 - INFO -      ✅ 500 resultados (eficiência: 0.30)
2026-09-25 20:02:16,386 - INFO - 
🔄 Iteração 2/3 para IFRS
2026-09-25 20:02:16,386 - INFO -   ⚠️ Sem novas queries para testar
2026-09-25 20:02:16,386 - INFO - 
📊 Métricas finais para IFRS:
2026-09-25 20:02:16,386 - INFO -    Total de queries testadas: 2
2026-09-25 20:02:16,386 - INFO -    Queries com sucesso: 0
2026-09-25 20:02:16,420 - INFO -    🔤 Filtrando 509 repositórios por idioma (português)...
2026-09-25 20:02:17,606 - INFO -    ✅ Filtro de idioma: 192/509 repositórios mantidos (37.7% em português)
2026-09-25 20:02:17,606 - INFO - ✅ IFRS: 192 repositórios em português
2026-09-25 20:02:17,606 - INFO -    Palavras-chave: accounting, credit, campus, trabalho, curso, risk, para, fuwmove, ifrs, opts
2026-09-25 20:02:20,607 - INFO - 
============================================================
2026-09-25 20:02:20,607 - INFO - 🏛️  Processando IFRS - Campus Canoas
2026-09-25 20:02:20,607 - INFO - ============================================================
2026-09-25 20:02:20,607 - INFO - 
🔄 Iteração 1/3 para IFRS
2026-09-25 20:02:20,607 - INFO -   🔎 Testando: "ifrs"
2026-09-25 20:02:38,030 - INFO -      ✅ 500 resultados (eficiência: 0.30)
2026-09-25 20:02:41,030 - INFO - 
🔄 Iteração 2/3 para IFRS
2026-09-25 20:02:41,031 - INFO -   ⚠️ Sem novas queries para testar
2026-09-25 20:02:41,031 - INFO - 
📊 Métricas finais para IFRS:
2026-09-25 20:02:41,031 - INFO -    Total de queries testadas: 1
2026-09-25 20:02:41,031 - INFO -    Queries com sucesso: 0
2026-09-25 20:02:41,056 - INFO -    🔤 Filtrando 500 repositórios por idioma (português)...
2026-09-25 20:02:42,256 - INFO -    ✅ Filtro de idioma: 183/500 repositórios mantidos (36.6% em português)
2026-09-25 20:02:42,256 - INFO - ✅ IFRS: 183 repositórios em português
2026-09-25 20:02:42,256 - INFO -    Palavras-chave: accounting, credit, trabalho, campus, curso, risk, para, fuwmove, ifrs, opts
2026-09-25 20:02:45,257 - INFO - 
============================================================
2026-09-25 20:02:45,257 - INFO - 🏛️  Processando IFRS - Campus Caxias do Sul
2026-09-25 20:02:45,257 - INFO - ============================================================
2026-09-25 20:02:45,257 - INFO - 
🔄 Iteração 1/3 para IFRS
2026-09-25 20:02:45,257 - INFO -   🔎 Testando: "ifrs"
2026-09-25 20:03:02,358 - INFO -      ✅ 500 resultados (eficiência: 0.30)
2026-09-25 20:03:03,358 - INFO -   🔎 Testando: "campus caxias"
2026-09-25 20:03:04,665 - INFO -      ✅ 19 resultados (eficiência: 0.06)
2026-09-25 20:03:07,665 - INFO - 
🔄 Iteração 2/3 para IFRS
2026-09-25 20:03:07,665 - INFO -   ⚠️ Sem novas queries para testar
2026-09-25 20:03:07,666 - INFO - 
📊 Métricas finais para IFRS:
2026-09-25 20:03:07,666 - INFO -    Total de queries testadas: 2
2026-09-25 20:03:07,666 - INFO -    Queries com sucesso: 0
2026-09-25 20:03:07,702 - INFO -    🔤 Filtrando 519 repositórios por idioma (português)...
2026-09-25 20:03:08,895 - INFO -    ✅ Filtro de idioma: 201/519 repositórios mantidos (38.7% em português)
2026-09-25 20:03:08,895 - INFO - ✅ IFRS: 201 repositórios em português
2026-09-25 20:03:08,895 - INFO -    Palavras-chave: accounting, credit, campus, trabalho, curso, risk, para, fuwmove, ifrs, opts
2026-09-25 20:03:11,895 - INFO - 
============================================================
2026-09-25 20:03:11,895 - INFO - 🏛️  Processando IFRS - Campus Erechim
2026-09-25 20:03:11,895 - INFO - ============================================================
2026-09-25 20:03:11,896 - INFO - 
🔄 Iteração 1/3 para IFRS
2026-09-25 20:03:11,896 - INFO -   🔎 Testando: "ifrs"
2026-09-25 20:03:28,746 - INFO -      ✅ 500 resultados (eficiência: 0.30)
2026-09-25 20:03:31,746 - INFO - 
🔄 Iteração 2/3 para IFRS
2026-09-25 20:03:31,746 - INFO -   ⚠️ Sem novas queries para testar
2026-09-25 20:03:31,747 - INFO - 
📊 Métricas finais para IFRS:
2026-09-25 20:03:31,747 - INFO -    Total de queries testadas: 1
2026-09-25 20:03:31,747 - INFO -    Queries com sucesso: 0
2026-09-25 20:03:31,772 - INFO -    🔤 Filtrando 500 repositórios por idioma (português)...
2026-09-25 20:03:32,981 - INFO -    ✅ Filtro de idioma: 183/500 repositórios mantidos (36.6% em português)
2026-09-25 20:03:32,981 - INFO - ✅ IFRS: 183 repositórios em português
2026-09-25 20:03:32,981 - INFO -    Palavras-chave: accounting, credit, trabalho, campus, curso, risk, para, fuwmove, ifrs, opts
2026-09-25 20:03:35,981 - INFO - 
============================================================
2026-09-25 20:03:35,982 - INFO - 🏛️  Processando IFRS - Campus Farroupilha
2026-09-25 20:03:35,982 - INFO - ============================================================
2026-09-25 20:03:35,982 - INFO - 
🔄 Iteração 1/3 para IFRS
2026-09-25 20:03:35,982 - INFO -   🔎 Testando: "ifrs"
2026-09-25 20:03:52,861 - INFO -      ✅ 500 resultados (eficiência: 0.30)
2026-09-25 20:03:55,862 - INFO - 
🔄 Iteração 2/3 para IFRS
2026-09-25 20:03:55,862 - INFO -   ⚠️ Sem novas queries para testar
2026-09-25 20:03:55,862 - INFO - 
📊 Métricas finais para IFRS:
2026-09-25 20:03:55,862 - INFO -    Total de queries testadas: 1
2026-09-25 20:03:55,862 - INFO -    Queries com sucesso: 0
2026-09-25 20:03:55,902 - INFO -    🔤 Filtrando 500 repositórios por idioma (português)...
2026-09-25 20:03:57,081 - INFO -    ✅ Filtro de idioma: 183/500 repositórios mantidos (36.6% em português)
2026-09-25 20:03:57,082 - INFO - ✅ IFRS: 183 repositórios em português
2026-09-25 20:03:57,082 - INFO -    Palavras-chave: accounting, credit, trabalho, campus, curso, risk, para, fuwmove, ifrs, opts
2026-09-25 20:04:00,082 - INFO - 
============================================================
2026-09-25 20:04:00,082 - INFO - 🏛️  Processando IFRS - Campus Feliz
2026-09-25 20:04:00,082 - INFO - ============================================================
2026-09-25 20:04:00,082 - INFO - 
🔄 Iteração 1/3 para IFRS
2026-09-25 20:04:00,082 - INFO -   🔎 Testando: "ifrs"
2026-09-25 20:04:16,834 - INFO -      ✅ 500 resultados (eficiência: 0.30)
2026-09-25 20:04:19,835 - INFO - 
🔄 Iteração 2/3 para IFRS
2026-09-25 20:04:19,835 - INFO -   ⚠️ Sem novas queries para testar
2026-09-25 20:04:19,835 - INFO - 
📊 Métricas finais para IFRS:
2026-09-25 20:04:19,835 - INFO -    Total de queries testadas: 1
2026-09-25 20:04:19,835 - INFO -    Queries com sucesso: 0
2026-09-25 20:04:19,868 - INFO -    🔤 Filtrando 500 repositórios por idioma (português)...
2026-09-25 20:04:21,067 - INFO -    ✅ Filtro de idioma: 183/500 repositórios mantidos (36.6% em português)
2026-09-25 20:04:21,067 - INFO - ✅ IFRS: 183 repositórios em português
2026-09-25 20:04:21,067 - INFO -    Palavras-chave: accounting, credit, trabalho, campus, curso, risk, para, fuwmove, ifrs, opts
2026-09-25 20:04:24,067 - INFO - 
============================================================
2026-09-25 20:04:24,067 - INFO - 🏛️  Processando IFRS - Campus Ibirubá
2026-09-25 20:04:24,068 - INFO - ============================================================
2026-09-25 20:04:24,068 - INFO - 
🔄 Iteração 1/3 para IFRS
2026-09-25 20:04:24,068 - INFO -   🔎 Testando: "ifrs"
2026-09-25 20:04:40,538 - INFO -      ✅ 500 resultados (eficiência: 0.30)
2026-09-25 20:04:43,538 - INFO - 
🔄 Iteração 2/3 para IFRS
2026-09-25 20:04:43,539 - INFO -   ⚠️ Sem novas queries para testar
2026-09-25 20:04:43,539 - INFO - 
📊 Métricas finais para IFRS:
2026-09-25 20:04:43,539 - INFO -    Total de queries testadas: 1
2026-09-25 20:04:43,539 - INFO -    Queries com sucesso: 0
2026-09-25 20:04:43,578 - INFO -    🔤 Filtrando 500 repositórios por idioma (português)...
2026-09-25 20:04:44,754 - INFO -    ✅ Filtro de idioma: 183/500 repositórios mantidos (36.6% em português)
2026-09-25 20:04:44,754 - INFO - ✅ IFRS: 183 repositórios em português
2026-09-25 20:04:44,754 - INFO -    Palavras-chave: accounting, credit, trabalho, campus, curso, risk, para, fuwmove, ifrs, opts
2026-09-25 20:04:47,754 - INFO - 
============================================================
2026-09-25 20:04:47,755 - INFO - 🏛️  Processando IFRS - Campus Osório
2026-09-25 20:04:47,755 - INFO - ============================================================
2026-09-25 20:04:47,755 - INFO - 
🔄 Iteração 1/3 para IFRS
2026-09-25 20:04:47,755 - INFO -   🔎 Testando: "ifrs"
2026-09-25 20:05:03,670 - INFO -      ✅ 500 resultados (eficiência: 0.30)
2026-09-25 20:05:06,670 - INFO - 
🔄 Iteração 2/3 para IFRS
2026-09-25 20:05:06,670 - INFO -   ⚠️ Sem novas queries para testar
2026-09-25 20:05:06,671 - INFO - 
📊 Métricas finais para IFRS:
2026-09-25 20:05:06,671 - INFO -    Total de queries testadas: 1
2026-09-25 20:05:06,671 - INFO -    Queries com sucesso: 0
2026-09-25 20:05:06,705 - INFO -    🔤 Filtrando 500 repositórios por idioma (português)...
2026-09-25 20:05:07,897 - INFO -    ✅ Filtro de idioma: 183/500 repositórios mantidos (36.6% em português)
2026-09-25 20:05:07,897 - INFO - ✅ IFRS: 183 repositórios em português
2026-09-25 20:05:07,897 - INFO -    Palavras-chave: accounting, credit, trabalho, campus, curso, risk, para, fuwmove, ifrs, opts
2026-09-25 20:05:10,898 - INFO - 
============================================================
2026-09-25 20:05:10,898 - INFO - 🏛️  Processando IFRS - Campus Porto Alegre
2026-09-25 20:05:10,898 - INFO - ============================================================
2026-09-25 20:05:10,898 - INFO - 
🔄 Iteração 1/3 para IFRS
2026-09-25 20:05:10,898 - INFO -   🔎 Testando: "campus porto"
2026-09-25 20:05:12,314 - INFO -      ✅ 34 resultados (eficiência: 0.10)
2026-09-25 20:05:13,315 - INFO -   🔎 Testando: "ifrs"
2026-09-25 20:05:29,402 - INFO -      ✅ 500 resultados (eficiência: 0.30)
2026-09-25 20:05:32,403 - INFO - 
🔄 Iteração 2/3 para IFRS
2026-09-25 20:05:32,403 - INFO -   ⚠️ Sem novas queries para testar
2026-09-25 20:05:32,403 - INFO - 
📊 Métricas finais para IFRS:
2026-09-25 20:05:32,403 - INFO -    Total de queries testadas: 2
2026-09-25 20:05:32,403 - INFO -    Queries com sucesso: 0
2026-09-25 20:05:32,435 - INFO -    🔤 Filtrando 529 repositórios por idioma (português)...
2026-09-25 20:05:33,664 - INFO -    ✅ Filtro de idioma: 211/529 repositórios mantidos (39.9% em português)
2026-09-25 20:05:33,664 - INFO - ✅ IFRS: 211 repositórios em português
2026-09-25 20:05:33,664 - INFO -    Palavras-chave: accounting, credit, campus, trabalho, curso, risk, para, fuwmove, ifrs, opts
2026-09-25 20:05:36,665 - INFO - 
============================================================
2026-09-25 20:05:36,665 - INFO - 🏛️  Processando IFRS - Campus Restinga
2026-09-25 20:05:36,665 - INFO - ============================================================
2026-09-25 20:05:36,665 - INFO - 
🔄 Iteração 1/3 para IFRS
2026-09-25 20:05:36,665 - INFO -   🔎 Testando: "ifrs"
2026-09-25 20:05:53,048 - INFO -      ✅ 500 resultados (eficiência: 0.30)
2026-09-25 20:05:56,048 - INFO - 
🔄 Iteração 2/3 para IFRS
2026-09-25 20:05:56,048 - INFO -   ⚠️ Sem novas queries para testar
2026-09-25 20:05:56,049 - INFO - 
📊 Métricas finais para IFRS:
2026-09-25 20:05:56,049 - INFO -    Total de queries testadas: 1
2026-09-25 20:05:56,049 - INFO -    Queries com sucesso: 0
2026-09-25 20:05:56,084 - INFO -    🔤 Filtrando 500 repositórios por idioma (português)...
2026-09-25 20:05:57,267 - INFO -    ✅ Filtro de idioma: 183/500 repositórios mantidos (36.6% em português)
2026-09-25 20:05:57,267 - INFO - ✅ IFRS: 183 repositórios em português
2026-09-25 20:05:57,267 - INFO -    Palavras-chave: accounting, credit, trabalho, campus, curso, risk, para, fuwmove, ifrs, opts
2026-09-25 20:06:00,267 - INFO - 
============================================================
2026-09-25 20:06:00,267 - INFO - 🏛️  Processando IFRS - Campus Rio Grande
2026-09-25 20:06:00,267 - INFO - ============================================================
2026-09-25 20:06:00,268 - INFO - 
🔄 Iteração 1/3 para IFRS
2026-09-25 20:06:00,268 - INFO -   🔎 Testando: "campus rio"
2026-09-25 20:06:04,808 - INFO -      ✅ 145 resultados (eficiência: 0.30)
2026-09-25 20:06:05,809 - INFO -   🔎 Testando: "ifrs"
2026-09-25 20:06:22,581 - INFO -      ✅ 500 resultados (eficiência: 0.30)
2026-09-25 20:06:25,581 - INFO - 
🔄 Iteração 2/3 para IFRS
2026-09-25 20:06:25,582 - INFO -   ⚠️ Sem novas queries para testar
2026-09-25 20:06:25,582 - INFO - 
📊 Métricas finais para IFRS:
2026-09-25 20:06:25,582 - INFO -    Total de queries testadas: 2
2026-09-25 20:06:25,583 - INFO -    Queries com sucesso: 0
2026-09-25 20:06:25,628 - INFO -    🔤 Filtrando 641 repositórios por idioma (português)...
2026-09-25 20:06:27,130 - INFO -    ✅ Filtro de idioma: 320/641 repositórios mantidos (49.9% em português)
2026-09-25 20:06:27,130 - INFO - ✅ IFRS: 320 repositórios em português
2026-09-25 20:06:27,130 - INFO -    Palavras-chave: accounting, credit, sistemas, campus, federal, trabalho, curso, para, risk, fuwmove
2026-09-25 20:06:30,130 - INFO - 
============================================================
2026-09-25 20:06:30,130 - INFO - 🏛️  Processando IFRS - Campus Rolante
2026-09-25 20:06:30,130 - INFO - ============================================================
2026-09-25 20:06:30,131 - INFO - 
🔄 Iteração 1/3 para IFRS
2026-09-25 20:06:30,131 - INFO -   🔎 Testando: "ifrs"
2026-09-25 20:06:45,645 - INFO -      ✅ 500 resultados (eficiência: 0.30)
2026-09-25 20:06:48,646 - INFO - 
🔄 Iteração 2/3 para IFRS
2026-09-25 20:06:48,646 - INFO -   ⚠️ Sem novas queries para testar
2026-09-25 20:06:48,646 - INFO - 
📊 Métricas finais para IFRS:
2026-09-25 20:06:48,646 - INFO -    Total de queries testadas: 1
2026-09-25 20:06:48,646 - INFO -    Queries com sucesso: 0
2026-09-25 20:06:48,680 - INFO -    🔤 Filtrando 500 repositórios por idioma (português)...
2026-09-25 20:06:49,884 - INFO -    ✅ Filtro de idioma: 183/500 repositórios mantidos (36.6% em português)
2026-09-25 20:06:49,884 - INFO - ✅ IFRS: 183 repositórios em português
2026-09-25 20:06:49,884 - INFO -    Palavras-chave: accounting, credit, trabalho, campus, curso, risk, para, fuwmove, ifrs, opts
2026-09-25 20:06:52,884 - INFO - 
============================================================
2026-09-25 20:06:52,884 - INFO - 🏛️  Processando IFRS - Campus Sertão
2026-09-25 20:06:52,884 - INFO - ============================================================
2026-09-25 20:06:52,884 - INFO - 
🔄 Iteração 1/3 para IFRS
2026-09-25 20:06:52,884 - INFO -   🔎 Testando: "ifrs"
2026-09-25 20:07:07,907 - INFO -      ✅ 500 resultados (eficiência: 0.30)
2026-09-25 20:07:10,907 - INFO - 
🔄 Iteração 2/3 para IFRS
2026-09-25 20:07:10,908 - INFO -   ⚠️ Sem novas queries para testar
2026-09-25 20:07:10,908 - INFO - 
📊 Métricas finais para IFRS:
2026-09-25 20:07:10,908 - INFO -    Total de queries testadas: 1
2026-09-25 20:07:10,908 - INFO -    Queries com sucesso: 0
2026-09-25 20:07:10,940 - INFO -    🔤 Filtrando 500 repositórios por idioma (português)...
2026-09-25 20:07:12,119 - INFO -    ✅ Filtro de idioma: 183/500 repositórios mantidos (36.6% em português)
2026-09-25 20:07:12,119 - INFO - ✅ IFRS: 183 repositórios em português
2026-09-25 20:07:12,119 - INFO -    Palavras-chave: accounting, credit, trabalho, campus, curso, risk, para, fuwmove, ifrs, opts
2026-09-25 20:07:15,120 - INFO - 
============================================================
2026-09-25 20:07:15,120 - INFO - 🏛️  Processando IFRS - Campus Vacaria
2026-09-25 20:07:15,120 - INFO - ============================================================
2026-09-25 20:07:15,120 - INFO - 
🔄 Iteração 1/3 para IFRS
2026-09-25 20:07:15,120 - INFO -   🔎 Testando: "ifrs"
2026-09-25 20:07:30,391 - INFO -      ✅ 500 resultados (eficiência: 0.30)
2026-09-25 20:07:33,392 - INFO - 
🔄 Iteração 2/3 para IFRS
2026-09-25 20:07:33,392 - INFO -   ⚠️ Sem novas queries para testar
2026-09-25 20:07:33,392 - INFO - 
📊 Métricas finais para IFRS:
2026-09-25 20:07:33,392 - INFO -    Total de queries testadas: 1
2026-09-25 20:07:33,392 - INFO -    Queries com sucesso: 0
2026-09-25 20:07:33,422 - INFO -    🔤 Filtrando 500 repositórios por idioma (português)...
2026-09-25 20:07:34,592 - INFO -    ✅ Filtro de idioma: 183/500 repositórios mantidos (36.6% em português)
2026-09-25 20:07:34,592 - INFO - ✅ IFRS: 183 repositórios em português
2026-09-25 20:07:34,592 - INFO -    Palavras-chave: accounting, credit, trabalho, campus, curso, risk, para, fuwmove, ifrs, opts
2026-09-25 20:07:37,593 - INFO - 
============================================================
2026-09-25 20:07:37,593 - INFO - 🏛️  Processando IFRS - Campus Veranópolis
2026-09-25 20:07:37,593 - INFO - ============================================================
2026-09-25 20:07:37,593 - INFO - 
🔄 Iteração 1/3 para IFRS
2026-09-25 20:07:37,593 - INFO -   🔎 Testando: "ifrs"
2026-09-25 20:07:52,668 - INFO -      ✅ 500 resultados (eficiência: 0.30)
2026-09-25 20:07:55,668 - INFO - 
🔄 Iteração 2/3 para IFRS
2026-09-25 20:07:55,668 - INFO -   ⚠️ Sem novas queries para testar
2026-09-25 20:07:55,669 - INFO - 
📊 Métricas finais para IFRS:
2026-09-25 20:07:55,669 - INFO -    Total de queries testadas: 1
2026-09-25 20:07:55,669 - INFO -    Queries com sucesso: 0
2026-09-25 20:07:55,699 - INFO -    🔤 Filtrando 500 repositórios por idioma (português)...
2026-09-25 20:07:56,883 - INFO -    ✅ Filtro de idioma: 183/500 repositórios mantidos (36.6% em português)
2026-09-25 20:07:56,883 - INFO - ✅ IFRS: 183 repositórios em português
2026-09-25 20:07:56,883 - INFO -    Palavras-chave: accounting, credit, trabalho, campus, curso, risk, para, fuwmove, ifrs, opts
2026-09-25 20:07:59,884 - INFO - 
============================================================
2026-09-25 20:07:59,884 - INFO - 🏛️  Processando IFRS - Campus Viamão
2026-09-25 20:07:59,884 - INFO - ============================================================
2026-09-25 20:07:59,884 - INFO - 
🔄 Iteração 1/3 para IFRS
2026-09-25 20:07:59,884 - INFO -   🔎 Testando: "ifrs"
2026-09-25 20:08:16,109 - INFO -      ✅ 500 resultados (eficiência: 0.30)
2026-09-25 20:08:19,110 - INFO - 
🔄 Iteração 2/3 para IFRS
2026-09-25 20:08:19,110 - INFO -   ⚠️ Sem novas queries para testar
2026-09-25 20:08:19,110 - INFO - 
📊 Métricas finais para IFRS:
2026-09-25 20:08:19,110 - INFO -    Total de queries testadas: 1
2026-09-25 20:08:19,111 - INFO -    Queries com sucesso: 0
2026-09-25 20:08:19,140 - INFO -    🔤 Filtrando 500 repositórios por idioma (português)...
2026-09-25 20:08:20,329 - INFO -    ✅ Filtro de idioma: 183/500 repositórios mantidos (36.6% em português)
2026-09-25 20:08:20,330 - INFO - ✅ IFRS: 183 repositórios em português
2026-09-25 20:08:20,330 - INFO -    Palavras-chave: accounting, credit, trabalho, campus, curso, risk, para, fuwmove, ifrs, opts
2026-09-25 20:08:23,330 - INFO - 
============================================================
2026-09-25 20:08:23,330 - INFO - 🏛️  Processando IFRS - Campus Alvorada
2026-09-25 20:08:23,330 - INFO - ============================================================
2026-09-25 20:08:23,330 - INFO - 
🔄 Iteração 1/3 para IFRS
2026-09-25 20:08:23,331 - INFO -   🔎 Testando: "ifrs"
2026-09-25 20:08:39,476 - INFO -      ✅ 500 resultados (eficiência: 0.30)
2026-09-25 20:08:42,476 - INFO - 
🔄 Iteração 2/3 para IFRS
2026-09-25 20:08:42,477 - INFO -   ⚠️ Sem novas queries para testar
2026-09-25 20:08:42,477 - INFO - 
📊 Métricas finais para IFRS:
2026-09-25 20:08:42,477 - INFO -    Total de queries testadas: 1
2026-09-25 20:08:42,477 - INFO -    Queries com sucesso: 0
2026-09-25 20:08:42,510 - INFO -    🔤 Filtrando 500 repositórios por idioma (português)...
2026-09-25 20:08:43,670 - INFO -    ✅ Filtro de idioma: 183/500 repositórios mantidos (36.6% em português)
2026-09-25 20:08:43,670 - INFO - ✅ IFRS: 183 repositórios em português
2026-09-25 20:08:43,670 - INFO -    Palavras-chave: accounting, credit, trabalho, campus, curso, risk, para, fuwmove, ifrs, opts
2026-09-25 20:08:46,671 - INFO - 
============================================================
2026-09-25 20:08:46,671 - INFO - 🏛️  Processando IFRS - Campus Camaquã
2026-09-25 20:08:46,671 - INFO - ============================================================
2026-09-25 20:08:46,671 - INFO - 
🔄 Iteração 1/3 para IFRS
2026-09-25 20:08:46,671 - INFO -   🔎 Testando: "ifrs"
2026-09-25 20:09:02,379 - INFO -      ✅ 500 resultados (eficiência: 0.30)
2026-09-25 20:09:05,379 - INFO - 
🔄 Iteração 2/3 para IFRS
2026-09-25 20:09:05,379 - INFO -   ⚠️ Sem novas queries para testar
2026-09-25 20:09:05,379 - INFO - 
📊 Métricas finais para IFRS:
2026-09-25 20:09:05,379 - INFO -    Total de queries testadas: 1
2026-09-25 20:09:05,379 - INFO -    Queries com sucesso: 0
2026-09-25 20:09:05,401 - INFO -    🔤 Filtrando 500 repositórios por idioma (português)...
2026-09-25 20:09:06,592 - INFO -    ✅ Filtro de idioma: 183/500 repositórios mantidos (36.6% em português)
2026-09-25 20:09:06,593 - INFO - ✅ IFRS: 183 repositórios em português
2026-09-25 20:09:06,593 - INFO -    Palavras-chave: accounting, credit, trabalho, campus, curso, risk, para, fuwmove, ifrs, opts
2026-09-25 20:09:09,593 - INFO - 
============================================================
2026-09-25 20:09:09,593 - INFO - 🏛️  Processando IFRS - Campus Charqueadas
2026-09-25 20:09:09,593 - INFO - ============================================================
2026-09-25 20:09:09,593 - INFO - 
🔄 Iteração 1/3 para IFRS
2026-09-25 20:09:09,593 - INFO -   🔎 Testando: "ifrs"
2026-09-25 20:09:24,931 - INFO -      ✅ 500 resultados (eficiência: 0.30)
2026-09-25 20:09:27,931 - INFO - 
🔄 Iteração 2/3 para IFRS
2026-09-25 20:09:27,931 - INFO -   ⚠️ Sem novas queries para testar
2026-09-25 20:09:27,931 - INFO - 
📊 Métricas finais para IFRS:
2026-09-25 20:09:27,931 - INFO -    Total de queries testadas: 1
2026-09-25 20:09:27,932 - INFO -    Queries com sucesso: 0
2026-09-25 20:09:27,954 - INFO -    🔤 Filtrando 500 repositórios por idioma (português)...
2026-09-25 20:09:29,134 - INFO -    ✅ Filtro de idioma: 183/500 repositórios mantidos (36.6% em português)
2026-09-25 20:09:29,134 - INFO - ✅ IFRS: 183 repositórios em português
2026-09-25 20:09:29,134 - INFO -    Palavras-chave: accounting, credit, trabalho, campus, curso, risk, para, fuwmove, ifrs, opts
2026-09-25 20:09:32,134 - INFO - 
============================================================
2026-09-25 20:09:32,134 - INFO - 🏛️  Processando IFRS - Campus Gravataí
2026-09-25 20:09:32,134 - INFO - ============================================================
2026-09-25 20:09:32,134 - INFO - 
🔄 Iteração 1/3 para IFRS
2026-09-25 20:09:32,135 - INFO -   🔎 Testando: "ifrs"
2026-09-25 20:09:47,549 - INFO -      ✅ 500 resultados (eficiência: 0.30)
2026-09-25 20:09:50,549 - INFO - 
🔄 Iteração 2/3 para IFRS
2026-09-25 20:09:50,549 - INFO -   ⚠️ Sem novas queries para testar
2026-09-25 20:09:50,549 - INFO - 
📊 Métricas finais para IFRS:
2026-09-25 20:09:50,549 - INFO -    Total de queries testadas: 1
2026-09-25 20:09:50,550 - INFO -    Queries com sucesso: 0
2026-09-25 20:09:50,586 - INFO -    🔤 Filtrando 500 repositórios por idioma (português)...
2026-09-25 20:09:51,750 - INFO -    ✅ Filtro de idioma: 183/500 repositórios mantidos (36.6% em português)
2026-09-25 20:09:51,750 - INFO - ✅ IFRS: 183 repositórios em português
2026-09-25 20:09:51,750 - INFO -    Palavras-chave: accounting, credit, trabalho, campus, curso, risk, para, fuwmove, ifrs, opts
2026-09-25 20:09:54,750 - INFO - 
============================================================
2026-09-25 20:09:54,750 - INFO - 🏛️  Processando IFRS - Campus Guaíba
2026-09-25 20:09:54,750 - INFO - ============================================================
2026-09-25 20:09:54,750 - INFO - 
🔄 Iteração 1/3 para IFRS
2026-09-25 20:09:54,751 - INFO -   🔎 Testando: "ifrs"
2026-09-25 20:10:10,543 - INFO -      ✅ 500 resultados (eficiência: 0.30)
2026-09-25 20:10:13,543 - INFO - 
🔄 Iteração 2/3 para IFRS
2026-09-25 20:10:13,544 - INFO -   ⚠️ Sem novas queries para testar
2026-09-25 20:10:13,544 - INFO - 
📊 Métricas finais para IFRS:
2026-09-25 20:10:13,544 - INFO -    Total de queries testadas: 1
2026-09-25 20:10:13,544 - INFO -    Queries com sucesso: 0
2026-09-25 20:10:13,566 - INFO -    🔤 Filtrando 500 repositórios por idioma (português)...
2026-09-25 20:10:14,783 - INFO -    ✅ Filtro de idioma: 183/500 repositórios mantidos (36.6% em português)
2026-09-25 20:10:14,783 - INFO - ✅ IFRS: 183 repositórios em português
2026-09-25 20:10:14,783 - INFO -    Palavras-chave: accounting, credit, trabalho, campus, curso, risk, para, fuwmove, ifrs, opts
2026-09-25 20:10:17,783 - INFO - 
============================================================
2026-09-25 20:10:17,783 - INFO - 🏛️  Processando IFRS Campus Sertão - Campus Sertão
2026-09-25 20:10:17,783 - INFO - ============================================================
2026-09-25 20:10:17,783 - INFO - 
🔄 Iteração 1/3 para IFRS Campus Sertão
2026-09-25 20:10:17,783 - INFO -   🔎 Testando: "ifrs campus sertão"
2026-09-25 20:10:18,738 - INFO -      ✅ 15 resultados (eficiência: 0.74)
2026-09-25 20:10:21,739 - INFO - 
🔄 Iteração 2/3 para IFRS Campus Sertão
2026-09-25 20:10:21,739 - INFO -   🔎 Testando: ""ifrs campus"
2026-09-25 20:10:22,155 - INFO -      ✅ 0 resultados (eficiência: 0.00)
2026-09-25 20:10:23,155 - INFO -   🔎 Testando: ""ifrs sertão""
2026-09-25 20:10:23,569 - INFO -      ✅ 0 resultados (eficiência: 0.00)
2026-09-25 20:10:24,569 - INFO -   🔎 Testando: "campus sertão""
2026-09-25 20:10:25,292 - INFO -      ✅ 18 resultados (eficiência: 0.05)
2026-09-25 20:10:28,293 - INFO - 
🔄 Iteração 3/3 para IFRS Campus Sertão
2026-09-25 20:10:28,293 - INFO -   ⚠️ Sem novas queries para testar
2026-09-25 20:10:28,293 - INFO - 
📊 Métricas finais para IFRS Campus Sertão:
2026-09-25 20:10:28,293 - INFO -    Total de queries testadas: 4
2026-09-25 20:10:28,293 - INFO -    Queries com sucesso: 1
2026-09-25 20:10:28,296 - INFO -    🔤 Filtrando 18 repositórios por idioma (português)...
2026-09-25 20:10:28,333 - INFO -    ✅ Filtro de idioma: 18/18 repositórios mantidos (100.0% em português)
2026-09-25 20:10:28,333 - INFO - ✅ IFRS Campus Sertão: 18 repositórios em português
2026-09-25 20:10:28,333 - INFO -    Palavras-chave: condominio, campus, ifrs campus sertão, juventude, campus sertão, curso, para, ifrs campus, atividades, ifrs
2026-09-25 20:10:31,334 - INFO - 
============================================================
2026-09-25 20:10:31,334 - INFO - 🏛️  Processando IFPI - Campus Teresina
2026-09-25 20:10:31,334 - INFO - ============================================================
2026-09-25 20:10:31,334 - INFO - 
🔄 Iteração 1/3 para IFPI
2026-09-25 20:10:31,334 - INFO -   🔎 Testando: "ifpi"
2026-09-25 20:10:46,940 - INFO -      ✅ 500 resultados (eficiência: 0.30)
2026-09-25 20:10:49,940 - INFO - 
🔄 Iteração 2/3 para IFPI
2026-09-25 20:10:49,941 - INFO -   ⚠️ Sem novas queries para testar
2026-09-25 20:10:49,941 - INFO - 
📊 Métricas finais para IFPI:
2026-09-25 20:10:49,941 - INFO -    Total de queries testadas: 1
2026-09-25 20:10:49,941 - INFO -    Queries com sucesso: 0
2026-09-25 20:10:49,959 - INFO -    🔤 Filtrando 500 repositórios por idioma (português)...
2026-09-25 20:10:51,018 - INFO -    ✅ Filtro de idioma: 388/500 repositórios mantidos (77.6% em português)
2026-09-25 20:10:51,018 - INFO - ✅ IFPI: 388 repositórios em português
2026-09-25 20:10:51,018 - INFO -    Palavras-chave: sala, ifpi, desenvolvido, sistemas, campus, trabalho, ads, curso, para, atividades
2026-09-25 20:10:54,018 - INFO - 
============================================================
2026-09-25 20:10:54,019 - INFO - 🏛️  Processando IFPI - Campus Floriano
2026-09-25 20:10:54,019 - INFO - ============================================================
2026-09-25 20:10:54,019 - INFO - 
🔄 Iteração 1/3 para IFPI
2026-09-25 20:10:54,019 - INFO -   🔎 Testando: "ifpi"
2026-09-25 20:11:09,958 - INFO -      ✅ 500 resultados (eficiência: 0.30)
2026-09-25 20:11:12,958 - INFO - 
🔄 Iteração 2/3 para IFPI
2026-09-25 20:11:12,958 - INFO -   ⚠️ Sem novas queries para testar
2026-09-25 20:11:12,959 - INFO - 
📊 Métricas finais para IFPI:
2026-09-25 20:11:12,959 - INFO -    Total de queries testadas: 1
2026-09-25 20:11:12,959 - INFO -    Queries com sucesso: 0
2026-09-25 20:11:12,972 - INFO -    🔤 Filtrando 500 repositórios por idioma (português)...
2026-09-25 20:11:14,030 - INFO -    ✅ Filtro de idioma: 387/500 repositórios mantidos (77.4% em português)
2026-09-25 20:11:14,030 - INFO - ✅ IFPI: 387 repositórios em português
2026-09-25 20:11:14,030 - INFO -    Palavras-chave: sala, ifpi, desenvolvido, sistemas, campus, trabalho, ads, curso, para, atividades
2026-09-25 20:11:17,031 - INFO - 
============================================================
2026-09-25 20:11:17,031 - INFO - 🏛️  Processando IFPI - Campus Parnaíba
2026-09-25 20:11:17,031 - INFO - ============================================================
2026-09-25 20:11:17,031 - INFO - 
🔄 Iteração 1/3 para IFPI
2026-09-25 20:11:17,031 - INFO -   🔎 Testando: "ifpi"
2026-09-25 20:11:32,735 - INFO -      ✅ 500 resultados (eficiência: 0.30)
2026-09-25 20:11:35,736 - INFO - 
🔄 Iteração 2/3 para IFPI
2026-09-25 20:11:35,736 - INFO -   ⚠️ Sem novas queries para testar
2026-09-25 20:11:35,736 - INFO - 
📊 Métricas finais para IFPI:
2026-09-25 20:11:35,736 - INFO -    Total de queries testadas: 1
2026-09-25 20:11:35,736 - INFO -    Queries com sucesso: 0
2026-09-25 20:11:35,759 - INFO -    🔤 Filtrando 500 repositórios por idioma (português)...
2026-09-25 20:11:36,825 - INFO -    ✅ Filtro de idioma: 387/500 repositórios mantidos (77.4% em português)
2026-09-25 20:11:36,825 - INFO - ✅ IFPI: 387 repositórios em português
2026-09-25 20:11:36,825 - INFO -    Palavras-chave: sala, ifpi, desenvolvido, sistemas, campus, trabalho, ads, curso, para, atividades
2026-09-25 20:11:39,825 - INFO - 
============================================================
2026-09-25 20:11:39,826 - INFO - 🏛️  Processando IFPI - Campus Picos
2026-09-25 20:11:39,826 - INFO - ============================================================
2026-09-25 20:11:39,826 - INFO - 
🔄 Iteração 1/3 para IFPI
2026-09-25 20:11:39,826 - INFO -   🔎 Testando: "ifpi"
2026-09-25 20:11:55,134 - INFO -      ✅ 500 resultados (eficiência: 0.30)
2026-09-25 20:11:58,135 - INFO - 
🔄 Iteração 2/3 para IFPI
2026-09-25 20:11:58,135 - INFO -   ⚠️ Sem novas queries para testar
2026-09-25 20:11:58,135 - INFO - 
📊 Métricas finais para IFPI:
2026-09-25 20:11:58,135 - INFO -    Total de queries testadas: 1
2026-09-25 20:11:58,135 - INFO -    Queries com sucesso: 0
2026-09-25 20:11:58,146 - INFO -    🔤 Filtrando 500 repositórios por idioma (português)...
2026-09-25 20:11:59,223 - INFO -    ✅ Filtro de idioma: 387/500 repositórios mantidos (77.4% em português)
2026-09-25 20:11:59,223 - INFO - ✅ IFPI: 387 repositórios em português
2026-09-25 20:11:59,223 - INFO -    Palavras-chave: sala, ifpi, desenvolvido, sistemas, campus, trabalho, ads, curso, para, atividades
2026-09-25 20:12:02,223 - INFO - 
============================================================
2026-09-25 20:12:02,224 - INFO - 🏛️  Processando IFPI - Campus Piripiri
2026-09-25 20:12:02,224 - INFO - ============================================================
2026-09-25 20:12:02,224 - INFO - 
🔄 Iteração 1/3 para IFPI
2026-09-25 20:12:02,224 - INFO -   🔎 Testando: "ifpi"
2026-09-25 20:12:17,561 - INFO -      ✅ 500 resultados (eficiência: 0.30)
2026-09-25 20:12:20,562 - INFO - 
🔄 Iteração 2/3 para IFPI
2026-09-25 20:12:20,562 - INFO -   ⚠️ Sem novas queries para testar
2026-09-25 20:12:20,562 - INFO - 
📊 Métricas finais para IFPI:
2026-09-25 20:12:20,562 - INFO -    Total de queries testadas: 1
2026-09-25 20:12:20,562 - INFO -    Queries com sucesso: 0
2026-09-25 20:12:20,587 - INFO -    🔤 Filtrando 500 repositórios por idioma (português)...
2026-09-25 20:12:21,641 - INFO -    ✅ Filtro de idioma: 387/500 repositórios mantidos (77.4% em português)
2026-09-25 20:12:21,641 - INFO - ✅ IFPI: 387 repositórios em português
2026-09-25 20:12:21,641 - INFO -    Palavras-chave: sala, ifpi, desenvolvido, sistemas, campus, trabalho, ads, curso, para, atividades
2026-09-25 20:12:24,642 - INFO - 
============================================================
2026-09-25 20:12:24,642 - INFO - 🏛️  Processando IFPI - Campus Corrente
2026-09-25 20:12:24,642 - INFO - ============================================================
2026-09-25 20:12:24,642 - INFO - 
🔄 Iteração 1/3 para IFPI
2026-09-25 20:12:24,642 - INFO -   🔎 Testando: "ifpi"
2026-09-25 20:12:40,404 - INFO -      ✅ 500 resultados (eficiência: 0.30)
2026-09-25 20:12:43,404 - INFO - 
🔄 Iteração 2/3 para IFPI
2026-09-25 20:12:43,404 - INFO -   ⚠️ Sem novas queries para testar
2026-09-25 20:12:43,405 - INFO - 
📊 Métricas finais para IFPI:
2026-09-25 20:12:43,405 - INFO -    Total de queries testadas: 1
2026-09-25 20:12:43,405 - INFO -    Queries com sucesso: 0
2026-09-25 20:12:43,426 - INFO -    🔤 Filtrando 500 repositórios por idioma (português)...
2026-09-25 20:12:44,482 - INFO -    ✅ Filtro de idioma: 387/500 repositórios mantidos (77.4% em português)
2026-09-25 20:12:44,482 - INFO - ✅ IFPI: 387 repositórios em português
2026-09-25 20:12:44,482 - INFO -    Palavras-chave: sala, ifpi, desenvolvido, sistemas, campus, trabalho, ads, curso, para, atividades
2026-09-25 20:12:47,483 - INFO - 
============================================================
2026-09-25 20:12:47,483 - INFO - 🏛️  Processando IFPI - Campus São Raimundo Nonato
2026-09-25 20:12:47,483 - INFO - ============================================================
2026-09-25 20:12:47,483 - INFO - 
🔄 Iteração 1/3 para IFPI
2026-09-25 20:12:47,483 - INFO -   🔎 Testando: "campus são"
2026-09-25 20:12:57,364 - INFO -      ✅ 310 resultados (eficiência: 0.30)
2026-09-25 20:12:58,364 - INFO -   🔎 Testando: "ifpi"
2026-09-25 20:13:14,063 - INFO -      ✅ 500 resultados (eficiência: 0.30)
2026-09-25 20:13:17,063 - INFO - 
🔄 Iteração 2/3 para IFPI
2026-09-25 20:13:17,063 - INFO -   ⚠️ Sem novas queries para testar
2026-09-25 20:13:17,064 - INFO - 
📊 Métricas finais para IFPI:
2026-09-25 20:13:17,064 - INFO -    Total de queries testadas: 2
2026-09-25 20:13:17,064 - INFO -    Queries com sucesso: 0
2026-09-25 20:13:17,096 - INFO -    🔤 Filtrando 809 repositórios por idioma (português)...
2026-09-25 20:13:18,535 - INFO -    ✅ Filtro de idioma: 692/809 repositórios mantidos (85.5% em português)
2026-09-25 20:13:18,535 - INFO - ✅ IFPI: 692 repositórios em português
2026-09-25 20:13:18,535 - INFO -    Palavras-chave: ifpi, carlos, desenvolvido, sistemas, campus, federal, instituto, curso, para, ifsc
2026-09-25 20:13:21,536 - INFO - 
============================================================
2026-09-25 20:13:21,536 - INFO - 🏛️  Processando IFPI - Campus Paulistana
2026-09-25 20:13:21,536 - INFO - ============================================================
2026-09-25 20:13:21,536 - INFO - 
🔄 Iteração 1/3 para IFPI
2026-09-25 20:13:21,536 - INFO -   🔎 Testando: "ifpi"
2026-09-25 20:13:38,309 - INFO -      ✅ 500 resultados (eficiência: 0.30)
2026-09-25 20:13:41,309 - INFO - 
🔄 Iteração 2/3 para IFPI
2026-09-25 20:13:41,310 - INFO -   ⚠️ Sem novas queries para testar
2026-09-25 20:13:41,310 - INFO - 
📊 Métricas finais para IFPI:
2026-09-25 20:13:41,310 - INFO -    Total de queries testadas: 1
2026-09-25 20:13:41,310 - INFO -    Queries com sucesso: 0
2026-09-25 20:13:41,336 - INFO -    🔤 Filtrando 500 repositórios por idioma (português)...
2026-09-25 20:13:42,405 - INFO -    ✅ Filtro de idioma: 387/500 repositórios mantidos (77.4% em português)
2026-09-25 20:13:42,405 - INFO - ✅ IFPI: 387 repositórios em português
2026-09-25 20:13:42,405 - INFO -    Palavras-chave: sala, ifpi, desenvolvido, sistemas, campus, trabalho, ads, curso, para, atividades
2026-09-25 20:13:45,406 - INFO - 
============================================================
2026-09-25 20:13:45,406 - INFO - 🏛️  Processando IFPI - Campus Uruçuí
2026-09-25 20:13:45,406 - INFO - ============================================================
2026-09-25 20:13:45,406 - INFO - 
🔄 Iteração 1/3 para IFPI
2026-09-25 20:13:45,406 - INFO -   🔎 Testando: "ifpi"
2026-09-25 20:14:01,326 - INFO -      ✅ 500 resultados (eficiência: 0.30)
2026-09-25 20:14:04,327 - INFO - 
🔄 Iteração 2/3 para IFPI
2026-09-25 20:14:04,327 - INFO -   ⚠️ Sem novas queries para testar
2026-09-25 20:14:04,327 - INFO - 
📊 Métricas finais para IFPI:
2026-09-25 20:14:04,327 - INFO -    Total de queries testadas: 1
2026-09-25 20:14:04,327 - INFO -    Queries com sucesso: 0
2026-09-25 20:14:04,347 - INFO -    🔤 Filtrando 500 repositórios por idioma (português)...
2026-09-25 20:14:05,408 - INFO -    ✅ Filtro de idioma: 387/500 repositórios mantidos (77.4% em português)
2026-09-25 20:14:05,409 - INFO - ✅ IFPI: 387 repositórios em português
2026-09-25 20:14:05,409 - INFO -    Palavras-chave: sala, ifpi, desenvolvido, sistemas, campus, trabalho, ads, curso, para, atividades
2026-09-25 20:14:08,409 - INFO - 
============================================================
2026-09-25 20:14:08,409 - INFO - 🏛️  Processando IFPI - Campus Angical
2026-09-25 20:14:08,409 - INFO - ============================================================
2026-09-25 20:14:08,409 - INFO - 
🔄 Iteração 1/3 para IFPI
2026-09-25 20:14:08,409 - INFO -   🔎 Testando: "ifpi"
2026-09-25 20:14:23,576 - INFO -      ✅ 500 resultados (eficiência: 0.30)
2026-09-25 20:14:26,576 - INFO - 
🔄 Iteração 2/3 para IFPI
2026-09-25 20:14:26,577 - INFO -   ⚠️ Sem novas queries para testar
2026-09-25 20:14:26,577 - INFO - 
📊 Métricas finais para IFPI:
2026-09-25 20:14:26,577 - INFO -    Total de queries testadas: 1
2026-09-25 20:14:26,577 - INFO -    Queries com sucesso: 0
2026-09-25 20:14:26,602 - INFO -    🔤 Filtrando 500 repositórios por idioma (português)...
2026-09-25 20:14:27,666 - INFO -    ✅ Filtro de idioma: 387/500 repositórios mantidos (77.4% em português)
2026-09-25 20:14:27,666 - INFO - ✅ IFPI: 387 repositórios em português
2026-09-25 20:14:27,666 - INFO -    Palavras-chave: sala, ifpi, desenvolvido, sistemas, campus, trabalho, ads, curso, para, atividades
2026-09-25 20:14:30,667 - INFO - 
============================================================
2026-09-25 20:14:30,667 - INFO - 🏛️  Processando IFPI - Campus Barras
2026-09-25 20:14:30,667 - INFO - ============================================================
2026-09-25 20:14:30,667 - INFO - 
🔄 Iteração 1/3 para IFPI
2026-09-25 20:14:30,667 - INFO -   🔎 Testando: "ifpi"
2026-09-25 20:14:46,570 - INFO -      ✅ 500 resultados (eficiência: 0.30)
2026-09-25 20:14:49,570 - INFO - 
🔄 Iteração 2/3 para IFPI
2026-09-25 20:14:49,570 - INFO -   ⚠️ Sem novas queries para testar
2026-09-25 20:14:49,571 - INFO - 
📊 Métricas finais para IFPI:
2026-09-25 20:14:49,571 - INFO -    Total de queries testadas: 1
2026-09-25 20:14:49,571 - INFO -    Queries com sucesso: 0
2026-09-25 20:14:49,590 - INFO -    🔤 Filtrando 500 repositórios por idioma (português)...
2026-09-25 20:14:50,665 - INFO -    ✅ Filtro de idioma: 387/500 repositórios mantidos (77.4% em português)
2026-09-25 20:14:50,665 - INFO - ✅ IFPI: 387 repositórios em português
2026-09-25 20:14:50,665 - INFO -    Palavras-chave: sala, ifpi, desenvolvido, sistemas, campus, trabalho, ads, curso, para, atividades
2026-09-25 20:14:53,666 - INFO - 
============================================================
2026-09-25 20:14:53,666 - INFO - 🏛️  Processando IFPI - Campus Esperantina
2026-09-25 20:14:53,666 - INFO - ============================================================
2026-09-25 20:14:53,666 - INFO - 
🔄 Iteração 1/3 para IFPI
2026-09-25 20:14:53,666 - INFO -   🔎 Testando: "ifpi"
2026-09-25 20:15:09,500 - INFO -      ✅ 500 resultados (eficiência: 0.30)
2026-09-25 20:15:12,501 - INFO - 
🔄 Iteração 2/3 para IFPI
2026-09-25 20:15:12,501 - INFO -   ⚠️ Sem novas queries para testar
2026-09-25 20:15:12,501 - INFO - 
📊 Métricas finais para IFPI:
2026-09-25 20:15:12,501 - INFO -    Total de queries testadas: 1
2026-09-25 20:15:12,501 - INFO -    Queries com sucesso: 0
2026-09-25 20:15:12,522 - INFO -    🔤 Filtrando 500 repositórios por idioma (português)...
2026-09-25 20:15:13,585 - INFO -    ✅ Filtro de idioma: 387/500 repositórios mantidos (77.4% em português)
2026-09-25 20:15:13,585 - INFO - ✅ IFPI: 387 repositórios em português
2026-09-25 20:15:13,585 - INFO -    Palavras-chave: sala, ifpi, desenvolvido, sistemas, campus, trabalho, ads, curso, para, atividades
2026-09-25 20:15:16,585 - INFO - 
============================================================
2026-09-25 20:15:16,585 - INFO - 🏛️  Processando IFPI - Campus Altos
2026-09-25 20:15:16,585 - INFO - ============================================================
2026-09-25 20:15:16,585 - INFO - 
🔄 Iteração 1/3 para IFPI
2026-09-25 20:15:16,586 - INFO -   🔎 Testando: "ifpi"
2026-09-25 20:15:32,606 - INFO -      ✅ 500 resultados (eficiência: 0.30)
2026-09-25 20:15:35,607 - INFO - 
🔄 Iteração 2/3 para IFPI
2026-09-25 20:15:35,607 - INFO -   ⚠️ Sem novas queries para testar
2026-09-25 20:15:35,607 - INFO - 
📊 Métricas finais para IFPI:
2026-09-25 20:15:35,607 - INFO -    Total de queries testadas: 1
2026-09-25 20:15:35,607 - INFO -    Queries com sucesso: 0
2026-09-25 20:15:35,629 - INFO -    🔤 Filtrando 500 repositórios por idioma (português)...
2026-09-25 20:15:36,680 - INFO -    ✅ Filtro de idioma: 387/500 repositórios mantidos (77.4% em português)
2026-09-25 20:15:36,680 - INFO - ✅ IFPI: 387 repositórios em português
2026-09-25 20:15:36,680 - INFO -    Palavras-chave: sala, ifpi, desenvolvido, sistemas, campus, trabalho, ads, curso, para, atividades
2026-09-25 20:15:39,680 - INFO - 
============================================================
2026-09-25 20:15:39,681 - INFO - 🏛️  Processando IFPB - Campus João Pessoa
2026-09-25 20:15:39,681 - INFO - ============================================================
2026-09-25 20:15:39,681 - INFO - 
🔄 Iteração 1/3 para IFPB
2026-09-25 20:15:39,681 - INFO -   🔎 Testando: "campus joão"
2026-09-25 20:15:41,252 - INFO -      ✅ 45 resultados (eficiência: 0.14)
2026-09-25 20:15:42,253 - INFO -   🔎 Testando: "ifpb"
2026-09-25 20:15:58,861 - INFO -      ✅ 500 resultados (eficiência: 0.30)
2026-09-25 20:16:01,861 - INFO - 
🔄 Iteração 2/3 para IFPB
2026-09-25 20:16:01,862 - INFO -   ⚠️ Sem novas queries para testar
2026-09-25 20:16:01,862 - INFO - 
📊 Métricas finais para IFPB:
2026-09-25 20:16:01,862 - INFO -    Total de queries testadas: 2
2026-09-25 20:16:01,862 - INFO -    Queries com sucesso: 0
2026-09-25 20:16:01,894 - INFO -    🔤 Filtrando 529 repositórios por idioma (português)...
2026-09-25 20:16:03,130 - INFO -    ✅ Filtro de idioma: 441/529 repositórios mantidos (83.4% em português)
2026-09-25 20:16:03,130 - INFO - ✅ IFPB: 441 repositórios em português
2026-09-25 20:16:03,130 - INFO -    Palavras-chave: sistema, dados, sistemas, campus, curso, para, internet, site, pessoa, desenvolvimento
2026-09-25 20:16:06,131 - INFO - 
============================================================
2026-09-25 20:16:06,131 - INFO - 🏛️  Processando IFPB - Campus Cajazeiras
2026-09-25 20:16:06,131 - INFO - ============================================================
2026-09-25 20:16:06,131 - INFO - 
🔄 Iteração 1/3 para IFPB
2026-09-25 20:16:06,131 - INFO -   🔎 Testando: "ifpb"
2026-09-25 20:16:23,045 - INFO -      ✅ 500 resultados (eficiência: 0.30)
2026-09-25 20:16:26,045 - INFO - 
🔄 Iteração 2/3 para IFPB
2026-09-25 20:16:26,045 - INFO -   ⚠️ Sem novas queries para testar
2026-09-25 20:16:26,046 - INFO - 
📊 Métricas finais para IFPB:
2026-09-25 20:16:26,046 - INFO -    Total de queries testadas: 1
2026-09-25 20:16:26,046 - INFO -    Queries com sucesso: 0
2026-09-25 20:16:26,070 - INFO -    🔤 Filtrando 500 repositórios por idioma (português)...
2026-09-25 20:16:27,312 - INFO -    ✅ Filtro de idioma: 412/500 repositórios mantidos (82.4% em português)
2026-09-25 20:16:27,312 - INFO - ✅ IFPB: 412 repositórios em português
2026-09-25 20:16:27,312 - INFO -    Palavras-chave: sistema, dados, sistemas, campus, curso, para, internet, site, desenvolvimento, projetos
2026-09-25 20:16:30,312 - INFO - 
============================================================
2026-09-25 20:16:30,313 - INFO - 🏛️  Processando IFPB - Campus Sousa
2026-09-25 20:16:30,313 - INFO - ============================================================
2026-09-25 20:16:30,313 - INFO - 
🔄 Iteração 1/3 para IFPB
2026-09-25 20:16:30,313 - INFO -   🔎 Testando: "ifpb"
2026-09-25 20:16:46,551 - INFO -      ✅ 500 resultados (eficiência: 0.30)
2026-09-25 20:16:49,552 - INFO - 
🔄 Iteração 2/3 para IFPB
2026-09-25 20:16:49,552 - INFO -   ⚠️ Sem novas queries para testar
2026-09-25 20:16:49,552 - INFO - 
📊 Métricas finais para IFPB:
2026-09-25 20:16:49,552 - INFO -    Total de queries testadas: 1
2026-09-25 20:16:49,552 - INFO -    Queries com sucesso: 0
2026-09-25 20:16:49,574 - INFO -    🔤 Filtrando 500 repositórios por idioma (português)...
2026-09-25 20:16:50,809 - INFO -    ✅ Filtro de idioma: 412/500 repositórios mantidos (82.4% em português)
2026-09-25 20:16:50,809 - INFO - ✅ IFPB: 412 repositórios em português
2026-09-25 20:16:50,809 - INFO -    Palavras-chave: sistema, dados, sistemas, campus, curso, para, internet, site, desenvolvimento, projetos
2026-09-25 20:16:53,809 - INFO - 
============================================================
2026-09-25 20:16:53,809 - INFO - 🏛️  Processando IFPB - Campus Campina Grande
2026-09-25 20:16:53,809 - INFO - ============================================================
2026-09-25 20:16:53,809 - INFO - 
🔄 Iteração 1/3 para IFPB
2026-09-25 20:16:53,809 - INFO -   🔎 Testando: "campus campina"
2026-09-25 20:16:58,075 - INFO -      ✅ 94 resultados (eficiência: 0.28)
2026-09-25 20:16:59,075 - INFO -   🔎 Testando: "ifpb"
2026-09-25 20:17:18,739 - INFO -      ✅ 500 resultados (eficiência: 0.30)
2026-09-25 20:17:21,739 - INFO - 
🔄 Iteração 2/3 para IFPB
2026-09-25 20:17:21,740 - INFO -   ⚠️ Sem novas queries para testar
2026-09-25 20:17:21,740 - INFO - 
📊 Métricas finais para IFPB:
2026-09-25 20:17:21,740 - INFO -    Total de queries testadas: 2
2026-09-25 20:17:21,740 - INFO -    Queries com sucesso: 0
2026-09-25 20:17:21,765 - INFO -    🔤 Filtrando 590 repositórios por idioma (português)...
2026-09-25 20:17:23,147 - INFO -    ✅ Filtro de idioma: 502/590 repositórios mantidos (85.1% em português)
2026-09-25 20:17:23,147 - INFO - ✅ IFPB: 502 repositórios em português
2026-09-25 20:17:23,147 - INFO -    Palavras-chave: sistema, desenvolvido, campina, sistemas, campus, dados, federal, curso, para, internet
2026-09-25 20:17:26,147 - INFO - 
============================================================
2026-09-25 20:17:26,147 - INFO - 🏛️  Processando IFPB - Campus Patos
2026-09-25 20:17:26,147 - INFO - ============================================================
2026-09-25 20:17:26,147 - INFO - 
🔄 Iteração 1/3 para IFPB
2026-09-25 20:17:26,147 - INFO -   🔎 Testando: "ifpb"
2026-09-25 20:17:42,866 - INFO -      ✅ 500 resultados (eficiência: 0.30)
2026-09-25 20:17:45,866 - INFO - 
🔄 Iteração 2/3 para IFPB
2026-09-25 20:17:45,867 - INFO -   ⚠️ Sem novas queries para testar
2026-09-25 20:17:45,867 - INFO - 
📊 Métricas finais para IFPB:
2026-09-25 20:17:45,867 - INFO -    Total de queries testadas: 1
2026-09-25 20:17:45,867 - INFO -    Queries com sucesso: 0
2026-09-25 20:17:45,890 - INFO -    🔤 Filtrando 500 repositórios por idioma (português)...
2026-09-25 20:17:47,120 - INFO -    ✅ Filtro de idioma: 412/500 repositórios mantidos (82.4% em português)
2026-09-25 20:17:47,120 - INFO - ✅ IFPB: 412 repositórios em português
2026-09-25 20:17:47,121 - INFO -    Palavras-chave: sistema, dados, sistemas, campus, curso, para, internet, site, desenvolvimento, projetos
2026-09-25 20:17:50,121 - INFO - 
============================================================
2026-09-25 20:17:50,121 - INFO - 🏛️  Processando IFPB - Campus Cabedelo
2026-09-25 20:17:50,121 - INFO - ============================================================
2026-09-25 20:17:50,121 - INFO - 
🔄 Iteração 1/3 para IFPB
2026-09-25 20:17:50,121 - INFO -   🔎 Testando: "ifpb"
2026-09-25 20:18:05,970 - INFO -      ✅ 500 resultados (eficiência: 0.30)
2026-09-25 20:18:08,971 - INFO - 
🔄 Iteração 2/3 para IFPB
2026-09-25 20:18:08,971 - INFO -   ⚠️ Sem novas queries para testar
2026-09-25 20:18:08,971 - INFO - 
📊 Métricas finais para IFPB:
2026-09-25 20:18:08,971 - INFO -    Total de queries testadas: 1
2026-09-25 20:18:08,971 - INFO -    Queries com sucesso: 0
2026-09-25 20:18:08,987 - INFO -    🔤 Filtrando 500 repositórios por idioma (português)...
2026-09-25 20:18:10,251 - INFO -    ✅ Filtro de idioma: 412/500 repositórios mantidos (82.4% em português)
2026-09-25 20:18:10,251 - INFO - ✅ IFPB: 412 repositórios em português
2026-09-25 20:18:10,251 - INFO -    Palavras-chave: sistema, dados, sistemas, campus, curso, para, internet, site, desenvolvimento, projetos
2026-09-25 20:18:13,251 - INFO - 
============================================================
2026-09-25 20:18:13,251 - INFO - 🏛️  Processando IFPB - Campus Picuí
2026-09-25 20:18:13,251 - INFO - ============================================================
2026-09-25 20:18:13,251 - INFO - 
🔄 Iteração 1/3 para IFPB
2026-09-25 20:18:13,251 - INFO -   🔎 Testando: "ifpb"
2026-09-25 20:18:29,133 - INFO -      ✅ 500 resultados (eficiência: 0.30)
2026-09-25 20:18:32,133 - INFO - 
🔄 Iteração 2/3 para IFPB
2026-09-25 20:18:32,134 - INFO -   ⚠️ Sem novas queries para testar
2026-09-25 20:18:32,134 - INFO - 
📊 Métricas finais para IFPB:
2026-09-25 20:18:32,134 - INFO -    Total de queries testadas: 1
2026-09-25 20:18:32,134 - INFO -    Queries com sucesso: 0
2026-09-25 20:18:32,161 - INFO -    🔤 Filtrando 500 repositórios por idioma (português)...
2026-09-25 20:18:33,428 - INFO -    ✅ Filtro de idioma: 412/500 repositórios mantidos (82.4% em português)
2026-09-25 20:18:33,428 - INFO - ✅ IFPB: 412 repositórios em português
2026-09-25 20:18:33,428 - INFO -    Palavras-chave: sistema, dados, sistemas, campus, curso, para, internet, site, desenvolvimento, projetos
2026-09-25 20:18:36,428 - INFO - 
============================================================
2026-09-25 20:18:36,428 - INFO - 🏛️  Processando IFPB - Campus Princesa Isabel
2026-09-25 20:18:36,428 - INFO - ============================================================
2026-09-25 20:18:36,428 - INFO - 
🔄 Iteração 1/3 para IFPB
2026-09-25 20:18:36,428 - INFO -   🔎 Testando: "ifpb"
2026-09-25 20:18:52,647 - INFO -      ✅ 500 resultados (eficiência: 0.30)
2026-09-25 20:18:53,648 - INFO -   🔎 Testando: "campus princesa"
2026-09-25 20:18:54,154 - INFO -      ✅ 3 resultados (eficiência: 0.01)
2026-09-25 20:18:57,154 - INFO - 
🔄 Iteração 2/3 para IFPB
2026-09-25 20:18:57,154 - INFO -   ⚠️ Sem novas queries para testar
2026-09-25 20:18:57,154 - INFO - 
📊 Métricas finais para IFPB:
2026-09-25 20:18:57,154 - INFO -    Total de queries testadas: 2
2026-09-25 20:18:57,154 - INFO -    Queries com sucesso: 0
2026-09-25 20:18:57,168 - INFO -    🔤 Filtrando 502 repositórios por idioma (português)...
2026-09-25 20:18:58,409 - INFO -    ✅ Filtro de idioma: 414/502 repositórios mantidos (82.5% em português)
2026-09-25 20:18:58,409 - INFO - ✅ IFPB: 414 repositórios em português
2026-09-25 20:18:58,409 - INFO -    Palavras-chave: sistema, dados, sistemas, campus, curso, para, internet, site, desenvolvimento, projetos
2026-09-25 20:19:01,409 - INFO - 
============================================================
2026-09-25 20:19:01,410 - INFO - 🏛️  Processando IFPB - Campus Monteiro
2026-09-25 20:19:01,410 - INFO - ============================================================
2026-09-25 20:19:01,410 - INFO - 
🔄 Iteração 1/3 para IFPB
2026-09-25 20:19:01,410 - INFO -   🔎 Testando: "ifpb"
2026-09-25 20:19:17,363 - INFO -      ✅ 500 resultados (eficiência: 0.30)
2026-09-25 20:19:20,363 - INFO - 
🔄 Iteração 2/3 para IFPB
2026-09-25 20:19:20,364 - INFO -   ⚠️ Sem novas queries para testar
2026-09-25 20:19:20,364 - INFO - 
📊 Métricas finais para IFPB:
2026-09-25 20:19:20,364 - INFO -    Total de queries testadas: 1
2026-09-25 20:19:20,364 - INFO -    Queries com sucesso: 0
2026-09-25 20:19:20,391 - INFO -    🔤 Filtrando 500 repositórios por idioma (português)...
2026-09-25 20:19:21,659 - INFO -    ✅ Filtro de idioma: 412/500 repositórios mantidos (82.4% em português)
2026-09-25 20:19:21,660 - INFO - ✅ IFPB: 412 repositórios em português
2026-09-25 20:19:21,660 - INFO -    Palavras-chave: sistema, dados, sistemas, campus, curso, para, internet, site, desenvolvimento, projetos
2026-09-25 20:19:24,660 - INFO - 
============================================================
2026-09-25 20:19:24,660 - INFO - 🏛️  Processando IFRO - Campus Porto Velho
2026-09-25 20:19:24,660 - INFO - ============================================================
2026-09-25 20:19:24,660 - INFO - 
🔄 Iteração 1/3 para IFRO
2026-09-25 20:19:24,660 - INFO -   🔎 Testando: "campus porto"
2026-09-25 20:19:25,902 - INFO -      ✅ 34 resultados (eficiência: 0.10)
2026-09-25 20:19:26,902 - INFO -   🔎 Testando: "ifro"
2026-09-25 20:19:43,059 - INFO -      ✅ 500 resultados (eficiência: 0.30)
2026-09-25 20:19:46,059 - INFO - 
🔄 Iteração 2/3 para IFRO
2026-09-25 20:19:46,059 - INFO -   ⚠️ Sem novas queries para testar
2026-09-25 20:19:46,059 - INFO - 
📊 Métricas finais para IFRO:
2026-09-25 20:19:46,059 - INFO -    Total de queries testadas: 2
2026-09-25 20:19:46,060 - INFO -    Queries com sucesso: 0
2026-09-25 20:19:46,072 - INFO -    🔤 Filtrando 531 repositórios por idioma (português)...
2026-09-25 20:19:47,358 - INFO -    ✅ Filtro de idioma: 391/531 repositórios mantidos (73.6% em português)
2026-09-25 20:19:47,358 - INFO - ✅ IFRO: 391 repositórios em português
2026-09-25 20:19:47,358 - INFO -    Palavras-chave: config, github, sistema, profile, campus, ifro, files, curso, para, web
2026-09-25 20:19:50,359 - INFO - 
============================================================
2026-09-25 20:19:50,359 - INFO - 🏛️  Processando IFRO - Campus Ariquemes
2026-09-25 20:19:50,359 - INFO - ============================================================
2026-09-25 20:19:50,359 - INFO - 
🔄 Iteração 1/3 para IFRO
2026-09-25 20:19:50,359 - INFO -   🔎 Testando: "ifro"
2026-09-25 20:20:05,225 - INFO -      ✅ 500 resultados (eficiência: 0.30)
2026-09-25 20:20:08,225 - INFO - 
🔄 Iteração 2/3 para IFRO
2026-09-25 20:20:08,225 - INFO -   ⚠️ Sem novas queries para testar
2026-09-25 20:20:08,225 - INFO - 
📊 Métricas finais para IFRO:
2026-09-25 20:20:08,225 - INFO -    Total de queries testadas: 1
2026-09-25 20:20:08,225 - INFO -    Queries com sucesso: 0
2026-09-25 20:20:08,235 - INFO -    🔤 Filtrando 500 repositórios por idioma (português)...
2026-09-25 20:20:09,484 - INFO -    ✅ Filtro de idioma: 361/500 repositórios mantidos (72.2% em português)
2026-09-25 20:20:09,484 - INFO - ✅ IFRO: 361 repositórios em português
2026-09-25 20:20:09,484 - INFO -    Palavras-chave: config, github, profile, campus, ifro, files, curso, para, site, ifrog
2026-09-25 20:20:12,484 - INFO - 
============================================================
2026-09-25 20:20:12,484 - INFO - 🏛️  Processando IFRO - Campus Ji-Paraná
2026-09-25 20:20:12,484 - INFO - ============================================================
2026-09-25 20:20:12,484 - INFO - 
🔄 Iteração 1/3 para IFRO
2026-09-25 20:20:12,484 - INFO -   🔎 Testando: "ifro"
2026-09-25 20:20:28,285 - INFO -      ✅ 500 resultados (eficiência: 0.30)
2026-09-25 20:20:31,285 - INFO - 
🔄 Iteração 2/3 para IFRO
2026-09-25 20:20:31,285 - INFO -   ⚠️ Sem novas queries para testar
2026-09-25 20:20:31,285 - INFO - 
📊 Métricas finais para IFRO:
2026-09-25 20:20:31,285 - INFO -    Total de queries testadas: 1
2026-09-25 20:20:31,285 - INFO -    Queries com sucesso: 0
2026-09-25 20:20:31,299 - INFO -    🔤 Filtrando 500 repositórios por idioma (português)...
2026-09-25 20:20:32,489 - INFO -    ✅ Filtro de idioma: 361/500 repositórios mantidos (72.2% em português)
2026-09-25 20:20:32,489 - INFO - ✅ IFRO: 361 repositórios em português
2026-09-25 20:20:32,489 - INFO -    Palavras-chave: config, github, profile, campus, ifro, files, curso, para, site, ifrog
2026-09-25 20:20:35,490 - INFO - 
============================================================
2026-09-25 20:20:35,490 - INFO - 🏛️  Processando IFRO - Campus Vilhena
2026-09-25 20:20:35,490 - INFO - ============================================================
2026-09-25 20:20:35,490 - INFO - 
🔄 Iteração 1/3 para IFRO
2026-09-25 20:20:35,490 - INFO -   🔎 Testando: "ifro"
2026-09-25 20:20:52,117 - INFO -      ✅ 500 resultados (eficiência: 0.30)
2026-09-25 20:20:55,118 - INFO - 
🔄 Iteração 2/3 para IFRO
2026-09-25 20:20:55,118 - INFO -   ⚠️ Sem novas queries para testar
2026-09-25 20:20:55,118 - INFO - 
📊 Métricas finais para IFRO:
2026-09-25 20:20:55,118 - INFO -    Total de queries testadas: 1
2026-09-25 20:20:55,118 - INFO -    Queries com sucesso: 0
2026-09-25 20:20:55,137 - INFO -    🔤 Filtrando 500 repositórios por idioma (português)...
2026-09-25 20:20:56,320 - INFO -    ✅ Filtro de idioma: 361/500 repositórios mantidos (72.2% em português)
2026-09-25 20:20:56,320 - INFO - ✅ IFRO: 361 repositórios em português
2026-09-25 20:20:56,320 - INFO -    Palavras-chave: config, github, profile, campus, ifro, files, curso, para, site, ifrog
2026-09-25 20:20:59,321 - INFO - 
============================================================
2026-09-25 20:20:59,321 - INFO - 🏛️  Processando IFRO - Campus Colorado do Oeste
2026-09-25 20:20:59,321 - INFO - ============================================================
2026-09-25 20:20:59,321 - INFO - 
🔄 Iteração 1/3 para IFRO
2026-09-25 20:20:59,321 - INFO -   🔎 Testando: "ifro"
2026-09-25 20:21:15,652 - INFO -      ✅ 500 resultados (eficiência: 0.30)
2026-09-25 20:21:16,652 - INFO -   🔎 Testando: "campus colorado"
2026-09-25 20:21:17,046 - INFO -      ✅ 0 resultados (eficiência: 0.00)
2026-09-25 20:21:20,046 - INFO - 
🔄 Iteração 2/3 para IFRO
2026-09-25 20:21:20,046 - INFO -   ⚠️ Sem novas queries para testar
2026-09-25 20:21:20,046 - INFO - 
📊 Métricas finais para IFRO:
2026-09-25 20:21:20,046 - INFO -    Total de queries testadas: 2
2026-09-25 20:21:20,046 - INFO -    Queries com sucesso: 0
2026-09-25 20:21:20,056 - INFO -    🔤 Filtrando 500 repositórios por idioma (português)...
2026-09-25 20:21:21,240 - INFO -    ✅ Filtro de idioma: 361/500 repositórios mantidos (72.2% em português)
2026-09-25 20:21:21,240 - INFO - ✅ IFRO: 361 repositórios em português
2026-09-25 20:21:21,240 - INFO -    Palavras-chave: config, github, profile, campus, ifro, files, curso, para, site, ifrog
2026-09-25 20:21:24,241 - INFO - 
============================================================
2026-09-25 20:21:24,241 - INFO - 🏛️  Processando IFRO - Campus Cacoal
2026-09-25 20:21:24,241 - INFO - ============================================================
2026-09-25 20:21:24,241 - INFO - 
🔄 Iteração 1/3 para IFRO
2026-09-25 20:21:24,241 - INFO -   🔎 Testando: "ifro"
2026-09-25 20:21:40,686 - INFO -      ✅ 500 resultados (eficiência: 0.30)
2026-09-25 20:21:43,687 - INFO - 
🔄 Iteração 2/3 para IFRO
2026-09-25 20:21:43,687 - INFO -   ⚠️ Sem novas queries para testar
2026-09-25 20:21:43,687 - INFO - 
📊 Métricas finais para IFRO:
2026-09-25 20:21:43,688 - INFO -    Total de queries testadas: 1
2026-09-25 20:21:43,688 - INFO -    Queries com sucesso: 0
2026-09-25 20:21:43,699 - INFO -    🔤 Filtrando 500 repositórios por idioma (português)...
2026-09-25 20:21:44,913 - INFO -    ✅ Filtro de idioma: 361/500 repositórios mantidos (72.2% em português)
2026-09-25 20:21:44,913 - INFO - ✅ IFRO: 361 repositórios em português
2026-09-25 20:21:44,913 - INFO -    Palavras-chave: config, github, profile, campus, ifro, files, curso, para, site, ifrog
2026-09-25 20:21:47,914 - INFO - 
============================================================
2026-09-25 20:21:47,914 - INFO - 🏛️  Processando IFRO - Campus Guajará-Mirim
2026-09-25 20:21:47,914 - INFO - ============================================================
2026-09-25 20:21:47,914 - INFO - 
🔄 Iteração 1/3 para IFRO
2026-09-25 20:21:47,914 - INFO -   🔎 Testando: "ifro"
2026-09-25 20:22:03,037 - INFO -      ✅ 500 resultados (eficiência: 0.30)
2026-09-25 20:22:06,037 - INFO - 
🔄 Iteração 2/3 para IFRO
2026-09-25 20:22:06,038 - INFO -   ⚠️ Sem novas queries para testar
2026-09-25 20:22:06,038 - INFO - 
📊 Métricas finais para IFRO:
2026-09-25 20:22:06,038 - INFO -    Total de queries testadas: 1
2026-09-25 20:22:06,038 - INFO -    Queries com sucesso: 0
2026-09-25 20:22:06,047 - INFO -    🔤 Filtrando 500 repositórios por idioma (português)...
2026-09-25 20:22:07,263 - INFO -    ✅ Filtro de idioma: 361/500 repositórios mantidos (72.2% em português)
2026-09-25 20:22:07,263 - INFO - ✅ IFRO: 361 repositórios em português
2026-09-25 20:22:07,263 - INFO -    Palavras-chave: config, github, profile, campus, ifro, files, curso, para, site, ifrog
2026-09-25 20:22:10,264 - INFO - 
============================================================
2026-09-25 20:22:10,264 - INFO - 🏛️  Processando IFRO - Campus Jaru
2026-09-25 20:22:10,264 - INFO - ============================================================
2026-09-25 20:22:10,264 - INFO - 
🔄 Iteração 1/3 para IFRO
2026-09-25 20:22:10,264 - INFO -   🔎 Testando: "ifro"
2026-09-25 20:22:26,501 - INFO -      ✅ 500 resultados (eficiência: 0.30)
2026-09-25 20:22:29,501 - INFO - 
🔄 Iteração 2/3 para IFRO
2026-09-25 20:22:29,501 - INFO -   ⚠️ Sem novas queries para testar
2026-09-25 20:22:29,502 - INFO - 
📊 Métricas finais para IFRO:
2026-09-25 20:22:29,502 - INFO -    Total de queries testadas: 1
2026-09-25 20:22:29,502 - INFO -    Queries com sucesso: 0
2026-09-25 20:22:29,519 - INFO -    🔤 Filtrando 500 repositórios por idioma (português)...
2026-09-25 20:22:30,709 - INFO -    ✅ Filtro de idioma: 361/500 repositórios mantidos (72.2% em português)
2026-09-25 20:22:30,709 - INFO - ✅ IFRO: 361 repositórios em português
2026-09-25 20:22:30,709 - INFO -    Palavras-chave: config, github, profile, campus, ifro, files, curso, para, site, ifrog
2026-09-25 20:22:33,709 - INFO - 
============================================================
2026-09-25 20:22:33,710 - INFO - 🏛️  Processando IFRO - Campus Ouro Preto do Oeste
2026-09-25 20:22:33,710 - INFO - ============================================================
2026-09-25 20:22:33,710 - INFO - 
🔄 Iteração 1/3 para IFRO
2026-09-25 20:22:33,710 - INFO -   🔎 Testando: "campus ouro"
2026-09-25 20:22:35,491 - INFO -      ✅ 32 resultados (eficiência: 0.10)
2026-09-25 20:22:36,491 - INFO -   🔎 Testando: "ifro"
2026-09-25 20:22:53,354 - INFO -      ✅ 500 resultados (eficiência: 0.30)
2026-09-25 20:22:56,354 - INFO - 
🔄 Iteração 2/3 para IFRO
2026-09-25 20:22:56,355 - INFO -   ⚠️ Sem novas queries para testar
2026-09-25 20:22:56,355 - INFO - 
📊 Métricas finais para IFRO:
2026-09-25 20:22:56,355 - INFO -    Total de queries testadas: 2
2026-09-25 20:22:56,355 - INFO -    Queries com sucesso: 0
2026-09-25 20:22:56,376 - INFO -    🔤 Filtrando 532 repositórios por idioma (português)...
2026-09-25 20:22:57,651 - INFO -    ✅ Filtro de idioma: 386/532 repositórios mantidos (72.6% em português)
2026-09-25 20:22:57,651 - INFO - ✅ IFRO: 386 repositórios em português
2026-09-25 20:22:57,651 - INFO -    Palavras-chave: config, branco, github, profile, campus, ifro, files, curso, para, ouro
2026-09-25 20:23:00,652 - INFO - 
============================================================
2026-09-25 20:23:00,652 - INFO - 🏛️  Processando IFRO - Campus Pimenta Bueno
2026-09-25 20:23:00,652 - INFO - ============================================================
2026-09-25 20:23:00,652 - INFO - 
🔄 Iteração 1/3 para IFRO
2026-09-25 20:23:00,652 - INFO -   🔎 Testando: "campus pimenta"
2026-09-25 20:23:01,028 - INFO -      ✅ 0 resultados (eficiência: 0.00)
2026-09-25 20:23:02,029 - INFO -   🔎 Testando: "ifro"
2026-09-25 20:23:17,890 - INFO -      ✅ 500 resultados (eficiência: 0.30)
2026-09-25 20:23:20,890 - INFO - 
🔄 Iteração 2/3 para IFRO
2026-09-25 20:23:20,891 - INFO -   ⚠️ Sem novas queries para testar
2026-09-25 20:23:20,891 - INFO - 
📊 Métricas finais para IFRO:
2026-09-25 20:23:20,891 - INFO -    Total de queries testadas: 2
2026-09-25 20:23:20,891 - INFO -    Queries com sucesso: 0
2026-09-25 20:23:20,902 - INFO -    🔤 Filtrando 500 repositórios por idioma (português)...
2026-09-25 20:23:22,096 - INFO -    ✅ Filtro de idioma: 361/500 repositórios mantidos (72.2% em português)
2026-09-25 20:23:22,097 - INFO - ✅ IFRO: 361 repositórios em português
2026-09-25 20:23:22,097 - INFO -    Palavras-chave: config, github, profile, campus, ifro, files, curso, para, site, ifrog
2026-09-25 20:23:25,097 - INFO - 
============================================================
2026-09-25 20:23:25,097 - INFO - 🏛️  Processando IFRO - Campus Porto Velho Zona Norte
2026-09-25 20:23:25,097 - INFO - ============================================================
2026-09-25 20:23:25,097 - INFO - 
🔄 Iteração 1/3 para IFRO
2026-09-25 20:23:25,098 - INFO -   🔎 Testando: "campus porto"
2026-09-25 20:23:26,211 - INFO -      ✅ 34 resultados (eficiência: 0.10)
2026-09-25 20:23:27,211 - INFO -   🔎 Testando: "ifro"
2026-09-25 20:23:42,739 - INFO -      ✅ 500 resultados (eficiência: 0.30)
2026-09-25 20:23:45,739 - INFO - 
🔄 Iteração 2/3 para IFRO
2026-09-25 20:23:45,739 - INFO -   ⚠️ Sem novas queries para testar
2026-09-25 20:23:45,740 - INFO - 
📊 Métricas finais para IFRO:
2026-09-25 20:23:45,740 - INFO -    Total de queries testadas: 2
2026-09-25 20:23:45,740 - INFO -    Queries com sucesso: 0
2026-09-25 20:23:45,762 - INFO -    🔤 Filtrando 531 repositórios por idioma (português)...
2026-09-25 20:23:47,010 - INFO -    ✅ Filtro de idioma: 391/531 repositórios mantidos (73.6% em português)
2026-09-25 20:23:47,010 - INFO - ✅ IFRO: 391 repositórios em português
2026-09-25 20:23:47,010 - INFO -    Palavras-chave: config, github, sistema, profile, campus, ifro, files, curso, para, web
2026-09-25 20:23:50,011 - INFO - 
============================================================
2026-09-25 20:23:50,011 - INFO - 🏛️  Processando IFRO - Campus Rolim de Moura
2026-09-25 20:23:50,011 - INFO - ============================================================
2026-09-25 20:23:50,011 - INFO - 
🔄 Iteração 1/3 para IFRO
2026-09-25 20:23:50,011 - INFO -   🔎 Testando: "campus rolim"
2026-09-25 20:23:50,429 - INFO -      ✅ 0 resultados (eficiência: 0.00)
2026-09-25 20:23:51,429 - INFO -   🔎 Testando: "ifro"
2026-09-25 20:24:06,480 - INFO -      ✅ 500 resultados (eficiência: 0.30)
2026-09-25 20:24:09,480 - INFO - 
🔄 Iteração 2/3 para IFRO
2026-09-25 20:24:09,481 - INFO -   ⚠️ Sem novas queries para testar
2026-09-25 20:24:09,481 - INFO - 
📊 Métricas finais para IFRO:
2026-09-25 20:24:09,481 - INFO -    Total de queries testadas: 2
2026-09-25 20:24:09,481 - INFO -    Queries com sucesso: 0
2026-09-25 20:24:09,504 - INFO -    🔤 Filtrando 500 repositórios por idioma (português)...
2026-09-25 20:24:10,715 - INFO -    ✅ Filtro de idioma: 361/500 repositórios mantidos (72.2% em português)
2026-09-25 20:24:10,715 - INFO - ✅ IFRO: 361 repositórios em português
2026-09-25 20:24:10,715 - INFO -    Palavras-chave: config, github, profile, campus, ifro, files, curso, para, site, ifrog
2026-09-25 20:24:13,715 - INFO - 
============================================================
2026-09-25 20:24:13,715 - INFO - 🏛️  Processando IFRR - Campus Boa Vista
2026-09-25 20:24:13,715 - INFO - ============================================================
2026-09-25 20:24:13,715 - INFO - 
🔄 Iteração 1/3 para IFRR
2026-09-25 20:24:13,716 - INFO -   🔎 Testando: "campus boa"
2026-09-25 20:24:19,844 - INFO -      ✅ 129 resultados (eficiência: 0.30)
2026-09-25 20:24:20,844 - INFO -   🔎 Testando: "ifrr"
2026-09-25 20:24:22,464 - INFO -      ✅ 59 resultados (eficiência: 0.18)
2026-09-25 20:24:25,464 - INFO - 
🔄 Iteração 2/3 para IFRR
2026-09-25 20:24:25,465 - INFO -   ⚠️ Sem novas queries para testar
2026-09-25 20:24:25,465 - INFO - 
📊 Métricas finais para IFRR:
2026-09-25 20:24:25,465 - INFO -    Total de queries testadas: 2
2026-09-25 20:24:25,465 - INFO -    Queries com sucesso: 0
2026-09-25 20:24:25,477 - INFO -    🔤 Filtrando 186 repositórios por idioma (português)...
2026-09-25 20:24:25,999 - INFO -    ✅ Filtro de idioma: 136/186 repositórios mantidos (73.1% em português)
2026-09-25 20:24:26,000 - INFO - ✅ IFRR: 136 repositórios em português
2026-09-25 20:24:26,000 - INFO -    Palavras-chave: github, ifrr, campusboard, supabase, campus, curso, para, viagem, frontend, ifce
2026-09-25 20:24:29,000 - INFO - 
============================================================
2026-09-25 20:24:29,000 - INFO - 🏛️  Processando IFRR - Campus Novo Paraíso
2026-09-25 20:24:29,000 - INFO - ============================================================
2026-09-25 20:24:29,000 - INFO - 
🔄 Iteração 1/3 para IFRR
2026-09-25 20:24:29,000 - INFO -   🔎 Testando: "campus novo"
2026-09-25 20:24:29,358 - INFO -      ✅ 0 resultados (eficiência: 0.00)
2026-09-25 20:24:30,358 - INFO -   🔎 Testando: "ifrr"
2026-09-25 20:24:31,908 - INFO -      ✅ 59 resultados (eficiência: 0.18)
2026-09-25 20:24:34,908 - INFO - 
🔄 Iteração 2/3 para IFRR
2026-09-25 20:24:34,908 - INFO -   ⚠️ Sem novas queries para testar
2026-09-25 20:24:34,909 - INFO - 
📊 Métricas finais para IFRR:
2026-09-25 20:24:34,909 - INFO -    Total de queries testadas: 2
2026-09-25 20:24:34,909 - INFO -    Queries com sucesso: 0
2026-09-25 20:24:34,917 - INFO -    🔤 Filtrando 59 repositórios por idioma (português)...
2026-09-25 20:24:35,072 - INFO -    ✅ Filtro de idioma: 52/59 repositórios mantidos (88.1% em português)
2026-09-25 20:24:35,072 - INFO - ✅ IFRR: 52 repositórios em português
2026-09-25 20:24:35,072 - INFO -    Palavras-chave: github, sistema, ifrr, content, desenvolvido, sistemas, roraima, curso, para, site
2026-09-25 20:24:38,072 - INFO - 
============================================================
2026-09-25 20:24:38,072 - INFO - 🏛️  Processando IFRR - Campus Amajarí
2026-09-25 20:24:38,072 - INFO - ============================================================
2026-09-25 20:24:38,073 - INFO - 
🔄 Iteração 1/3 para IFRR
2026-09-25 20:24:38,073 - INFO -   🔎 Testando: "ifrr"
2026-09-25 20:24:39,703 - INFO -      ✅ 59 resultados (eficiência: 0.18)
2026-09-25 20:24:42,703 - INFO - 
🔄 Iteração 2/3 para IFRR
2026-09-25 20:24:42,703 - INFO -   ⚠️ Sem novas queries para testar
2026-09-25 20:24:42,703 - INFO - 
📊 Métricas finais para IFRR:
2026-09-25 20:24:42,703 - INFO -    Total de queries testadas: 1
2026-09-25 20:24:42,703 - INFO -    Queries com sucesso: 0
2026-09-25 20:24:42,711 - INFO -    🔤 Filtrando 59 repositórios por idioma (português)...
2026-09-25 20:24:42,862 - INFO -    ✅ Filtro de idioma: 52/59 repositórios mantidos (88.1% em português)
2026-09-25 20:24:42,862 - INFO - ✅ IFRR: 52 repositórios em português
2026-09-25 20:24:42,862 - INFO -    Palavras-chave: github, sistema, ifrr, content, desenvolvido, sistemas, roraima, curso, para, site
2026-09-25 20:24:45,863 - INFO - 
============================================================
2026-09-25 20:24:45,863 - INFO - 🏛️  Processando IFRR - Campus Bonfim
2026-09-25 20:24:45,863 - INFO - ============================================================
2026-09-25 20:24:45,863 - INFO - 
🔄 Iteração 1/3 para IFRR
2026-09-25 20:24:45,863 - INFO -   🔎 Testando: "ifrr"
2026-09-25 20:24:47,214 - INFO -      ✅ 59 resultados (eficiência: 0.18)
2026-09-25 20:24:50,214 - INFO - 
🔄 Iteração 2/3 para IFRR
2026-09-25 20:24:50,215 - INFO -   ⚠️ Sem novas queries para testar
2026-09-25 20:24:50,215 - INFO - 
📊 Métricas finais para IFRR:
2026-09-25 20:24:50,215 - INFO -    Total de queries testadas: 1
2026-09-25 20:24:50,215 - INFO -    Queries com sucesso: 0
2026-09-25 20:24:50,221 - INFO -    🔤 Filtrando 59 repositórios por idioma (português)...
2026-09-25 20:24:50,368 - INFO -    ✅ Filtro de idioma: 52/59 repositórios mantidos (88.1% em português)
2026-09-25 20:24:50,368 - INFO - ✅ IFRR: 52 repositórios em português
2026-09-25 20:24:50,368 - INFO -    Palavras-chave: github, sistema, ifrr, content, desenvolvido, sistemas, roraima, curso, para, site
2026-09-25 20:24:53,368 - INFO - 
============================================================
2026-09-25 20:24:53,368 - INFO - 🏛️  Processando IFRR - Campus Rorainópolis
2026-09-25 20:24:53,368 - INFO - ============================================================
2026-09-25 20:24:53,369 - INFO - 
🔄 Iteração 1/3 para IFRR
2026-09-25 20:24:53,369 - INFO -   🔎 Testando: "ifrr"
2026-09-25 20:24:54,844 - INFO -      ✅ 59 resultados (eficiência: 0.18)
2026-09-25 20:24:57,845 - INFO - 
🔄 Iteração 2/3 para IFRR
2026-09-25 20:24:57,845 - INFO -   ⚠️ Sem novas queries para testar
2026-09-25 20:24:57,845 - INFO - 
📊 Métricas finais para IFRR:
2026-09-25 20:24:57,845 - INFO -    Total de queries testadas: 1
2026-09-25 20:24:57,845 - INFO -    Queries com sucesso: 0
2026-09-25 20:24:57,851 - INFO -    🔤 Filtrando 59 repositórios por idioma (português)...
2026-09-25 20:24:57,998 - INFO -    ✅ Filtro de idioma: 52/59 repositórios mantidos (88.1% em português)
2026-09-25 20:24:57,998 - INFO - ✅ IFRR: 52 repositórios em português
2026-09-25 20:24:57,998 - INFO -    Palavras-chave: github, sistema, ifrr, content, desenvolvido, sistemas, roraima, curso, para, site
2026-09-25 20:25:00,998 - INFO - 
============================================================
2026-09-25 20:25:00,999 - INFO - 🏛️  Processando IFPR - Campus Curitiba
2026-09-25 20:25:00,999 - INFO - ============================================================
2026-09-25 20:25:00,999 - INFO - 
🔄 Iteração 1/3 para IFPR
2026-09-25 20:25:00,999 - INFO -   🔎 Testando: "ifpr"
2026-09-25 20:25:17,414 - INFO -      ✅ 500 resultados (eficiência: 0.30)
2026-09-25 20:25:20,414 - INFO - 
🔄 Iteração 2/3 para IFPR
2026-09-25 20:25:20,414 - INFO -   ⚠️ Sem novas queries para testar
2026-09-25 20:25:20,415 - INFO - 
📊 Métricas finais para IFPR:
2026-09-25 20:25:20,415 - INFO -    Total de queries testadas: 1
2026-09-25 20:25:20,415 - INFO -    Queries com sucesso: 0
2026-09-25 20:25:20,433 - INFO -    🔤 Filtrando 500 repositórios por idioma (português)...
2026-09-25 20:25:21,526 - INFO -    ✅ Filtro de idioma: 384/500 repositórios mantidos (76.8% em português)
2026-09-25 20:25:21,526 - INFO - ✅ IFPR: 384 repositórios em português
2026-09-25 20:25:21,526 - INFO -    Palavras-chave: sistema, desenvolvido, campus, trabalho, curso, para, java, site, ifprgit, desenvolvimento
2026-09-25 20:25:24,527 - INFO - 
============================================================
2026-09-25 20:25:24,527 - INFO - 🏛️  Processando IFPR - Campus Paranaguá
2026-09-25 20:25:24,527 - INFO - ============================================================
2026-09-25 20:25:24,527 - INFO - 
🔄 Iteração 1/3 para IFPR
2026-09-25 20:25:24,527 - INFO -   🔎 Testando: "ifpr"
2026-09-25 20:25:40,203 - INFO -      ✅ 500 resultados (eficiência: 0.30)
2026-09-25 20:25:43,204 - INFO - 
🔄 Iteração 2/3 para IFPR
2026-09-25 20:25:43,204 - INFO -   ⚠️ Sem novas queries para testar
2026-09-25 20:25:43,204 - INFO - 
📊 Métricas finais para IFPR:
2026-09-25 20:25:43,204 - INFO -    Total de queries testadas: 1
2026-09-25 20:25:43,204 - INFO -    Queries com sucesso: 0
2026-09-25 20:25:43,225 - INFO -    🔤 Filtrando 500 repositórios por idioma (português)...
2026-09-25 20:25:44,325 - INFO -    ✅ Filtro de idioma: 384/500 repositórios mantidos (76.8% em português)
2026-09-25 20:25:44,325 - INFO - ✅ IFPR: 384 repositórios em português
2026-09-25 20:25:44,325 - INFO -    Palavras-chave: sistema, desenvolvido, campus, trabalho, curso, para, java, site, ifprgit, desenvolvimento
2026-09-25 20:25:47,326 - INFO - 
============================================================
2026-09-25 20:25:47,326 - INFO - 🏛️  Processando IFPR - Campus Paranavaí
2026-09-25 20:25:47,326 - INFO - ============================================================
2026-09-25 20:25:47,326 - INFO - 
🔄 Iteração 1/3 para IFPR
2026-09-25 20:25:47,326 - INFO -   🔎 Testando: "ifpr"
2026-09-25 20:26:04,069 - INFO -      ✅ 500 resultados (eficiência: 0.30)
2026-09-25 20:26:07,069 - INFO - 
🔄 Iteração 2/3 para IFPR
2026-09-25 20:26:07,069 - INFO -   ⚠️ Sem novas queries para testar
2026-09-25 20:26:07,069 - INFO - 
📊 Métricas finais para IFPR:
2026-09-25 20:26:07,069 - INFO -    Total de queries testadas: 1
2026-09-25 20:26:07,069 - INFO -    Queries com sucesso: 0
2026-09-25 20:26:07,080 - INFO -    🔤 Filtrando 500 repositórios por idioma (português)...
2026-09-25 20:26:08,177 - INFO -    ✅ Filtro de idioma: 384/500 repositórios mantidos (76.8% em português)
2026-09-25 20:26:08,177 - INFO - ✅ IFPR: 384 repositórios em português
2026-09-25 20:26:08,177 - INFO -    Palavras-chave: sistema, desenvolvido, campus, trabalho, curso, para, java, site, ifprgit, desenvolvimento
2026-09-25 20:26:11,178 - INFO - 
============================================================
2026-09-25 20:26:11,178 - INFO - 🏛️  Processando IFPR - Campus Telêmaco Borba
2026-09-25 20:26:11,178 - INFO - ============================================================
2026-09-25 20:26:11,178 - INFO - 
🔄 Iteração 1/3 para IFPR
2026-09-25 20:26:11,178 - INFO -   🔎 Testando: "ifpr"
2026-09-25 20:26:27,290 - INFO -      ✅ 500 resultados (eficiência: 0.30)
2026-09-25 20:26:28,291 - INFO -   🔎 Testando: "campus telêmaco"
2026-09-25 20:26:30,120 - INFO -      ✅ 31 resultados (eficiência: 0.09)
2026-09-25 20:26:33,120 - INFO - 
🔄 Iteração 2/3 para IFPR
2026-09-25 20:26:33,120 - INFO -   ⚠️ Sem novas queries para testar
2026-09-25 20:26:33,120 - INFO - 
📊 Métricas finais para IFPR:
2026-09-25 20:26:33,120 - INFO -    Total de queries testadas: 2
2026-09-25 20:26:33,120 - INFO -    Queries com sucesso: 0
2026-09-25 20:26:33,139 - INFO -    🔤 Filtrando 531 repositórios por idioma (português)...
2026-09-25 20:26:34,301 - INFO -    ✅ Filtro de idioma: 415/531 repositórios mantidos (78.2% em português)
2026-09-25 20:26:34,302 - INFO - ✅ IFPR: 415 repositórios em português
2026-09-25 20:26:34,302 - INFO -    Palavras-chave: sistema, desenvolvido, campus, trabalho, curso, para, site, aulas, desenvolvimento, ifpr
2026-09-25 20:26:37,302 - INFO - 
============================================================
2026-09-25 20:26:37,302 - INFO - 🏛️  Processando IFPR - Campus Umuarama
2026-09-25 20:26:37,302 - INFO - ============================================================
2026-09-25 20:26:37,302 - INFO - 
🔄 Iteração 1/3 para IFPR
2026-09-25 20:26:37,302 - INFO -   🔎 Testando: "ifpr"
2026-09-25 20:26:53,485 - INFO -      ✅ 500 resultados (eficiência: 0.30)
2026-09-25 20:26:56,486 - INFO - 
🔄 Iteração 2/3 para IFPR
2026-09-25 20:26:56,486 - INFO -   ⚠️ Sem novas queries para testar
2026-09-25 20:26:56,486 - INFO - 
📊 Métricas finais para IFPR:
2026-09-25 20:26:56,486 - INFO -    Total de queries testadas: 1
2026-09-25 20:26:56,486 - INFO -    Queries com sucesso: 0
2026-09-25 20:26:56,507 - INFO -    🔤 Filtrando 500 repositórios por idioma (português)...
2026-09-25 20:26:57,626 - INFO -    ✅ Filtro de idioma: 384/500 repositórios mantidos (76.8% em português)
2026-09-25 20:26:57,626 - INFO - ✅ IFPR: 384 repositórios em português
2026-09-25 20:26:57,626 - INFO -    Palavras-chave: sistema, desenvolvido, campus, trabalho, curso, para, java, site, ifprgit, desenvolvimento
2026-09-25 20:27:00,627 - INFO - 
============================================================
2026-09-25 20:27:00,627 - INFO - 🏛️  Processando IFPR - Campus Jacarezinho
2026-09-25 20:27:00,627 - INFO - ============================================================
2026-09-25 20:27:00,627 - INFO - 
🔄 Iteração 1/3 para IFPR
2026-09-25 20:27:00,627 - INFO -   🔎 Testando: "ifpr"
2026-09-25 20:27:17,334 - INFO -      ✅ 500 resultados (eficiência: 0.30)
2026-09-25 20:27:20,334 - INFO - 
🔄 Iteração 2/3 para IFPR
2026-09-25 20:27:20,334 - INFO -   ⚠️ Sem novas queries para testar
2026-09-25 20:27:20,335 - INFO - 
📊 Métricas finais para IFPR:
2026-09-25 20:27:20,335 - INFO -    Total de queries testadas: 1
2026-09-25 20:27:20,335 - INFO -    Queries com sucesso: 0
2026-09-25 20:27:20,355 - INFO -    🔤 Filtrando 500 repositórios por idioma (português)...
2026-09-25 20:27:21,487 - INFO -    ✅ Filtro de idioma: 384/500 repositórios mantidos (76.8% em português)
2026-09-25 20:27:21,488 - INFO - ✅ IFPR: 384 repositórios em português
2026-09-25 20:27:21,488 - INFO -    Palavras-chave: sistema, desenvolvido, campus, trabalho, curso, para, java, site, ifprgit, desenvolvimento
2026-09-25 20:27:24,488 - INFO - 
============================================================
2026-09-25 20:27:24,488 - INFO - 🏛️  Processando IFPR - Campus Foz do Iguaçu
2026-09-25 20:27:24,488 - INFO - ============================================================
2026-09-25 20:27:24,488 - INFO - 
🔄 Iteração 1/3 para IFPR
2026-09-25 20:27:24,488 - INFO -   🔎 Testando: "ifpr"
2026-09-25 20:27:39,659 - INFO -      ✅ 500 resultados (eficiência: 0.30)
2026-09-25 20:27:40,659 - INFO -   🔎 Testando: "campus foz"
2026-09-25 20:27:41,374 - INFO -      ✅ 9 resultados (eficiência: 0.03)
2026-09-25 20:27:44,374 - INFO - 
🔄 Iteração 2/3 para IFPR
2026-09-25 20:27:44,374 - INFO -   ⚠️ Sem novas queries para testar
2026-09-25 20:27:44,374 - INFO - 
📊 Métricas finais para IFPR:
2026-09-25 20:27:44,375 - INFO -    Total de queries testadas: 2
2026-09-25 20:27:44,375 - INFO -    Queries com sucesso: 0
2026-09-25 20:27:44,385 - INFO -    🔤 Filtrando 508 repositórios por idioma (português)...
2026-09-25 20:27:45,498 - INFO -    ✅ Filtro de idioma: 392/508 repositórios mantidos (77.2% em português)
2026-09-25 20:27:45,498 - INFO - ✅ IFPR: 392 repositórios em português
2026-09-25 20:27:45,498 - INFO -    Palavras-chave: sistema, desenvolvido, campus, trabalho, curso, para, site, ifprgit, desenvolvimento, tads
2026-09-25 20:27:48,499 - INFO - 
============================================================
2026-09-25 20:27:48,499 - INFO - 🏛️  Processando IFSP - Campus São Paulo
2026-09-25 20:27:48,499 - INFO - ============================================================
2026-09-25 20:27:48,499 - INFO - 
🔄 Iteração 1/3 para IFSP
2026-09-25 20:27:48,499 - INFO -   🔎 Testando: "campus são"
2026-09-25 20:27:59,219 - INFO -      ✅ 310 resultados (eficiência: 0.30)
2026-09-25 20:28:00,219 - INFO -   🔎 Testando: "ifsp"
2026-09-25 20:28:17,639 - INFO -      ✅ 500 resultados (eficiência: 0.30)
2026-09-25 20:28:20,640 - INFO - 
🔄 Iteração 2/3 para IFSP
2026-09-25 20:28:20,640 - INFO -   ⚠️ Sem novas queries para testar
2026-09-25 20:28:20,641 - INFO - 
📊 Métricas finais para IFSP:
2026-09-25 20:28:20,641 - INFO -    Total de queries testadas: 2
2026-09-25 20:28:20,641 - INFO -    Queries com sucesso: 0
2026-09-25 20:28:20,670 - INFO -    🔤 Filtrando 800 repositórios por idioma (português)...
2026-09-25 20:28:22,323 - INFO -    ✅ Filtro de idioma: 684/800 repositórios mantidos (85.5% em português)
2026-09-25 20:28:22,323 - INFO - ✅ IFSP: 684 repositórios em português
2026-09-25 20:28:22,323 - INFO -    Palavras-chave: carlos, dados, sistemas, campus, federal, instituto, trabalho, curso, para, desenvolvido
2026-09-25 20:28:25,323 - INFO - 
============================================================
2026-09-25 20:28:25,323 - INFO - 🏛️  Processando IFSP - Campus Cubatão
2026-09-25 20:28:25,323 - INFO - ============================================================
2026-09-25 20:28:25,323 - INFO - 
🔄 Iteração 1/3 para IFSP
2026-09-25 20:28:25,324 - INFO -   🔎 Testando: "ifsp"
2026-09-25 20:28:41,638 - INFO -      ✅ 500 resultados (eficiência: 0.30)
2026-09-25 20:28:44,638 - INFO - 
🔄 Iteração 2/3 para IFSP
2026-09-25 20:28:44,639 - INFO -   ⚠️ Sem novas queries para testar
2026-09-25 20:28:44,639 - INFO - 
📊 Métricas finais para IFSP:
2026-09-25 20:28:44,639 - INFO -    Total de queries testadas: 1
2026-09-25 20:28:44,639 - INFO -    Queries com sucesso: 0
2026-09-25 20:28:44,665 - INFO -    🔤 Filtrando 500 repositórios por idioma (português)...
2026-09-25 20:28:45,922 - INFO -    ✅ Filtro de idioma: 388/500 repositórios mantidos (77.6% em português)
2026-09-25 20:28:45,922 - INFO - ✅ IFSP: 388 repositórios em português
2026-09-25 20:28:45,922 - INFO -    Palavras-chave: semestre, sistema, dados, sistemas, campus, trabalho, curso, para, desenvolvimento, final
2026-09-25 20:28:48,923 - INFO - 
============================================================
2026-09-25 20:28:48,923 - INFO - 🏛️  Processando IFSP - Campus Sertãozinho
2026-09-25 20:28:48,923 - INFO - ============================================================
2026-09-25 20:28:48,923 - INFO - 
🔄 Iteração 1/3 para IFSP
2026-09-25 20:28:48,923 - INFO -   🔎 Testando: "ifsp"
2026-09-25 20:29:04,929 - INFO -      ✅ 500 resultados (eficiência: 0.30)
2026-09-25 20:29:07,929 - INFO - 
🔄 Iteração 2/3 para IFSP
2026-09-25 20:29:07,930 - INFO -   ⚠️ Sem novas queries para testar
2026-09-25 20:29:07,930 - INFO - 
📊 Métricas finais para IFSP:
2026-09-25 20:29:07,930 - INFO -    Total de queries testadas: 1
2026-09-25 20:29:07,930 - INFO -    Queries com sucesso: 0
2026-09-25 20:29:07,956 - INFO -    🔤 Filtrando 500 repositórios por idioma (português)...
2026-09-25 20:29:09,261 - INFO -    ✅ Filtro de idioma: 388/500 repositórios mantidos (77.6% em português)
2026-09-25 20:29:09,261 - INFO - ✅ IFSP: 388 repositórios em português
2026-09-25 20:29:09,261 - INFO -    Palavras-chave: semestre, sistema, dados, sistemas, campus, trabalho, curso, para, desenvolvimento, final
2026-09-25 20:29:12,261 - INFO - 
============================================================
2026-09-25 20:29:12,262 - INFO - 🏛️  Processando IFSP - Campus Guarulhos
2026-09-25 20:29:12,262 - INFO - ============================================================
2026-09-25 20:29:12,262 - INFO - 
🔄 Iteração 1/3 para IFSP
2026-09-25 20:29:12,262 - INFO -   🔎 Testando: "ifsp"
2026-09-25 20:29:28,441 - INFO -      ✅ 500 resultados (eficiência: 0.30)
2026-09-25 20:29:31,442 - INFO - 
🔄 Iteração 2/3 para IFSP
2026-09-25 20:29:31,442 - INFO -   ⚠️ Sem novas queries para testar
2026-09-25 20:29:31,442 - INFO - 
📊 Métricas finais para IFSP:
2026-09-25 20:29:31,442 - INFO -    Total de queries testadas: 1
2026-09-25 20:29:31,442 - INFO -    Queries com sucesso: 0
2026-09-25 20:29:31,470 - INFO -    🔤 Filtrando 500 repositórios por idioma (português)...
2026-09-25 20:29:32,729 - INFO -    ✅ Filtro de idioma: 388/500 repositórios mantidos (77.6% em português)
2026-09-25 20:29:32,730 - INFO - ✅ IFSP: 388 repositórios em português
2026-09-25 20:29:32,730 - INFO -    Palavras-chave: semestre, sistema, dados, sistemas, campus, trabalho, curso, para, desenvolvimento, final
2026-09-25 20:29:35,730 - INFO - 
============================================================
2026-09-25 20:29:35,730 - INFO - 🏛️  Processando IFSP - Campus São João da Boa Vista
2026-09-25 20:29:35,730 - INFO - ============================================================
2026-09-25 20:29:35,730 - INFO - 
🔄 Iteração 1/3 para IFSP
2026-09-25 20:29:35,730 - INFO -   🔎 Testando: "campus são"
2026-09-25 20:29:46,253 - INFO -      ✅ 310 resultados (eficiência: 0.30)
2026-09-25 20:29:47,253 - INFO -   🔎 Testando: "ifsp"
2026-09-25 20:30:03,666 - INFO -      ✅ 500 resultados (eficiência: 0.30)
2026-09-25 20:30:06,666 - INFO - 
🔄 Iteração 2/3 para IFSP
2026-09-25 20:30:06,666 - INFO -   ⚠️ Sem novas queries para testar
2026-09-25 20:30:06,667 - INFO - 
📊 Métricas finais para IFSP:
2026-09-25 20:30:06,667 - INFO -    Total de queries testadas: 2
2026-09-25 20:30:06,667 - INFO -    Queries com sucesso: 0
2026-09-25 20:30:06,697 - INFO -    🔤 Filtrando 800 repositórios por idioma (português)...
2026-09-25 20:30:08,347 - INFO -    ✅ Filtro de idioma: 684/800 repositórios mantidos (85.5% em português)
2026-09-25 20:30:08,348 - INFO - ✅ IFSP: 684 repositórios em português
2026-09-25 20:30:08,348 - INFO -    Palavras-chave: carlos, dados, sistemas, campus, federal, instituto, trabalho, curso, para, desenvolvido
2026-09-25 20:30:11,348 - INFO - 
============================================================
2026-09-25 20:30:11,348 - INFO - 🏛️  Processando IFSP - Campus Campinas
2026-09-25 20:30:11,348 - INFO - ============================================================
2026-09-25 20:30:11,348 - INFO - 
🔄 Iteração 1/3 para IFSP
2026-09-25 20:30:11,348 - INFO -   🔎 Testando: "ifsp"
2026-09-25 20:30:28,000 - INFO -      ✅ 500 resultados (eficiência: 0.30)
2026-09-25 20:30:31,000 - INFO - 
🔄 Iteração 2/3 para IFSP
2026-09-25 20:30:31,001 - INFO -   ⚠️ Sem novas queries para testar
2026-09-25 20:30:31,001 - INFO - 
📊 Métricas finais para IFSP:
2026-09-25 20:30:31,001 - INFO -    Total de queries testadas: 1
2026-09-25 20:30:31,001 - INFO -    Queries com sucesso: 0
2026-09-25 20:30:31,030 - INFO -    🔤 Filtrando 500 repositórios por idioma (português)...
2026-09-25 20:30:32,288 - INFO -    ✅ Filtro de idioma: 388/500 repositórios mantidos (77.6% em português)
2026-09-25 20:30:32,288 - INFO - ✅ IFSP: 388 repositórios em português
2026-09-25 20:30:32,288 - INFO -    Palavras-chave: semestre, sistema, dados, sistemas, campus, trabalho, curso, para, desenvolvimento, final
2026-09-25 20:30:35,288 - INFO - 
============================================================
2026-09-25 20:30:35,288 - INFO - 🏛️  Processando IFSP - Campus Barretos
2026-09-25 20:30:35,288 - INFO - ============================================================
2026-09-25 20:30:35,289 - INFO - 
🔄 Iteração 1/3 para IFSP
2026-09-25 20:30:35,289 - INFO -   🔎 Testando: "ifsp"
2026-09-25 20:30:52,029 - INFO -      ✅ 500 resultados (eficiência: 0.30)
2026-09-25 20:30:55,030 - INFO - 
🔄 Iteração 2/3 para IFSP
2026-09-25 20:30:55,030 - INFO -   ⚠️ Sem novas queries para testar
2026-09-25 20:30:55,030 - INFO - 
📊 Métricas finais para IFSP:
2026-09-25 20:30:55,030 - INFO -    Total de queries testadas: 1
2026-09-25 20:30:55,030 - INFO -    Queries com sucesso: 0
2026-09-25 20:30:55,046 - INFO -    🔤 Filtrando 500 repositórios por idioma (português)...
2026-09-25 20:30:56,309 - INFO -    ✅ Filtro de idioma: 388/500 repositórios mantidos (77.6% em português)
2026-09-25 20:30:56,309 - INFO - ✅ IFSP: 388 repositórios em português
2026-09-25 20:30:56,309 - INFO -    Palavras-chave: semestre, sistema, dados, sistemas, campus, trabalho, curso, para, desenvolvimento, final
2026-09-25 20:30:59,310 - INFO - 
============================================================
2026-09-25 20:30:59,310 - INFO - 🏛️  Processando IFSP - Campus Suzano
2026-09-25 20:30:59,310 - INFO - ============================================================
2026-09-25 20:30:59,310 - INFO - 
🔄 Iteração 1/3 para IFSP
2026-09-25 20:30:59,310 - INFO -   🔎 Testando: "ifsp"
2026-09-25 20:31:15,175 - INFO -      ✅ 500 resultados (eficiência: 0.30)
2026-09-25 20:31:18,175 - INFO - 
🔄 Iteração 2/3 para IFSP
2026-09-25 20:31:18,176 - INFO -   ⚠️ Sem novas queries para testar
2026-09-25 20:31:18,176 - INFO - 
📊 Métricas finais para IFSP:
2026-09-25 20:31:18,176 - INFO -    Total de queries testadas: 1
2026-09-25 20:31:18,176 - INFO -    Queries com sucesso: 0
2026-09-25 20:31:18,203 - INFO -    🔤 Filtrando 500 repositórios por idioma (português)...
2026-09-25 20:31:19,514 - INFO -    ✅ Filtro de idioma: 388/500 repositórios mantidos (77.6% em português)
2026-09-25 20:31:19,514 - INFO - ✅ IFSP: 388 repositórios em português
2026-09-25 20:31:19,514 - INFO -    Palavras-chave: semestre, sistema, dados, sistemas, campus, trabalho, curso, para, desenvolvimento, final
2026-09-25 20:31:22,515 - INFO - 
============================================================
2026-09-25 20:31:22,515 - INFO - 🏛️  Processando IFSP - Campus Salto
2026-09-25 20:31:22,515 - INFO - ============================================================
2026-09-25 20:31:22,515 - INFO - 
🔄 Iteração 1/3 para IFSP
2026-09-25 20:31:22,515 - INFO -   🔎 Testando: "ifsp"
2026-09-25 20:31:38,535 - INFO -      ✅ 500 resultados (eficiência: 0.30)
2026-09-25 20:31:41,535 - INFO - 
🔄 Iteração 2/3 para IFSP
2026-09-25 20:31:41,535 - INFO -   ⚠️ Sem novas queries para testar
2026-09-25 20:31:41,535 - INFO - 
📊 Métricas finais para IFSP:
2026-09-25 20:31:41,535 - INFO -    Total de queries testadas: 1
2026-09-25 20:31:41,536 - INFO -    Queries com sucesso: 0
2026-09-25 20:31:41,554 - INFO -    🔤 Filtrando 500 repositórios por idioma (português)...
2026-09-25 20:31:42,858 - INFO -    ✅ Filtro de idioma: 388/500 repositórios mantidos (77.6% em português)
2026-09-25 20:31:42,858 - INFO - ✅ IFSP: 388 repositórios em português
2026-09-25 20:31:42,858 - INFO -    Palavras-chave: semestre, sistema, dados, sistemas, campus, trabalho, curso, para, desenvolvimento, final
2026-09-25 20:31:45,858 - INFO - 
============================================================
2026-09-25 20:31:45,858 - INFO - 🏛️  Processando IFSP - Campus Araraquara
2026-09-25 20:31:45,858 - INFO - ============================================================
2026-09-25 20:31:45,858 - INFO - 
🔄 Iteração 1/3 para IFSP
2026-09-25 20:31:45,859 - INFO -   🔎 Testando: "ifsp"
2026-09-25 20:32:01,305 - INFO -      ✅ 500 resultados (eficiência: 0.30)
2026-09-25 20:32:04,305 - INFO - 
🔄 Iteração 2/3 para IFSP
2026-09-25 20:32:04,306 - INFO -   ⚠️ Sem novas queries para testar
2026-09-25 20:32:04,306 - INFO - 
📊 Métricas finais para IFSP:
2026-09-25 20:32:04,306 - INFO -    Total de queries testadas: 1
2026-09-25 20:32:04,306 - INFO -    Queries com sucesso: 0
2026-09-25 20:32:04,331 - INFO -    🔤 Filtrando 500 repositórios por idioma (português)...
2026-09-25 20:32:05,632 - INFO -    ✅ Filtro de idioma: 388/500 repositórios mantidos (77.6% em português)
2026-09-25 20:32:05,632 - INFO - ✅ IFSP: 388 repositórios em português
2026-09-25 20:32:05,632 - INFO -    Palavras-chave: semestre, sistema, dados, sistemas, campus, trabalho, curso, para, desenvolvimento, final
2026-09-25 20:32:08,632 - INFO - 
============================================================
2026-09-25 20:32:08,633 - INFO - 🏛️  Processando IFSP - Campus Itapetininga
2026-09-25 20:32:08,633 - INFO - ============================================================
2026-09-25 20:32:08,633 - INFO - 
🔄 Iteração 1/3 para IFSP
2026-09-25 20:32:08,633 - INFO -   🔎 Testando: "ifsp"
2026-09-25 20:32:23,945 - INFO -      ✅ 500 resultados (eficiência: 0.30)
2026-09-25 20:32:26,945 - INFO - 
🔄 Iteração 2/3 para IFSP
2026-09-25 20:32:26,945 - INFO -   ⚠️ Sem novas queries para testar
2026-09-25 20:32:26,946 - INFO - 
📊 Métricas finais para IFSP:
2026-09-25 20:32:26,946 - INFO -    Total de queries testadas: 1
2026-09-25 20:32:26,946 - INFO -    Queries com sucesso: 0
2026-09-25 20:32:26,967 - INFO -    🔤 Filtrando 500 repositórios por idioma (português)...
2026-09-25 20:32:28,306 - INFO -    ✅ Filtro de idioma: 388/500 repositórios mantidos (77.6% em português)
2026-09-25 20:32:28,306 - INFO - ✅ IFSP: 388 repositórios em português
2026-09-25 20:32:28,306 - INFO -    Palavras-chave: semestre, sistema, dados, sistemas, campus, trabalho, curso, para, desenvolvimento, final
2026-09-25 20:32:31,307 - INFO - 
============================================================
2026-09-25 20:32:31,307 - INFO - 🏛️  Processando IFSP - Campus Catanduva
2026-09-25 20:32:31,307 - INFO - ============================================================
2026-09-25 20:32:31,307 - INFO - 
🔄 Iteração 1/3 para IFSP
2026-09-25 20:32:31,307 - INFO -   🔎 Testando: "ifsp"
2026-09-25 20:32:46,668 - INFO -      ✅ 500 resultados (eficiência: 0.30)
2026-09-25 20:32:49,668 - INFO - 
🔄 Iteração 2/3 para IFSP
2026-09-25 20:32:49,668 - INFO -   ⚠️ Sem novas queries para testar
2026-09-25 20:32:49,669 - INFO - 
📊 Métricas finais para IFSP:
2026-09-25 20:32:49,669 - INFO -    Total de queries testadas: 1
2026-09-25 20:32:49,669 - INFO -    Queries com sucesso: 0
2026-09-25 20:32:49,701 - INFO -    🔤 Filtrando 500 repositórios por idioma (português)...
2026-09-25 20:32:51,008 - INFO -    ✅ Filtro de idioma: 388/500 repositórios mantidos (77.6% em português)
2026-09-25 20:32:51,008 - INFO - ✅ IFSP: 388 repositórios em português
2026-09-25 20:32:51,008 - INFO -    Palavras-chave: semestre, sistema, dados, sistemas, campus, trabalho, curso, para, desenvolvimento, final
2026-09-25 20:32:54,009 - INFO - 
============================================================
2026-09-25 20:32:54,009 - INFO - 🏛️  Processando IFSP - Campus Bragança Paulista
2026-09-25 20:32:54,009 - INFO - ============================================================
2026-09-25 20:32:54,009 - INFO - 
🔄 Iteração 1/3 para IFSP
2026-09-25 20:32:54,009 - INFO -   🔎 Testando: "campus bragança"
2026-09-25 20:32:55,033 - INFO -      ✅ 19 resultados (eficiência: 0.06)
2026-09-25 20:32:56,034 - INFO -   🔎 Testando: "ifsp"
2026-09-25 20:33:11,581 - INFO -      ✅ 500 resultados (eficiência: 0.30)
2026-09-25 20:33:14,581 - INFO - 
🔄 Iteração 2/3 para IFSP
2026-09-25 20:33:14,581 - INFO -   ⚠️ Sem novas queries para testar
2026-09-25 20:33:14,581 - INFO - 
📊 Métricas finais para IFSP:
2026-09-25 20:33:14,581 - INFO -    Total de queries testadas: 2
2026-09-25 20:33:14,581 - INFO -    Queries com sucesso: 0
2026-09-25 20:33:14,597 - INFO -    🔤 Filtrando 516 repositórios por idioma (português)...
2026-09-25 20:33:15,902 - INFO -    ✅ Filtro de idioma: 404/516 repositórios mantidos (78.3% em português)
2026-09-25 20:33:15,902 - INFO - ✅ IFSP: 404 repositórios em português
2026-09-25 20:33:15,902 - INFO -    Palavras-chave: semestre, desenvolvido, dados, sistemas, campus, trabalho, federal, curso, para, desenvolvimento
2026-09-25 20:33:18,902 - INFO - 
============================================================
2026-09-25 20:33:18,902 - INFO - 🏛️  Processando IFSP - Campus Campos do Jordão
2026-09-25 20:33:18,902 - INFO - ============================================================
2026-09-25 20:33:18,903 - INFO - 
🔄 Iteração 1/3 para IFSP
2026-09-25 20:33:18,903 - INFO -   🔎 Testando: "campus campos"
2026-09-25 20:33:21,658 - INFO -      ✅ 57 resultados (eficiência: 0.17)
2026-09-25 20:33:22,658 - INFO -   🔎 Testando: "ifsp"
2026-09-25 20:33:38,146 - INFO -      ✅ 500 resultados (eficiência: 0.30)
2026-09-25 20:33:41,146 - INFO - 
🔄 Iteração 2/3 para IFSP
2026-09-25 20:33:41,146 - INFO -   ⚠️ Sem novas queries para testar
2026-09-25 20:33:41,147 - INFO - 
📊 Métricas finais para IFSP:
2026-09-25 20:33:41,147 - INFO -    Total de queries testadas: 2
2026-09-25 20:33:41,147 - INFO -    Queries com sucesso: 0
2026-09-25 20:33:41,164 - INFO -    🔤 Filtrando 557 repositórios por idioma (português)...
2026-09-25 20:33:42,602 - INFO -    ✅ Filtro de idioma: 443/557 repositórios mantidos (79.5% em português)
2026-09-25 20:33:42,602 - INFO - ✅ IFSP: 443 repositórios em português
2026-09-25 20:33:42,602 - INFO -    Palavras-chave: semestre, sistema, dados, sistemas, campus, trabalho, federal, curso, para, desenvolvimento
2026-09-25 20:33:45,602 - INFO - 
============================================================
2026-09-25 20:33:45,602 - INFO - 🏛️  Processando IFSP - Campus Registro
2026-09-25 20:33:45,602 - INFO - ============================================================
2026-09-25 20:33:45,602 - INFO - 
🔄 Iteração 1/3 para IFSP
2026-09-25 20:33:45,602 - INFO -   🔎 Testando: "ifsp"
2026-09-25 20:34:01,440 - INFO -      ✅ 500 resultados (eficiência: 0.30)
2026-09-25 20:34:04,440 - INFO - 
🔄 Iteração 2/3 para IFSP
2026-09-25 20:34:04,440 - INFO -   ⚠️ Sem novas queries para testar
2026-09-25 20:34:04,441 - INFO - 
📊 Métricas finais para IFSP:
2026-09-25 20:34:04,441 - INFO -    Total de queries testadas: 1
2026-09-25 20:34:04,441 - INFO -    Queries com sucesso: 0
2026-09-25 20:34:04,466 - INFO -    🔤 Filtrando 500 repositórios por idioma (português)...
2026-09-25 20:34:05,750 - INFO -    ✅ Filtro de idioma: 388/500 repositórios mantidos (77.6% em português)
2026-09-25 20:34:05,750 - INFO - ✅ IFSP: 388 repositórios em português
2026-09-25 20:34:05,750 - INFO -    Palavras-chave: semestre, sistema, dados, sistemas, campus, trabalho, curso, para, desenvolvimento, final
2026-09-25 20:34:08,751 - INFO - 
============================================================
2026-09-25 20:34:08,751 - INFO - 🏛️  Processando IFSP - Campus Avaré
2026-09-25 20:34:08,751 - INFO - ============================================================
2026-09-25 20:34:08,751 - INFO - 
🔄 Iteração 1/3 para IFSP
2026-09-25 20:34:08,751 - INFO -   🔎 Testando: "ifsp"
2026-09-25 20:34:24,133 - INFO -      ✅ 500 resultados (eficiência: 0.30)
2026-09-25 20:34:27,134 - INFO - 
🔄 Iteração 2/3 para IFSP
2026-09-25 20:34:27,134 - INFO -   ⚠️ Sem novas queries para testar
2026-09-25 20:34:27,134 - INFO - 
📊 Métricas finais para IFSP:
2026-09-25 20:34:27,134 - INFO -    Total de queries testadas: 1
2026-09-25 20:34:27,134 - INFO -    Queries com sucesso: 0
2026-09-25 20:34:27,150 - INFO -    🔤 Filtrando 500 repositórios por idioma (português)...
2026-09-25 20:34:28,464 - INFO -    ✅ Filtro de idioma: 388/500 repositórios mantidos (77.6% em português)
2026-09-25 20:34:28,464 - INFO - ✅ IFSP: 388 repositórios em português
2026-09-25 20:34:28,464 - INFO -    Palavras-chave: semestre, sistema, dados, sistemas, campus, trabalho, curso, para, desenvolvimento, final
2026-09-25 20:34:31,464 - INFO - 
============================================================
2026-09-25 20:34:31,465 - INFO - 🏛️  Processando IFSP - Campus Votuporanga
2026-09-25 20:34:31,465 - INFO - ============================================================
2026-09-25 20:34:31,465 - INFO - 
🔄 Iteração 1/3 para IFSP
2026-09-25 20:34:31,465 - INFO -   🔎 Testando: "ifsp"
2026-09-25 20:34:46,658 - INFO -      ✅ 500 resultados (eficiência: 0.30)
2026-09-25 20:34:49,658 - INFO - 
🔄 Iteração 2/3 para IFSP
2026-09-25 20:34:49,658 - INFO -   ⚠️ Sem novas queries para testar
2026-09-25 20:34:49,658 - INFO - 
📊 Métricas finais para IFSP:
2026-09-25 20:34:49,659 - INFO -    Total de queries testadas: 1
2026-09-25 20:34:49,659 - INFO -    Queries com sucesso: 0
2026-09-25 20:34:49,676 - INFO -    🔤 Filtrando 500 repositórios por idioma (português)...
2026-09-25 20:34:51,021 - INFO -    ✅ Filtro de idioma: 388/500 repositórios mantidos (77.6% em português)
2026-09-25 20:34:51,021 - INFO - ✅ IFSP: 388 repositórios em português
2026-09-25 20:34:51,021 - INFO -    Palavras-chave: semestre, sistema, dados, sistemas, campus, trabalho, curso, para, desenvolvimento, final
2026-09-25 20:34:54,021 - INFO - 
============================================================
2026-09-25 20:34:54,021 - INFO - 🏛️  Processando IFSP - Campus Presidente Epitácio
2026-09-25 20:34:54,021 - INFO - ============================================================
2026-09-25 20:34:54,021 - INFO - 
🔄 Iteração 1/3 para IFSP
2026-09-25 20:34:54,022 - INFO -   🔎 Testando: "campus presidente"
2026-09-25 20:34:54,500 - INFO -      ✅ 2 resultados (eficiência: 0.01)
2026-09-25 20:34:55,500 - INFO -   🔎 Testando: "ifsp"
2026-09-25 20:35:11,471 - INFO -      ✅ 500 resultados (eficiência: 0.30)
2026-09-25 20:35:14,472 - INFO - 
🔄 Iteração 2/3 para IFSP
2026-09-25 20:35:14,472 - INFO -   ⚠️ Sem novas queries para testar
2026-09-25 20:35:14,472 - INFO - 
📊 Métricas finais para IFSP:
2026-09-25 20:35:14,472 - INFO -    Total de queries testadas: 2
2026-09-25 20:35:14,472 - INFO -    Queries com sucesso: 0
2026-09-25 20:35:14,496 - INFO -    🔤 Filtrando 502 repositórios por idioma (português)...
2026-09-25 20:35:15,772 - INFO -    ✅ Filtro de idioma: 390/502 repositórios mantidos (77.7% em português)
2026-09-25 20:35:15,773 - INFO - ✅ IFSP: 390 repositórios em português
2026-09-25 20:35:15,773 - INFO -    Palavras-chave: semestre, sistema, dados, sistemas, campus, trabalho, curso, para, desenvolvimento, final
2026-09-25 20:35:18,773 - INFO - 
============================================================
2026-09-25 20:35:18,773 - INFO - 🏛️  Processando IFSP - Campus Mauá
2026-09-25 20:35:18,773 - INFO - ============================================================
2026-09-25 20:35:18,773 - INFO - 
🔄 Iteração 1/3 para IFSP
2026-09-25 20:35:18,773 - INFO -   🔎 Testando: "ifsp"
2026-09-25 20:35:34,716 - INFO -      ✅ 500 resultados (eficiência: 0.30)
2026-09-25 20:35:37,716 - INFO - 
🔄 Iteração 2/3 para IFSP
2026-09-25 20:35:37,717 - INFO -   ⚠️ Sem novas queries para testar
2026-09-25 20:35:37,717 - INFO - 
📊 Métricas finais para IFSP:
2026-09-25 20:35:37,717 - INFO -    Total de queries testadas: 1
2026-09-25 20:35:37,717 - INFO -    Queries com sucesso: 0
2026-09-25 20:35:37,743 - INFO -    🔤 Filtrando 500 repositórios por idioma (português)...
2026-09-25 20:35:39,034 - INFO -    ✅ Filtro de idioma: 388/500 repositórios mantidos (77.6% em português)
2026-09-25 20:35:39,034 - INFO - ✅ IFSP: 388 repositórios em português
2026-09-25 20:35:39,034 - INFO -    Palavras-chave: semestre, sistema, dados, sistemas, campus, trabalho, curso, para, desenvolvimento, final
2026-09-25 20:35:42,034 - INFO - 
============================================================
2026-09-25 20:35:42,034 - INFO - 🏛️  Processando IFSC - Campus Florianópolis
2026-09-25 20:35:42,034 - INFO - ============================================================
2026-09-25 20:35:42,034 - INFO - 
🔄 Iteração 1/3 para IFSC
2026-09-25 20:35:42,034 - INFO -   🔎 Testando: "ifsc"
2026-09-25 20:35:58,500 - INFO -      ✅ 500 resultados (eficiência: 0.30)
2026-09-25 20:36:01,500 - INFO - 
🔄 Iteração 2/3 para IFSC
2026-09-25 20:36:01,501 - INFO -   ⚠️ Sem novas queries para testar
2026-09-25 20:36:01,501 - INFO - 
📊 Métricas finais para IFSC:
2026-09-25 20:36:01,501 - INFO -    Total de queries testadas: 1
2026-09-25 20:36:01,501 - INFO -    Queries com sucesso: 0
2026-09-25 20:36:01,529 - INFO -    🔤 Filtrando 500 repositórios por idioma (português)...
2026-09-25 20:36:02,591 - INFO -    ✅ Filtro de idioma: 283/500 repositórios mantidos (56.6% em português)
2026-09-25 20:36:02,591 - INFO - ✅ IFSC: 283 repositórios em português
2026-09-25 20:36:02,591 - INFO -    Palavras-chave: sistemas, engenharia, code, para, curso, details, codes, java, data, bank
2026-09-25 20:36:05,591 - INFO - 
============================================================
2026-09-25 20:36:05,591 - INFO - 🏛️  Processando IFSC - Campus São José
2026-09-25 20:36:05,591 - INFO - ============================================================
2026-09-25 20:36:05,591 - INFO - 
🔄 Iteração 1/3 para IFSC
2026-09-25 20:36:05,592 - INFO -   🔎 Testando: "campus são"
2026-09-25 20:36:15,673 - INFO -      ✅ 310 resultados (eficiência: 0.30)
2026-09-25 20:36:16,674 - INFO -   🔎 Testando: "ifsc"
2026-09-25 20:36:32,507 - INFO -      ✅ 500 resultados (eficiência: 0.30)
2026-09-25 20:36:35,507 - INFO - 
🔄 Iteração 2/3 para IFSC
2026-09-25 20:36:35,507 - INFO -   ⚠️ Sem novas queries para testar
2026-09-25 20:36:35,507 - INFO - 
📊 Métricas finais para IFSC:
2026-09-25 20:36:35,507 - INFO -    Total de queries testadas: 2
2026-09-25 20:36:35,507 - INFO -    Queries com sucesso: 0
2026-09-25 20:36:35,534 - INFO -    🔤 Filtrando 788 repositórios por idioma (português)...
2026-09-25 20:36:36,990 - INFO -    ✅ Filtro de idioma: 567/788 repositórios mantidos (72.0% em português)
2026-09-25 20:36:36,990 - INFO - ✅ IFSC: 567 repositórios em português
2026-09-25 20:36:36,990 - INFO -    Palavras-chave: carlos, sistemas, campus, federal, engenharia, curso, para, code, ifsc, bank
2026-09-25 20:36:39,991 - INFO - 
============================================================
2026-09-25 20:36:39,991 - INFO - 🏛️  Processando IFSC - Campus Continente
2026-09-25 20:36:39,991 - INFO - ============================================================
2026-09-25 20:36:39,991 - INFO - 
🔄 Iteração 1/3 para IFSC
2026-09-25 20:36:39,991 - INFO -   🔎 Testando: "ifsc"
2026-09-25 20:36:56,578 - INFO -      ✅ 500 resultados (eficiência: 0.30)
2026-09-25 20:36:59,578 - INFO - 
🔄 Iteração 2/3 para IFSC
2026-09-25 20:36:59,579 - INFO -   ⚠️ Sem novas queries para testar
2026-09-25 20:36:59,579 - INFO - 
📊 Métricas finais para IFSC:
2026-09-25 20:36:59,579 - INFO -    Total de queries testadas: 1
2026-09-25 20:36:59,579 - INFO -    Queries com sucesso: 0
2026-09-25 20:36:59,613 - INFO -    🔤 Filtrando 500 repositórios por idioma (português)...
2026-09-25 20:37:00,660 - INFO -    ✅ Filtro de idioma: 283/500 repositórios mantidos (56.6% em português)
2026-09-25 20:37:00,660 - INFO - ✅ IFSC: 283 repositórios em português
2026-09-25 20:37:00,660 - INFO -    Palavras-chave: sistemas, engenharia, code, para, curso, details, codes, java, data, bank
2026-09-25 20:37:03,661 - INFO - 
============================================================
2026-09-25 20:37:03,661 - INFO - 🏛️  Processando IFSC - Campus Joinville
2026-09-25 20:37:03,661 - INFO - ============================================================
2026-09-25 20:37:03,661 - INFO - 
🔄 Iteração 1/3 para IFSC
2026-09-25 20:37:03,661 - INFO -   🔎 Testando: "ifsc"
2026-09-25 20:37:21,534 - INFO -      ✅ 500 resultados (eficiência: 0.30)
2026-09-25 20:37:24,535 - INFO - 
🔄 Iteração 2/3 para IFSC
2026-09-25 20:37:24,535 - INFO -   ⚠️ Sem novas queries para testar
2026-09-25 20:37:24,535 - INFO - 
📊 Métricas finais para IFSC:
2026-09-25 20:37:24,535 - INFO -    Total de queries testadas: 1
2026-09-25 20:37:24,535 - INFO -    Queries com sucesso: 0
2026-09-25 20:37:24,552 - INFO -    🔤 Filtrando 500 repositórios por idioma (português)...
2026-09-25 20:37:25,590 - INFO -    ✅ Filtro de idioma: 283/500 repositórios mantidos (56.6% em português)
2026-09-25 20:37:25,590 - INFO - ✅ IFSC: 283 repositórios em português
2026-09-25 20:37:25,590 - INFO -    Palavras-chave: sistemas, engenharia, code, para, curso, details, codes, java, data, bank
2026-09-25 20:37:28,590 - INFO - 
============================================================
2026-09-25 20:37:28,590 - INFO - 🏛️  Processando IFSC - Campus Jaraguá do Sul
2026-09-25 20:37:28,591 - INFO - ============================================================
2026-09-25 20:37:28,591 - INFO - 
🔄 Iteração 1/3 para IFSC
2026-09-25 20:37:28,591 - INFO -   🔎 Testando: "ifsc"
2026-09-25 20:37:46,759 - INFO -      ✅ 500 resultados (eficiência: 0.30)
2026-09-25 20:37:47,760 - INFO -   🔎 Testando: "campus jaraguá"
2026-09-25 20:37:48,436 - INFO -      ✅ 1 resultados (eficiência: 0.00)
2026-09-25 20:37:51,437 - INFO - 
🔄 Iteração 2/3 para IFSC
2026-09-25 20:37:51,437 - INFO -   ⚠️ Sem novas queries para testar
2026-09-25 20:37:51,438 - INFO - 
📊 Métricas finais para IFSC:
2026-09-25 20:37:51,438 - INFO -    Total de queries testadas: 2
2026-09-25 20:37:51,438 - INFO -    Queries com sucesso: 0
2026-09-25 20:37:51,457 - INFO -    🔤 Filtrando 501 repositórios por idioma (português)...
2026-09-25 20:37:52,476 - INFO -    ✅ Filtro de idioma: 284/501 repositórios mantidos (56.7% em português)
2026-09-25 20:37:52,476 - INFO - ✅ IFSC: 284 repositórios em português
2026-09-25 20:37:52,476 - INFO -    Palavras-chave: sistemas, code, para, curso, details, codes, java, data, bank, ifsc
2026-09-25 20:37:55,476 - INFO - 
============================================================
2026-09-25 20:37:55,476 - INFO - 🏛️  Processando IFSC - Campus Chapecó
2026-09-25 20:37:55,477 - INFO - ============================================================
2026-09-25 20:37:55,477 - INFO - 
🔄 Iteração 1/3 para IFSC
2026-09-25 20:37:55,477 - INFO -   🔎 Testando: "ifsc"
2026-09-25 20:38:13,292 - INFO -      ✅ 500 resultados (eficiência: 0.30)
2026-09-25 20:38:16,293 - INFO - 
🔄 Iteração 2/3 para IFSC
2026-09-25 20:38:16,293 - INFO -   ⚠️ Sem novas queries para testar
2026-09-25 20:38:16,294 - INFO - 
📊 Métricas finais para IFSC:
2026-09-25 20:38:16,294 - INFO -    Total de queries testadas: 1
2026-09-25 20:38:16,294 - INFO -    Queries com sucesso: 0
2026-09-25 20:38:16,315 - INFO -    🔤 Filtrando 500 repositórios por idioma (português)...
2026-09-25 20:38:17,312 - INFO -    ✅ Filtro de idioma: 283/500 repositórios mantidos (56.6% em português)
2026-09-25 20:38:17,312 - INFO - ✅ IFSC: 283 repositórios em português
2026-09-25 20:38:17,312 - INFO -    Palavras-chave: sistemas, engenharia, code, para, curso, details, codes, java, data, bank
2026-09-25 20:38:20,313 - INFO - 
============================================================
2026-09-25 20:38:20,313 - INFO - 🏛️  Processando IFSC - Campus Araranguá
2026-09-25 20:38:20,314 - INFO - ============================================================
2026-09-25 20:38:20,314 - INFO - 
🔄 Iteração 1/3 para IFSC
2026-09-25 20:38:20,314 - INFO -   🔎 Testando: "ifsc"
2026-09-25 20:38:36,861 - INFO -      ✅ 500 resultados (eficiência: 0.30)
2026-09-25 20:38:39,861 - INFO - 
🔄 Iteração 2/3 para IFSC
2026-09-25 20:38:39,862 - INFO -   ⚠️ Sem novas queries para testar
2026-09-25 20:38:39,862 - INFO - 
📊 Métricas finais para IFSC:
2026-09-25 20:38:39,862 - INFO -    Total de queries testadas: 1
2026-09-25 20:38:39,862 - INFO -    Queries com sucesso: 0
2026-09-25 20:38:39,882 - INFO -    🔤 Filtrando 500 repositórios por idioma (português)...
2026-09-25 20:38:40,878 - INFO -    ✅ Filtro de idioma: 283/500 repositórios mantidos (56.6% em português)
2026-09-25 20:38:40,878 - INFO - ✅ IFSC: 283 repositórios em português
2026-09-25 20:38:40,878 - INFO -    Palavras-chave: sistemas, engenharia, code, para, curso, details, codes, java, data, bank
2026-09-25 20:38:43,879 - INFO - 
============================================================
2026-09-25 20:38:43,879 - INFO - 🏛️  Processando IFSC - Campus Criciúma
2026-09-25 20:38:43,879 - INFO - ============================================================
2026-09-25 20:38:43,879 - INFO - 
🔄 Iteração 1/3 para IFSC
2026-09-25 20:38:43,879 - INFO -   🔎 Testando: "ifsc"
2026-09-25 20:39:00,183 - INFO -      ✅ 500 resultados (eficiência: 0.30)
2026-09-25 20:39:03,183 - INFO - 
🔄 Iteração 2/3 para IFSC
2026-09-25 20:39:03,183 - INFO -   ⚠️ Sem novas queries para testar
2026-09-25 20:39:03,184 - INFO - 
📊 Métricas finais para IFSC:
2026-09-25 20:39:03,184 - INFO -    Total de queries testadas: 1
2026-09-25 20:39:03,184 - INFO -    Queries com sucesso: 0
2026-09-25 20:39:03,202 - INFO -    🔤 Filtrando 500 repositórios por idioma (português)...
2026-09-25 20:39:04,199 - INFO -    ✅ Filtro de idioma: 283/500 repositórios mantidos (56.6% em português)
2026-09-25 20:39:04,199 - INFO - ✅ IFSC: 283 repositórios em português
2026-09-25 20:39:04,199 - INFO -    Palavras-chave: sistemas, engenharia, code, para, curso, details, codes, java, data, bank
2026-09-25 20:39:07,200 - INFO - 
============================================================
2026-09-25 20:39:07,200 - INFO - 🏛️  Processando IFSC - Campus Itajaí
2026-09-25 20:39:07,200 - INFO - ============================================================
2026-09-25 20:39:07,200 - INFO - 
🔄 Iteração 1/3 para IFSC
2026-09-25 20:39:07,200 - INFO -   🔎 Testando: "ifsc"
2026-09-25 20:39:28,472 - INFO -      ✅ 500 resultados (eficiência: 0.30)
2026-09-25 20:39:31,473 - INFO - 
🔄 Iteração 2/3 para IFSC
2026-09-25 20:39:31,473 - INFO -   ⚠️ Sem novas queries para testar
2026-09-25 20:39:31,473 - INFO - 
📊 Métricas finais para IFSC:
2026-09-25 20:39:31,473 - INFO -    Total de queries testadas: 1
2026-09-25 20:39:31,473 - INFO -    Queries com sucesso: 0
2026-09-25 20:39:31,491 - INFO -    🔤 Filtrando 500 repositórios por idioma (português)...
2026-09-25 20:39:32,502 - INFO -    ✅ Filtro de idioma: 283/500 repositórios mantidos (56.6% em português)
2026-09-25 20:39:32,502 - INFO - ✅ IFSC: 283 repositórios em português
2026-09-25 20:39:32,502 - INFO -    Palavras-chave: sistemas, engenharia, code, para, curso, details, codes, java, data, bank
2026-09-25 20:39:35,503 - INFO - 
============================================================
2026-09-25 20:39:35,503 - INFO - 🏛️  Processando IFSC - Campus Lages
2026-09-25 20:39:35,503 - INFO - ============================================================
2026-09-25 20:39:35,503 - INFO - 
🔄 Iteração 1/3 para IFSC
2026-09-25 20:39:35,503 - INFO -   🔎 Testando: "ifsc"
2026-09-25 20:39:52,161 - INFO -      ✅ 500 resultados (eficiência: 0.30)
2026-09-25 20:39:55,161 - INFO - 
🔄 Iteração 2/3 para IFSC
2026-09-25 20:39:55,162 - INFO -   ⚠️ Sem novas queries para testar
2026-09-25 20:39:55,162 - INFO - 
📊 Métricas finais para IFSC:
2026-09-25 20:39:55,162 - INFO -    Total de queries testadas: 1
2026-09-25 20:39:55,162 - INFO -    Queries com sucesso: 0
2026-09-25 20:39:55,182 - INFO -    🔤 Filtrando 500 repositórios por idioma (português)...
2026-09-25 20:39:56,182 - INFO -    ✅ Filtro de idioma: 283/500 repositórios mantidos (56.6% em português)
2026-09-25 20:39:56,182 - INFO - ✅ IFSC: 283 repositórios em português
2026-09-25 20:39:56,182 - INFO -    Palavras-chave: sistemas, engenharia, code, para, curso, details, codes, java, data, bank
2026-09-25 20:39:59,183 - INFO - 
============================================================
2026-09-25 20:39:59,183 - INFO - 🏛️  Processando IFSC - Campus Gaspar
2026-09-25 20:39:59,183 - INFO - ============================================================
2026-09-25 20:39:59,183 - INFO - 
🔄 Iteração 1/3 para IFSC
2026-09-25 20:39:59,183 - INFO -   🔎 Testando: "ifsc"
2026-09-25 20:40:18,102 - INFO -      ✅ 500 resultados (eficiência: 0.30)
2026-09-25 20:40:21,103 - INFO - 
🔄 Iteração 2/3 para IFSC
2026-09-25 20:40:21,103 - INFO -   ⚠️ Sem novas queries para testar
2026-09-25 20:40:21,104 - INFO - 
📊 Métricas finais para IFSC:
2026-09-25 20:40:21,104 - INFO -    Total de queries testadas: 1
2026-09-25 20:40:21,104 - INFO -    Queries com sucesso: 0
2026-09-25 20:40:21,127 - INFO -    🔤 Filtrando 500 repositórios por idioma (português)...
2026-09-25 20:40:22,131 - INFO -    ✅ Filtro de idioma: 283/500 repositórios mantidos (56.6% em português)
2026-09-25 20:40:22,131 - INFO - ✅ IFSC: 283 repositórios em português
2026-09-25 20:40:22,131 - INFO -    Palavras-chave: sistemas, engenharia, code, para, curso, details, codes, java, data, bank
2026-09-25 20:40:25,132 - INFO - 
============================================================
2026-09-25 20:40:25,132 - INFO - 🏛️  Processando IFSC - Campus Canoinhas
2026-09-25 20:40:25,132 - INFO - ============================================================
2026-09-25 20:40:25,132 - INFO - 
🔄 Iteração 1/3 para IFSC
2026-09-25 20:40:25,132 - INFO -   🔎 Testando: "ifsc"
2026-09-25 20:40:41,924 - INFO -      ✅ 500 resultados (eficiência: 0.30)
2026-09-25 20:40:44,924 - INFO - 
🔄 Iteração 2/3 para IFSC
2026-09-25 20:40:44,925 - INFO -   ⚠️ Sem novas queries para testar
2026-09-25 20:40:44,925 - INFO - 
📊 Métricas finais para IFSC:
2026-09-25 20:40:44,925 - INFO -    Total de queries testadas: 1
2026-09-25 20:40:44,925 - INFO -    Queries com sucesso: 0
2026-09-25 20:40:44,943 - INFO -    🔤 Filtrando 500 repositórios por idioma (português)...
2026-09-25 20:40:45,939 - INFO -    ✅ Filtro de idioma: 283/500 repositórios mantidos (56.6% em português)
2026-09-25 20:40:45,939 - INFO - ✅ IFSC: 283 repositórios em português
2026-09-25 20:40:45,939 - INFO -    Palavras-chave: sistemas, engenharia, code, para, curso, details, codes, java, data, bank
2026-09-25 20:40:48,939 - INFO - 
============================================================
2026-09-25 20:40:48,939 - INFO - 🏛️  Processando IFSC - Campus São Miguel do Oeste
2026-09-25 20:40:48,940 - INFO - ============================================================
2026-09-25 20:40:48,940 - INFO - 
🔄 Iteração 1/3 para IFSC
2026-09-25 20:40:48,940 - INFO -   🔎 Testando: "campus são"
2026-09-25 20:40:59,321 - INFO -      ✅ 310 resultados (eficiência: 0.30)
2026-09-25 20:41:00,321 - INFO -   🔎 Testando: "ifsc"
2026-09-25 20:41:18,429 - INFO -      ✅ 500 resultados (eficiência: 0.30)
2026-09-25 20:41:21,430 - INFO - 
🔄 Iteração 2/3 para IFSC
2026-09-25 20:41:21,431 - INFO -   ⚠️ Sem novas queries para testar
2026-09-25 20:41:21,431 - INFO - 
📊 Métricas finais para IFSC:
2026-09-25 20:41:21,431 - INFO -    Total de queries testadas: 2
2026-09-25 20:41:21,431 - INFO -    Queries com sucesso: 0
2026-09-25 20:41:21,459 - INFO -    🔤 Filtrando 788 repositórios por idioma (português)...
2026-09-25 20:41:22,798 - INFO -    ✅ Filtro de idioma: 567/788 repositórios mantidos (72.0% em português)
2026-09-25 20:41:22,798 - INFO - ✅ IFSC: 567 repositórios em português
2026-09-25 20:41:22,798 - INFO -    Palavras-chave: carlos, sistemas, campus, federal, engenharia, curso, para, code, ifsc, bank
2026-09-25 20:41:25,799 - INFO - 
============================================================
2026-09-25 20:41:25,799 - INFO - 🏛️  Processando IFSC - Campus Tubarão
2026-09-25 20:41:25,799 - INFO - ============================================================
2026-09-25 20:41:25,799 - INFO - 
🔄 Iteração 1/3 para IFSC
2026-09-25 20:41:25,799 - INFO -   🔎 Testando: "ifsc"
2026-09-25 20:41:42,558 - INFO -      ✅ 500 resultados (eficiência: 0.30)
2026-09-25 20:41:45,559 - INFO - 
🔄 Iteração 2/3 para IFSC
2026-09-25 20:41:45,559 - INFO -   ⚠️ Sem novas queries para testar
2026-09-25 20:41:45,560 - INFO - 
📊 Métricas finais para IFSC:
2026-09-25 20:41:45,560 - INFO -    Total de queries testadas: 1
2026-09-25 20:41:45,560 - INFO -    Queries com sucesso: 0
2026-09-25 20:41:45,581 - INFO -    🔤 Filtrando 500 repositórios por idioma (português)...
2026-09-25 20:41:46,599 - INFO -    ✅ Filtro de idioma: 283/500 repositórios mantidos (56.6% em português)
2026-09-25 20:41:46,599 - INFO - ✅ IFSC: 283 repositórios em português
2026-09-25 20:41:46,599 - INFO -    Palavras-chave: sistemas, engenharia, code, para, curso, details, codes, java, data, bank
2026-09-25 20:41:49,600 - INFO - 
============================================================
2026-09-25 20:41:49,600 - INFO - 🏛️  Processando IFTM - Campus Uberaba
2026-09-25 20:41:49,600 - INFO - ============================================================
2026-09-25 20:41:49,600 - INFO - 
🔄 Iteração 1/3 para IFTM
2026-09-25 20:41:49,600 - INFO -   🔎 Testando: "iftm"
2026-09-25 20:42:07,427 - INFO -      ✅ 500 resultados (eficiência: 0.30)
2026-09-25 20:42:10,427 - INFO - 
🔄 Iteração 2/3 para IFTM
2026-09-25 20:42:10,428 - INFO -   ⚠️ Sem novas queries para testar
2026-09-25 20:42:10,428 - INFO - 
📊 Métricas finais para IFTM:
2026-09-25 20:42:10,428 - INFO -    Total de queries testadas: 1
2026-09-25 20:42:10,428 - INFO -    Queries com sucesso: 0
2026-09-25 20:42:10,442 - INFO -    🔤 Filtrando 500 repositórios por idioma (português)...
2026-09-25 20:42:11,734 - INFO -    ✅ Filtro de idioma: 414/500 repositórios mantidos (82.8% em português)
2026-09-25 20:42:11,734 - INFO - ✅ IFTM: 414 repositórios em português
2026-09-25 20:42:11,734 - INFO -    Palavras-chave: sistemas, iftm, campus, centro, trabalho, curso, para, internet, durante, atividades
2026-09-25 20:42:14,735 - INFO - 
============================================================
2026-09-25 20:42:14,735 - INFO - 🏛️  Processando IFTM - Campus Paracatu
2026-09-25 20:42:14,735 - INFO - ============================================================
2026-09-25 20:42:14,735 - INFO - 
🔄 Iteração 1/3 para IFTM
2026-09-25 20:42:14,735 - INFO -   🔎 Testando: "iftm"
2026-09-25 20:42:30,762 - INFO -      ✅ 500 resultados (eficiência: 0.30)
2026-09-25 20:42:33,762 - INFO - 
🔄 Iteração 2/3 para IFTM
2026-09-25 20:42:33,763 - INFO -   ⚠️ Sem novas queries para testar
2026-09-25 20:42:33,763 - INFO - 
📊 Métricas finais para IFTM:
2026-09-25 20:42:33,763 - INFO -    Total de queries testadas: 1
2026-09-25 20:42:33,763 - INFO -    Queries com sucesso: 0
2026-09-25 20:42:33,777 - INFO -    🔤 Filtrando 500 repositórios por idioma (português)...
2026-09-25 20:42:35,067 - INFO -    ✅ Filtro de idioma: 414/500 repositórios mantidos (82.8% em português)
2026-09-25 20:42:35,067 - INFO - ✅ IFTM: 414 repositórios em português
2026-09-25 20:42:35,067 - INFO -    Palavras-chave: sistemas, iftm, campus, centro, trabalho, curso, para, internet, durante, atividades
2026-09-25 20:42:38,068 - INFO - 
============================================================
2026-09-25 20:42:38,068 - INFO - 🏛️  Processando IFTM - Campus Ituiutaba
2026-09-25 20:42:38,068 - INFO - ============================================================
2026-09-25 20:42:38,068 - INFO - 
🔄 Iteração 1/3 para IFTM
2026-09-25 20:42:38,068 - INFO -   🔎 Testando: "iftm"
2026-09-25 20:42:54,936 - INFO -      ✅ 500 resultados (eficiência: 0.30)
2026-09-25 20:42:57,937 - INFO - 
🔄 Iteração 2/3 para IFTM
2026-09-25 20:42:57,937 - INFO -   ⚠️ Sem novas queries para testar
2026-09-25 20:42:57,937 - INFO - 
📊 Métricas finais para IFTM:
2026-09-25 20:42:57,937 - INFO -    Total de queries testadas: 1
2026-09-25 20:42:57,937 - INFO -    Queries com sucesso: 0
2026-09-25 20:42:57,951 - INFO -    🔤 Filtrando 500 repositórios por idioma (português)...
2026-09-25 20:42:59,243 - INFO -    ✅ Filtro de idioma: 414/500 repositórios mantidos (82.8% em português)
2026-09-25 20:42:59,243 - INFO - ✅ IFTM: 414 repositórios em português
2026-09-25 20:42:59,243 - INFO -    Palavras-chave: sistemas, iftm, campus, centro, trabalho, curso, para, internet, durante, atividades
2026-09-25 20:43:02,244 - INFO - 
============================================================
2026-09-25 20:43:02,244 - INFO - 🏛️  Processando IFTM - Campus Patrocínio
2026-09-25 20:43:02,244 - INFO - ============================================================
2026-09-25 20:43:02,244 - INFO - 
🔄 Iteração 1/3 para IFTM
2026-09-25 20:43:02,244 - INFO -   🔎 Testando: "iftm"
2026-09-25 20:43:19,134 - INFO -      ✅ 500 resultados (eficiência: 0.30)
2026-09-25 20:43:22,135 - INFO - 
🔄 Iteração 2/3 para IFTM
2026-09-25 20:43:22,135 - INFO -   ⚠️ Sem novas queries para testar
2026-09-25 20:43:22,136 - INFO - 
📊 Métricas finais para IFTM:
2026-09-25 20:43:22,136 - INFO -    Total de queries testadas: 1
2026-09-25 20:43:22,136 - INFO -    Queries com sucesso: 0
2026-09-25 20:43:22,149 - INFO -    🔤 Filtrando 500 repositórios por idioma (português)...
2026-09-25 20:43:23,430 - INFO -    ✅ Filtro de idioma: 414/500 repositórios mantidos (82.8% em português)
2026-09-25 20:43:23,430 - INFO - ✅ IFTM: 414 repositórios em português
2026-09-25 20:43:23,430 - INFO -    Palavras-chave: sistemas, iftm, campus, centro, trabalho, curso, para, internet, durante, atividades
2026-09-25 20:43:26,431 - INFO - 
============================================================
2026-09-25 20:43:26,431 - INFO - 🏛️  Processando IFTM - Campus Araguari
2026-09-25 20:43:26,431 - INFO - ============================================================
2026-09-25 20:43:26,431 - INFO - 
🔄 Iteração 1/3 para IFTM
2026-09-25 20:43:26,431 - INFO -   🔎 Testando: "iftm"
2026-09-25 20:43:41,677 - INFO -      ✅ 500 resultados (eficiência: 0.30)
2026-09-25 20:43:44,678 - INFO - 
🔄 Iteração 2/3 para IFTM
2026-09-25 20:43:44,678 - INFO -   ⚠️ Sem novas queries para testar
2026-09-25 20:43:44,679 - INFO - 
📊 Métricas finais para IFTM:
2026-09-25 20:43:44,679 - INFO -    Total de queries testadas: 1
2026-09-25 20:43:44,679 - INFO -    Queries com sucesso: 0
2026-09-25 20:43:44,694 - INFO -    🔤 Filtrando 500 repositórios por idioma (português)...
2026-09-25 20:43:46,002 - INFO -    ✅ Filtro de idioma: 414/500 repositórios mantidos (82.8% em português)
2026-09-25 20:43:46,003 - INFO - ✅ IFTM: 414 repositórios em português
2026-09-25 20:43:46,003 - INFO -    Palavras-chave: sistemas, iftm, campus, centro, trabalho, curso, para, internet, durante, atividades
2026-09-25 20:43:49,003 - INFO - 
============================================================
2026-09-25 20:43:49,004 - INFO - 🏛️  Processando IFTM - Campus Campina Verde
2026-09-25 20:43:49,004 - INFO - ============================================================
2026-09-25 20:43:49,004 - INFO - 
🔄 Iteração 1/3 para IFTM
2026-09-25 20:43:49,004 - INFO -   🔎 Testando: "iftm"
2026-09-25 20:44:06,218 - INFO -      ✅ 500 resultados (eficiência: 0.30)
2026-09-25 20:44:07,219 - INFO -   🔎 Testando: "campus campina"
2026-09-25 20:44:10,121 - INFO -      ✅ 94 resultados (eficiência: 0.28)
2026-09-25 20:44:13,122 - INFO - 
🔄 Iteração 2/3 para IFTM
2026-09-25 20:44:13,122 - INFO -   ⚠️ Sem novas queries para testar
2026-09-25 20:44:13,123 - INFO - 
📊 Métricas finais para IFTM:
2026-09-25 20:44:13,123 - INFO -    Total de queries testadas: 2
2026-09-25 20:44:13,123 - INFO -    Queries com sucesso: 0
2026-09-25 20:44:13,147 - INFO -    🔤 Filtrando 594 repositórios por idioma (português)...
2026-09-25 20:44:14,599 - INFO -    ✅ Filtro de idioma: 508/594 repositórios mantidos (85.5% em português)
2026-09-25 20:44:14,599 - INFO - ✅ IFTM: 508 repositórios em português
2026-09-25 20:44:14,599 - INFO -    Palavras-chave: campina, sistemas, iftm, campus, trabalho, curso, para, internet, grande, tecnologia
2026-09-25 20:44:17,600 - INFO - 
============================================================
2026-09-25 20:44:17,600 - INFO - 🏛️  Processando IFTM - Campus Itapagipe
2026-09-25 20:44:17,600 - INFO - ============================================================
2026-09-25 20:44:17,600 - INFO - 
🔄 Iteração 1/3 para IFTM
2026-09-25 20:44:17,600 - INFO -   🔎 Testando: "iftm"
2026-09-25 20:44:33,459 - INFO -      ✅ 500 resultados (eficiência: 0.30)
2026-09-25 20:44:36,460 - INFO - 
🔄 Iteração 2/3 para IFTM
2026-09-25 20:44:36,460 - INFO -   ⚠️ Sem novas queries para testar
2026-09-25 20:44:36,461 - INFO - 
📊 Métricas finais para IFTM:
2026-09-25 20:44:36,461 - INFO -    Total de queries testadas: 1
2026-09-25 20:44:36,461 - INFO -    Queries com sucesso: 0
2026-09-25 20:44:36,476 - INFO -    🔤 Filtrando 500 repositórios por idioma (português)...
2026-09-25 20:44:37,778 - INFO -    ✅ Filtro de idioma: 414/500 repositórios mantidos (82.8% em português)
2026-09-25 20:44:37,778 - INFO - ✅ IFTM: 414 repositórios em português
2026-09-25 20:44:37,778 - INFO -    Palavras-chave: sistemas, iftm, campus, centro, trabalho, curso, para, internet, durante, atividades
2026-09-25 20:44:40,779 - INFO - 
============================================================
2026-09-25 20:44:40,779 - INFO - 🏛️  Processando IFTM - Campus Monte Carmelo
2026-09-25 20:44:40,779 - INFO - ============================================================
2026-09-25 20:44:40,779 - INFO - 
🔄 Iteração 1/3 para IFTM
2026-09-25 20:44:40,779 - INFO -   🔎 Testando: "iftm"
2026-09-25 20:44:57,032 - INFO -      ✅ 500 resultados (eficiência: 0.30)
2026-09-25 20:44:58,033 - INFO -   🔎 Testando: "campus monte"
2026-09-25 20:45:00,106 - INFO -      ✅ 39 resultados (eficiência: 0.12)
2026-09-25 20:45:03,106 - INFO - 
🔄 Iteração 2/3 para IFTM
2026-09-25 20:45:03,107 - INFO -   ⚠️ Sem novas queries para testar
2026-09-25 20:45:03,107 - INFO - 
📊 Métricas finais para IFTM:
2026-09-25 20:45:03,107 - INFO -    Total de queries testadas: 2
2026-09-25 20:45:03,107 - INFO -    Queries com sucesso: 0
2026-09-25 20:45:03,123 - INFO -    🔤 Filtrando 539 repositórios por idioma (português)...
2026-09-25 20:45:04,500 - INFO -    ✅ Filtro de idioma: 445/539 repositórios mantidos (82.6% em português)
2026-09-25 20:45:04,500 - INFO - ✅ IFTM: 445 repositórios em português
2026-09-25 20:45:04,500 - INFO -    Palavras-chave: sistemas, iftm, campus, centro, trabalho, curso, para, montes, internet, atividades
2026-09-25 20:45:07,501 - INFO - 
============================================================
2026-09-25 20:45:07,501 - INFO - 🏛️  Processando IFTM - Campus Uberlândia
2026-09-25 20:45:07,501 - INFO - ============================================================
2026-09-25 20:45:07,501 - INFO - 
🔄 Iteração 1/3 para IFTM
2026-09-25 20:45:07,501 - INFO -   🔎 Testando: "iftm"
2026-09-25 20:45:23,655 - INFO -      ✅ 500 resultados (eficiência: 0.30)
2026-09-25 20:45:26,656 - INFO - 
🔄 Iteração 2/3 para IFTM
2026-09-25 20:45:26,656 - INFO -   ⚠️ Sem novas queries para testar
2026-09-25 20:45:26,656 - INFO - 
📊 Métricas finais para IFTM:
2026-09-25 20:45:26,656 - INFO -    Total de queries testadas: 1
2026-09-25 20:45:26,656 - INFO -    Queries com sucesso: 0
2026-09-25 20:45:26,670 - INFO -    🔤 Filtrando 500 repositórios por idioma (português)...
2026-09-25 20:45:27,954 - INFO -    ✅ Filtro de idioma: 414/500 repositórios mantidos (82.8% em português)
2026-09-25 20:45:27,954 - INFO - ✅ IFTM: 414 repositórios em português
2026-09-25 20:45:27,954 - INFO -    Palavras-chave: sistemas, iftm, campus, centro, trabalho, curso, para, internet, durante, atividades
2026-09-25 20:45:30,955 - INFO - 
============================================================
2026-09-25 20:45:30,955 - INFO - 🏛️  Processando IFNMG - Campus Montes Claros
2026-09-25 20:45:30,955 - INFO - ============================================================
2026-09-25 20:45:30,955 - INFO - 
🔄 Iteração 1/3 para IFNMG
2026-09-25 20:45:30,955 - INFO -   🔎 Testando: "campus montes"
2026-09-25 20:45:32,234 - INFO -      ✅ 39 resultados (eficiência: 0.12)
2026-09-25 20:45:33,234 - INFO -   🔎 Testando: "ifnmg"
2026-09-25 20:45:50,080 - INFO -      ✅ 500 resultados (eficiência: 0.30)
2026-09-25 20:45:53,080 - INFO - 
🔄 Iteração 2/3 para IFNMG
2026-09-25 20:45:53,081 - INFO -   ⚠️ Sem novas queries para testar
2026-09-25 20:45:53,081 - INFO - 
📊 Métricas finais para IFNMG:
2026-09-25 20:45:53,081 - INFO -    Total de queries testadas: 2
2026-09-25 20:45:53,081 - INFO -    Queries com sucesso: 0
2026-09-25 20:45:53,098 - INFO -    🔤 Filtrando 525 repositórios por idioma (português)...
2026-09-25 20:45:54,466 - INFO -    ✅ Filtro de idioma: 388/525 repositórios mantidos (73.9% em português)
2026-09-25 20:45:54,466 - INFO - ✅ IFNMG: 388 repositórios em português
2026-09-25 20:45:54,466 - INFO -    Palavras-chave: ifnmg, sistema, primeiro, backend, campus, salinas, rest, curso, para, site
2026-09-25 20:45:57,467 - INFO - 
============================================================
2026-09-25 20:45:57,467 - INFO - 🏛️  Processando IFNMG - Campus Januária
2026-09-25 20:45:57,467 - INFO - ============================================================
2026-09-25 20:45:57,467 - INFO - 
🔄 Iteração 1/3 para IFNMG
2026-09-25 20:45:57,467 - INFO -   🔎 Testando: "ifnmg"
2026-09-25 20:46:13,395 - INFO -      ✅ 500 resultados (eficiência: 0.30)
2026-09-25 20:46:16,396 - INFO - 
🔄 Iteração 2/3 para IFNMG
2026-09-25 20:46:16,396 - INFO -   ⚠️ Sem novas queries para testar
2026-09-25 20:46:16,397 - INFO - 
📊 Métricas finais para IFNMG:
2026-09-25 20:46:16,397 - INFO -    Total de queries testadas: 1
2026-09-25 20:46:16,397 - INFO -    Queries com sucesso: 0
2026-09-25 20:46:16,414 - INFO -    🔤 Filtrando 500 repositórios por idioma (português)...
2026-09-25 20:46:17,734 - INFO -    ✅ Filtro de idioma: 368/500 repositórios mantidos (73.6% em português)
2026-09-25 20:46:17,735 - INFO - ✅ IFNMG: 368 repositórios em português
2026-09-25 20:46:17,735 - INFO -    Palavras-chave: ifnmg, sistema, primeiro, backend, campus, salinas, rest, para, site, yearbook
2026-09-25 20:46:20,735 - INFO - 
============================================================
2026-09-25 20:46:20,736 - INFO - 🏛️  Processando IFNMG - Campus Salinas
2026-09-25 20:46:20,736 - INFO - ============================================================
2026-09-25 20:46:20,736 - INFO - 
🔄 Iteração 1/3 para IFNMG
2026-09-25 20:46:20,736 - INFO -   🔎 Testando: "ifnmg"
2026-09-25 20:46:35,916 - INFO -      ✅ 500 resultados (eficiência: 0.30)
2026-09-25 20:46:38,917 - INFO - 
🔄 Iteração 2/3 para IFNMG
2026-09-25 20:46:38,917 - INFO -   ⚠️ Sem novas queries para testar
2026-09-25 20:46:38,918 - INFO - 
📊 Métricas finais para IFNMG:
2026-09-25 20:46:38,918 - INFO -    Total de queries testadas: 1
2026-09-25 20:46:38,918 - INFO -    Queries com sucesso: 0
2026-09-25 20:46:38,934 - INFO -    🔤 Filtrando 500 repositórios por idioma (português)...
2026-09-25 20:46:40,266 - INFO -    ✅ Filtro de idioma: 368/500 repositórios mantidos (73.6% em português)
2026-09-25 20:46:40,266 - INFO - ✅ IFNMG: 368 repositórios em português
2026-09-25 20:46:40,266 - INFO -    Palavras-chave: ifnmg, sistema, primeiro, backend, campus, salinas, rest, para, site, yearbook
2026-09-25 20:46:43,266 - INFO - 
============================================================
2026-09-25 20:46:43,266 - INFO - 🏛️  Processando IFNMG - Campus Pirapora
2026-09-25 20:46:43,267 - INFO - ============================================================
2026-09-25 20:46:43,267 - INFO - 
🔄 Iteração 1/3 para IFNMG
2026-09-25 20:46:43,267 - INFO -   🔎 Testando: "ifnmg"
2026-09-25 20:46:59,110 - INFO -      ✅ 500 resultados (eficiência: 0.30)
2026-09-25 20:47:02,111 - INFO - 
🔄 Iteração 2/3 para IFNMG
2026-09-25 20:47:02,111 - INFO -   ⚠️ Sem novas queries para testar
2026-09-25 20:47:02,112 - INFO - 
📊 Métricas finais para IFNMG:
2026-09-25 20:47:02,112 - INFO -    Total de queries testadas: 1
2026-09-25 20:47:02,112 - INFO -    Queries com sucesso: 0
2026-09-25 20:47:02,128 - INFO -    🔤 Filtrando 500 repositórios por idioma (português)...
2026-09-25 20:47:03,440 - INFO -    ✅ Filtro de idioma: 368/500 repositórios mantidos (73.6% em português)
2026-09-25 20:47:03,440 - INFO - ✅ IFNMG: 368 repositórios em português
2026-09-25 20:47:03,440 - INFO -    Palavras-chave: ifnmg, sistema, primeiro, backend, campus, salinas, rest, para, site, yearbook
2026-09-25 20:47:06,440 - INFO - 
============================================================
2026-09-25 20:47:06,440 - INFO - 🏛️  Processando IFNMG - Campus Araçuaí
2026-09-25 20:47:06,441 - INFO - ============================================================
2026-09-25 20:47:06,441 - INFO - 
🔄 Iteração 1/3 para IFNMG
2026-09-25 20:47:06,441 - INFO -   🔎 Testando: "ifnmg"
2026-09-25 20:47:21,612 - INFO -      ✅ 500 resultados (eficiência: 0.30)
2026-09-25 20:47:24,613 - INFO - 
🔄 Iteração 2/3 para IFNMG
2026-09-25 20:47:24,613 - INFO -   ⚠️ Sem novas queries para testar
2026-09-25 20:47:24,613 - INFO - 
📊 Métricas finais para IFNMG:
2026-09-25 20:47:24,613 - INFO -    Total de queries testadas: 1
2026-09-25 20:47:24,614 - INFO -    Queries com sucesso: 0
2026-09-25 20:47:24,801 - INFO -    🔤 Filtrando 500 repositórios por idioma (português)...
2026-09-25 20:47:26,134 - INFO -    ✅ Filtro de idioma: 368/500 repositórios mantidos (73.6% em português)
2026-09-25 20:47:26,134 - INFO - ✅ IFNMG: 368 repositórios em português
2026-09-25 20:47:26,134 - INFO -    Palavras-chave: ifnmg, sistema, primeiro, backend, campus, salinas, rest, para, site, yearbook
2026-09-25 20:47:29,135 - INFO - 
============================================================
2026-09-25 20:47:29,135 - INFO - 🏛️  Processando IFNMG - Campus Almenara
2026-09-25 20:47:29,135 - INFO - ============================================================
2026-09-25 20:47:29,135 - INFO - 
🔄 Iteração 1/3 para IFNMG
2026-09-25 20:47:29,135 - INFO -   🔎 Testando: "ifnmg"
2026-09-25 20:47:45,363 - INFO -      ✅ 500 resultados (eficiência: 0.30)
2026-09-25 20:47:48,364 - INFO - 
🔄 Iteração 2/3 para IFNMG
2026-09-25 20:47:48,364 - INFO -   ⚠️ Sem novas queries para testar
2026-09-25 20:47:48,364 - INFO - 
📊 Métricas finais para IFNMG:
2026-09-25 20:47:48,364 - INFO -    Total de queries testadas: 1
2026-09-25 20:47:48,364 - INFO -    Queries com sucesso: 0
2026-09-25 20:47:48,377 - INFO -    🔤 Filtrando 500 repositórios por idioma (português)...
2026-09-25 20:47:49,695 - INFO -    ✅ Filtro de idioma: 368/500 repositórios mantidos (73.6% em português)
2026-09-25 20:47:49,695 - INFO - ✅ IFNMG: 368 repositórios em português
2026-09-25 20:47:49,695 - INFO -    Palavras-chave: ifnmg, sistema, primeiro, backend, campus, salinas, rest, para, site, yearbook
2026-09-25 20:47:52,696 - INFO - 
============================================================
2026-09-25 20:47:52,696 - INFO - 🏛️  Processando IFNMG - Campus Arinos
2026-09-25 20:47:52,696 - INFO - ============================================================
2026-09-25 20:47:52,696 - INFO - 
🔄 Iteração 1/3 para IFNMG
2026-09-25 20:47:52,696 - INFO -   🔎 Testando: "ifnmg"
2026-09-25 20:48:08,094 - INFO -      ✅ 500 resultados (eficiência: 0.30)
2026-09-25 20:48:11,095 - INFO - 
🔄 Iteração 2/3 para IFNMG
2026-09-25 20:48:11,095 - INFO -   ⚠️ Sem novas queries para testar
2026-09-25 20:48:11,096 - INFO - 
📊 Métricas finais para IFNMG:
2026-09-25 20:48:11,096 - INFO -    Total de queries testadas: 1
2026-09-25 20:48:11,096 - INFO -    Queries com sucesso: 0
2026-09-25 20:48:11,111 - INFO -    🔤 Filtrando 500 repositórios por idioma (português)...
2026-09-25 20:48:12,461 - INFO -    ✅ Filtro de idioma: 368/500 repositórios mantidos (73.6% em português)
2026-09-25 20:48:12,461 - INFO - ✅ IFNMG: 368 repositórios em português
2026-09-25 20:48:12,461 - INFO -    Palavras-chave: ifnmg, sistema, primeiro, backend, campus, salinas, rest, para, site, yearbook
2026-09-25 20:48:15,462 - INFO - 
============================================================
2026-09-25 20:48:15,462 - INFO - 🏛️  Processando IFNMG - Campus Diamantina
2026-09-25 20:48:15,463 - INFO - ============================================================
2026-09-25 20:48:15,463 - INFO - 
🔄 Iteração 1/3 para IFNMG
2026-09-25 20:48:15,463 - INFO -   🔎 Testando: "ifnmg"
2026-09-25 20:48:30,812 - INFO -      ✅ 500 resultados (eficiência: 0.30)
2026-09-25 20:48:33,813 - INFO - 
🔄 Iteração 2/3 para IFNMG
2026-09-25 20:48:33,813 - INFO -   ⚠️ Sem novas queries para testar
2026-09-25 20:48:33,813 - INFO - 
📊 Métricas finais para IFNMG:
2026-09-25 20:48:33,813 - INFO -    Total de queries testadas: 1
2026-09-25 20:48:33,813 - INFO -    Queries com sucesso: 0
2026-09-25 20:48:33,829 - INFO -    🔤 Filtrando 500 repositórios por idioma (português)...
2026-09-25 20:48:35,158 - INFO -    ✅ Filtro de idioma: 368/500 repositórios mantidos (73.6% em português)
2026-09-25 20:48:35,158 - INFO - ✅ IFNMG: 368 repositórios em português
2026-09-25 20:48:35,159 - INFO -    Palavras-chave: ifnmg, sistema, primeiro, backend, campus, salinas, rest, para, site, yearbook
2026-09-25 20:48:38,159 - INFO - 
============================================================
2026-09-25 20:48:38,159 - INFO - 🏛️  Processando IFNMG - Campus Porteirinha
2026-09-25 20:48:38,160 - INFO - ============================================================
2026-09-25 20:48:38,160 - INFO - 
🔄 Iteração 1/3 para IFNMG
2026-09-25 20:48:38,160 - INFO -   🔎 Testando: "ifnmg"
2026-09-25 20:48:52,673 - INFO -      ✅ 500 resultados (eficiência: 0.30)
2026-09-25 20:48:55,674 - INFO - 
🔄 Iteração 2/3 para IFNMG
2026-09-25 20:48:55,674 - INFO -   ⚠️ Sem novas queries para testar
2026-09-25 20:48:55,674 - INFO - 
📊 Métricas finais para IFNMG:
2026-09-25 20:48:55,674 - INFO -    Total de queries testadas: 1
2026-09-25 20:48:55,674 - INFO -    Queries com sucesso: 0
2026-09-25 20:48:55,689 - INFO -    🔤 Filtrando 500 repositórios por idioma (português)...
2026-09-25 20:48:57,040 - INFO -    ✅ Filtro de idioma: 368/500 repositórios mantidos (73.6% em português)
2026-09-25 20:48:57,040 - INFO - ✅ IFNMG: 368 repositórios em português
2026-09-25 20:48:57,040 - INFO -    Palavras-chave: ifnmg, sistema, primeiro, backend, campus, salinas, rest, para, site, yearbook
2026-09-25 20:49:00,041 - INFO - 
============================================================
2026-09-25 20:49:00,041 - INFO - 🏛️  Processando IFNMG - Campus Rio Pardo de Minas
2026-09-25 20:49:00,041 - INFO - ============================================================
2026-09-25 20:49:00,041 - INFO - 
🔄 Iteração 1/3 para IFNMG
2026-09-25 20:49:00,041 - INFO -   🔎 Testando: "campus rio"
2026-09-25 20:49:04,727 - INFO -      ✅ 145 resultados (eficiência: 0.30)
2026-09-25 20:49:05,728 - INFO -   🔎 Testando: "ifnmg"
2026-09-25 20:49:21,891 - INFO -      ✅ 500 resultados (eficiência: 0.30)
2026-09-25 20:49:24,892 - INFO - 
🔄 Iteração 2/3 para IFNMG
2026-09-25 20:49:24,892 - INFO -   ⚠️ Sem novas queries para testar
2026-09-25 20:49:24,893 - INFO - 
📊 Métricas finais para IFNMG:
2026-09-25 20:49:24,893 - INFO -    Total de queries testadas: 2
2026-09-25 20:49:24,893 - INFO -    Queries com sucesso: 0
2026-09-25 20:49:24,914 - INFO -    🔤 Filtrando 645 repositórios por idioma (português)...
2026-09-25 20:49:26,552 - INFO -    ✅ Filtro de idioma: 509/645 repositórios mantidos (78.9% em português)
2026-09-25 20:49:26,552 - INFO - ✅ IFNMG: 509 repositórios em português
2026-09-25 20:49:26,552 - INFO -    Palavras-chave: ifnmg, primeiro, backend, sistemas, campus, salinas, federal, trabalho, curso, para
2026-09-25 20:49:29,553 - INFO - 
============================================================
2026-09-25 20:49:29,553 - INFO - 🏛️  Processando IFNMG - Campus Taiobeiras
2026-09-25 20:49:29,553 - INFO - ============================================================
2026-09-25 20:49:29,553 - INFO - 
🔄 Iteração 1/3 para IFNMG
2026-09-25 20:49:29,553 - INFO -   🔎 Testando: "ifnmg"
2026-09-25 20:49:44,632 - INFO -      ✅ 500 resultados (eficiência: 0.30)
2026-09-25 20:49:47,633 - INFO - 
🔄 Iteração 2/3 para IFNMG
2026-09-25 20:49:47,633 - INFO -   ⚠️ Sem novas queries para testar
2026-09-25 20:49:47,633 - INFO - 
📊 Métricas finais para IFNMG:
2026-09-25 20:49:47,634 - INFO -    Total de queries testadas: 1
2026-09-25 20:49:47,634 - INFO -    Queries com sucesso: 0
2026-09-25 20:49:47,650 - INFO -    🔤 Filtrando 500 repositórios por idioma (português)...
2026-09-25 20:49:48,971 - INFO -    ✅ Filtro de idioma: 368/500 repositórios mantidos (73.6% em português)
2026-09-25 20:49:48,972 - INFO - ✅ IFNMG: 368 repositórios em português
2026-09-25 20:49:48,972 - INFO -    Palavras-chave: ifnmg, sistema, primeiro, backend, campus, salinas, rest, para, site, yearbook
2026-09-25 20:49:51,972 - INFO - 
============================================================
2026-09-25 20:49:51,972 - INFO - 🏛️  Processando IFSULDEMINAS - Campus Inconfidentes
2026-09-25 20:49:51,972 - INFO - ============================================================
2026-09-25 20:49:51,972 - INFO - 
🔄 Iteração 1/3 para IFSULDEMINAS
2026-09-25 20:49:51,972 - INFO -   🔎 Testando: "ifsuldeminas"
2026-09-25 20:50:00,928 - INFO -      ✅ 280 resultados (eficiência: 0.30)
2026-09-25 20:50:03,929 - INFO - 
🔄 Iteração 2/3 para IFSULDEMINAS
2026-09-25 20:50:03,929 - INFO -   ⚠️ Sem novas queries para testar
2026-09-25 20:50:03,929 - INFO - 
📊 Métricas finais para IFSULDEMINAS:
2026-09-25 20:50:03,929 - INFO -    Total de queries testadas: 1
2026-09-25 20:50:03,929 - INFO -    Queries com sucesso: 0
2026-09-25 20:50:03,944 - INFO -    🔤 Filtrando 280 repositórios por idioma (português)...
2026-09-25 20:50:04,580 - INFO -    ✅ Filtro de idioma: 241/280 repositórios mantidos (86.1% em português)
2026-09-25 20:50:04,580 - INFO - ✅ IFSULDEMINAS: 241 repositórios em português
2026-09-25 20:50:04,580 - INFO -    Palavras-chave: caldas, machado, ifsuldeminas, desenvolvido, dados, sistemas, campus, trabalho, curso, para
2026-09-25 20:50:07,581 - INFO - 
============================================================
2026-09-25 20:50:07,581 - INFO - 🏛️  Processando IFSULDEMINAS - Campus Machado
2026-09-25 20:50:07,581 - INFO - ============================================================
2026-09-25 20:50:07,581 - INFO - 
🔄 Iteração 1/3 para IFSULDEMINAS
2026-09-25 20:50:07,581 - INFO -   🔎 Testando: "ifsuldeminas"
2026-09-25 20:50:16,549 - INFO -      ✅ 280 resultados (eficiência: 0.30)
2026-09-25 20:50:19,549 - INFO - 
🔄 Iteração 2/3 para IFSULDEMINAS
2026-09-25 20:50:19,550 - INFO -   ⚠️ Sem novas queries para testar
2026-09-25 20:50:19,550 - INFO - 
📊 Métricas finais para IFSULDEMINAS:
2026-09-25 20:50:19,550 - INFO -    Total de queries testadas: 1
2026-09-25 20:50:19,550 - INFO -    Queries com sucesso: 0
2026-09-25 20:50:19,563 - INFO -    🔤 Filtrando 280 repositórios por idioma (português)...
2026-09-25 20:50:20,204 - INFO -    ✅ Filtro de idioma: 241/280 repositórios mantidos (86.1% em português)
2026-09-25 20:50:20,204 - INFO - ✅ IFSULDEMINAS: 241 repositórios em português
2026-09-25 20:50:20,204 - INFO -    Palavras-chave: caldas, machado, ifsuldeminas, desenvolvido, dados, sistemas, campus, trabalho, curso, para
2026-09-25 20:50:23,205 - INFO - 
============================================================
2026-09-25 20:50:23,205 - INFO - 🏛️  Processando IFSULDEMINAS - Campus Muzambinho
2026-09-25 20:50:23,205 - INFO - ============================================================
2026-09-25 20:50:23,206 - INFO - 
🔄 Iteração 1/3 para IFSULDEMINAS
2026-09-25 20:50:23,206 - INFO -   🔎 Testando: "ifsuldeminas"
2026-09-25 20:50:31,479 - INFO -      ✅ 280 resultados (eficiência: 0.30)
2026-09-25 20:50:34,479 - INFO - 
🔄 Iteração 2/3 para IFSULDEMINAS
2026-09-25 20:50:34,480 - INFO -   ⚠️ Sem novas queries para testar
2026-09-25 20:50:34,480 - INFO - 
📊 Métricas finais para IFSULDEMINAS:
2026-09-25 20:50:34,480 - INFO -    Total de queries testadas: 1
2026-09-25 20:50:34,480 - INFO -    Queries com sucesso: 0
2026-09-25 20:50:34,496 - INFO -    🔤 Filtrando 280 repositórios por idioma (português)...
2026-09-25 20:50:35,135 - INFO -    ✅ Filtro de idioma: 241/280 repositórios mantidos (86.1% em português)
2026-09-25 20:50:35,135 - INFO - ✅ IFSULDEMINAS: 241 repositórios em português
2026-09-25 20:50:35,135 - INFO -    Palavras-chave: caldas, machado, ifsuldeminas, desenvolvido, dados, sistemas, campus, trabalho, curso, para
2026-09-25 20:50:38,136 - INFO - 
============================================================
2026-09-25 20:50:38,136 - INFO - 🏛️  Processando IFSULDEMINAS - Campus Poços de Caldas
2026-09-25 20:50:38,136 - INFO - ============================================================
2026-09-25 20:50:38,136 - INFO - 
🔄 Iteração 1/3 para IFSULDEMINAS
2026-09-25 20:50:38,136 - INFO -   🔎 Testando: "campus poços"
2026-09-25 20:50:39,294 - INFO -      ✅ 24 resultados (eficiência: 0.07)
2026-09-25 20:50:40,294 - INFO -   🔎 Testando: "ifsuldeminas"
2026-09-25 20:50:48,484 - INFO -      ✅ 280 resultados (eficiência: 0.30)
2026-09-25 20:50:51,485 - INFO - 
🔄 Iteração 2/3 para IFSULDEMINAS
2026-09-25 20:50:51,485 - INFO -   ⚠️ Sem novas queries para testar
2026-09-25 20:50:51,485 - INFO - 
📊 Métricas finais para IFSULDEMINAS:
2026-09-25 20:50:51,486 - INFO -    Total de queries testadas: 2
2026-09-25 20:50:51,486 - INFO -    Queries com sucesso: 0
2026-09-25 20:50:51,499 - INFO -    🔤 Filtrando 292 repositórios por idioma (português)...
2026-09-25 20:50:52,160 - INFO -    ✅ Filtro de idioma: 253/292 repositórios mantidos (86.6% em português)
2026-09-25 20:50:52,160 - INFO - ✅ IFSULDEMINAS: 253 repositórios em português
2026-09-25 20:50:52,160 - INFO -    Palavras-chave: caldas, machado, ifsuldeminas, desenvolvido, dados, sistemas, campus, trabalho, curso, para
2026-09-25 20:50:55,161 - INFO - 
============================================================
2026-09-25 20:50:55,161 - INFO - 🏛️  Processando IFSULDEMINAS - Campus Passos
2026-09-25 20:50:55,161 - INFO - ============================================================
2026-09-25 20:50:55,161 - INFO - 
🔄 Iteração 1/3 para IFSULDEMINAS
2026-09-25 20:50:55,161 - INFO -   🔎 Testando: "ifsuldeminas"
2026-09-25 20:51:03,375 - INFO -      ✅ 280 resultados (eficiência: 0.30)
2026-09-25 20:51:06,376 - INFO - 
🔄 Iteração 2/3 para IFSULDEMINAS
2026-09-25 20:51:06,376 - INFO -   ⚠️ Sem novas queries para testar
2026-09-25 20:51:06,376 - INFO - 
📊 Métricas finais para IFSULDEMINAS:
2026-09-25 20:51:06,376 - INFO -    Total de queries testadas: 1
2026-09-25 20:51:06,376 - INFO -    Queries com sucesso: 0
2026-09-25 20:51:06,390 - INFO -    🔤 Filtrando 280 repositórios por idioma (português)...
2026-09-25 20:51:07,036 - INFO -    ✅ Filtro de idioma: 241/280 repositórios mantidos (86.1% em português)
2026-09-25 20:51:07,036 - INFO - ✅ IFSULDEMINAS: 241 repositórios em português
2026-09-25 20:51:07,036 - INFO -    Palavras-chave: caldas, machado, ifsuldeminas, desenvolvido, dados, sistemas, campus, trabalho, curso, para
2026-09-25 20:51:10,037 - INFO - 
============================================================
2026-09-25 20:51:10,037 - INFO - 🏛️  Processando IFSULDEMINAS - Campus Três Corações
2026-09-25 20:51:10,037 - INFO - ============================================================
2026-09-25 20:51:10,037 - INFO - 
🔄 Iteração 1/3 para IFSULDEMINAS
2026-09-25 20:51:10,037 - INFO -   🔎 Testando: "campus três"
2026-09-25 20:51:10,715 - INFO -      ✅ 8 resultados (eficiência: 0.02)
2026-09-25 20:51:11,715 - INFO -   🔎 Testando: "ifsuldeminas"
2026-09-25 20:51:19,995 - INFO -      ✅ 280 resultados (eficiência: 0.30)
2026-09-25 20:51:22,996 - INFO - 
🔄 Iteração 2/3 para IFSULDEMINAS
2026-09-25 20:51:22,997 - INFO -   ⚠️ Sem novas queries para testar
2026-09-25 20:51:22,997 - INFO - 
📊 Métricas finais para IFSULDEMINAS:
2026-09-25 20:51:22,997 - INFO -    Total de queries testadas: 2
2026-09-25 20:51:22,997 - INFO -    Queries com sucesso: 0
2026-09-25 20:51:23,011 - INFO -    🔤 Filtrando 287 repositórios por idioma (português)...
2026-09-25 20:51:23,671 - INFO -    ✅ Filtro de idioma: 247/287 repositórios mantidos (86.1% em português)
2026-09-25 20:51:23,671 - INFO - ✅ IFSULDEMINAS: 247 repositórios em português
2026-09-25 20:51:23,671 - INFO -    Palavras-chave: caldas, machado, ifsuldeminas, desenvolvido, dados, sistemas, campus, trabalho, curso, para
2026-09-25 20:51:26,671 - INFO - 
============================================================
2026-09-25 20:51:26,672 - INFO - 🏛️  Processando IFSULDEMINAS - Campus Pouso Alegre
2026-09-25 20:51:26,672 - INFO - ============================================================
2026-09-25 20:51:26,672 - INFO - 
🔄 Iteração 1/3 para IFSULDEMINAS
2026-09-25 20:51:26,672 - INFO -   🔎 Testando: "campus pouso"
2026-09-25 20:51:27,107 - INFO -      ✅ 1 resultados (eficiência: 0.00)
2026-09-25 20:51:28,107 - INFO -   🔎 Testando: "ifsuldeminas"
2026-09-25 20:51:36,450 - INFO -      ✅ 280 resultados (eficiência: 0.30)
2026-09-25 20:51:39,451 - INFO - 
🔄 Iteração 2/3 para IFSULDEMINAS
2026-09-25 20:51:39,451 - INFO -   ⚠️ Sem novas queries para testar
2026-09-25 20:51:39,451 - INFO - 
📊 Métricas finais para IFSULDEMINAS:
2026-09-25 20:51:39,452 - INFO -    Total de queries testadas: 2
2026-09-25 20:51:39,452 - INFO -    Queries com sucesso: 0
2026-09-25 20:51:39,465 - INFO -    🔤 Filtrando 280 repositórios por idioma (português)...
2026-09-25 20:51:40,124 - INFO -    ✅ Filtro de idioma: 241/280 repositórios mantidos (86.1% em português)
2026-09-25 20:51:40,124 - INFO - ✅ IFSULDEMINAS: 241 repositórios em português
2026-09-25 20:51:40,124 - INFO -    Palavras-chave: caldas, machado, ifsuldeminas, desenvolvido, dados, sistemas, campus, trabalho, curso, para
2026-09-25 20:51:43,125 - INFO - 
============================================================
2026-09-25 20:51:43,125 - INFO - 🏛️  Processando IFGoiano - Campus Rio Verde
2026-09-25 20:51:43,126 - INFO - ============================================================
2026-09-25 20:51:43,126 - INFO - 
🔄 Iteração 1/3 para IFGoiano
2026-09-25 20:51:43,126 - INFO -   🔎 Testando: "campus rio"
2026-09-25 20:51:47,434 - INFO -      ✅ 145 resultados (eficiência: 0.30)
2026-09-25 20:51:48,435 - INFO -   🔎 Testando: "ifgoiano"
2026-09-25 20:51:52,319 - INFO -      ✅ 106 resultados (eficiência: 0.30)
2026-09-25 20:51:55,320 - INFO - 
🔄 Iteração 2/3 para IFGoiano
2026-09-25 20:51:55,320 - INFO -   ⚠️ Sem novas queries para testar
2026-09-25 20:51:55,320 - INFO - 
📊 Métricas finais para IFGoiano:
2026-09-25 20:51:55,320 - INFO -    Total de queries testadas: 2
2026-09-25 20:51:55,320 - INFO -    Queries com sucesso: 0
2026-09-25 20:51:55,333 - INFO -    🔤 Filtrando 250 repositórios por idioma (português)...
2026-09-25 20:51:55,925 - INFO -    ✅ Filtro de idioma: 224/250 repositórios mantidos (89.6% em português)
2026-09-25 20:51:55,925 - INFO - ✅ IFGoiano: 224 repositórios em português
2026-09-25 20:51:55,925 - INFO -    Palavras-chave: ifgoiano, dados, sistemas, campus, federal, universidade, trabalho, curso, para, campus rio
2026-09-25 20:51:58,926 - INFO - 
============================================================
2026-09-25 20:51:58,926 - INFO - 🏛️  Processando IFGoiano - Campus Ceres
2026-09-25 20:51:58,926 - INFO - ============================================================
2026-09-25 20:51:58,926 - INFO - 
🔄 Iteração 1/3 para IFGoiano
2026-09-25 20:51:58,926 - INFO -   🔎 Testando: "ifgoiano"
2026-09-25 20:52:03,186 - INFO -      ✅ 106 resultados (eficiência: 0.30)
2026-09-25 20:52:06,187 - INFO - 
🔄 Iteração 2/3 para IFGoiano
2026-09-25 20:52:06,187 - INFO -   ⚠️ Sem novas queries para testar
2026-09-25 20:52:06,188 - INFO - 
📊 Métricas finais para IFGoiano:
2026-09-25 20:52:06,188 - INFO -    Total de queries testadas: 1
2026-09-25 20:52:06,188 - INFO -    Queries com sucesso: 0
2026-09-25 20:52:06,196 - INFO -    🔤 Filtrando 106 repositórios por idioma (português)...
2026-09-25 20:52:06,457 - INFO -    ✅ Filtro de idioma: 84/106 repositórios mantidos (79.2% em português)
2026-09-25 20:52:06,457 - INFO - ✅ IFGoiano: 84 repositórios em português
2026-09-25 20:52:06,457 - INFO -    Palavras-chave: estrutura, ifgoiano, github, dados, sistemas, campus, orientada, curso, para, java
2026-09-25 20:52:09,458 - INFO - 
============================================================
2026-09-25 20:52:09,458 - INFO - 🏛️  Processando IFGoiano - Campus Urutaí
2026-09-25 20:52:09,458 - INFO - ============================================================
2026-09-25 20:52:09,458 - INFO - 
🔄 Iteração 1/3 para IFGoiano
2026-09-25 20:52:09,458 - INFO -   🔎 Testando: "ifgoiano"
2026-09-25 20:52:13,183 - INFO -      ✅ 106 resultados (eficiência: 0.30)
2026-09-25 20:52:16,183 - INFO - 
🔄 Iteração 2/3 para IFGoiano
2026-09-25 20:52:16,184 - INFO -   ⚠️ Sem novas queries para testar
2026-09-25 20:52:16,184 - INFO - 
📊 Métricas finais para IFGoiano:
2026-09-25 20:52:16,184 - INFO -    Total de queries testadas: 1
2026-09-25 20:52:16,184 - INFO -    Queries com sucesso: 0
2026-09-25 20:52:16,192 - INFO -    🔤 Filtrando 106 repositórios por idioma (português)...
2026-09-25 20:52:16,456 - INFO -    ✅ Filtro de idioma: 84/106 repositórios mantidos (79.2% em português)
2026-09-25 20:52:16,456 - INFO - ✅ IFGoiano: 84 repositórios em português
2026-09-25 20:52:16,456 - INFO -    Palavras-chave: estrutura, ifgoiano, github, dados, sistemas, campus, orientada, curso, para, java
2026-09-25 20:52:19,457 - INFO - 
============================================================
2026-09-25 20:52:19,457 - INFO - 🏛️  Processando IFGoiano - Campus Iporá
2026-09-25 20:52:19,457 - INFO - ============================================================
2026-09-25 20:52:19,457 - INFO - 
🔄 Iteração 1/3 para IFGoiano
2026-09-25 20:52:19,457 - INFO -   🔎 Testando: "ifgoiano"
2026-09-25 20:52:22,506 - INFO -      ✅ 106 resultados (eficiência: 0.30)
2026-09-25 20:52:25,506 - INFO - 
🔄 Iteração 2/3 para IFGoiano
2026-09-25 20:52:25,507 - INFO -   ⚠️ Sem novas queries para testar
2026-09-25 20:52:25,507 - INFO - 
📊 Métricas finais para IFGoiano:
2026-09-25 20:52:25,507 - INFO -    Total de queries testadas: 1
2026-09-25 20:52:25,507 - INFO -    Queries com sucesso: 0
2026-09-25 20:52:25,515 - INFO -    🔤 Filtrando 106 repositórios por idioma (português)...
2026-09-25 20:52:25,775 - INFO -    ✅ Filtro de idioma: 84/106 repositórios mantidos (79.2% em português)
2026-09-25 20:52:25,775 - INFO - ✅ IFGoiano: 84 repositórios em português
2026-09-25 20:52:25,775 - INFO -    Palavras-chave: estrutura, ifgoiano, github, dados, sistemas, campus, orientada, curso, para, java
2026-09-25 20:52:28,776 - INFO - 
============================================================
2026-09-25 20:52:28,776 - INFO - 🏛️  Processando IFGoiano - Campus Morrinhos
2026-09-25 20:52:28,776 - INFO - ============================================================
2026-09-25 20:52:28,776 - INFO - 
🔄 Iteração 1/3 para IFGoiano
2026-09-25 20:52:28,776 - INFO -   🔎 Testando: "ifgoiano"
2026-09-25 20:52:32,163 - INFO -      ✅ 106 resultados (eficiência: 0.30)
2026-09-25 20:52:35,164 - INFO - 
🔄 Iteração 2/3 para IFGoiano
2026-09-25 20:52:35,164 - INFO -   ⚠️ Sem novas queries para testar
2026-09-25 20:52:35,165 - INFO - 
📊 Métricas finais para IFGoiano:
2026-09-25 20:52:35,165 - INFO -    Total de queries testadas: 1
2026-09-25 20:52:35,165 - INFO -    Queries com sucesso: 0
2026-09-25 20:52:35,173 - INFO -    🔤 Filtrando 106 repositórios por idioma (português)...
2026-09-25 20:52:35,436 - INFO -    ✅ Filtro de idioma: 84/106 repositórios mantidos (79.2% em português)
2026-09-25 20:52:35,436 - INFO - ✅ IFGoiano: 84 repositórios em português
2026-09-25 20:52:35,436 - INFO -    Palavras-chave: estrutura, ifgoiano, github, dados, sistemas, campus, orientada, curso, para, java
2026-09-25 20:52:38,436 - INFO - 
============================================================
2026-09-25 20:52:38,437 - INFO - 🏛️  Processando IFGoiano - Campus Campos Belos
2026-09-25 20:52:38,437 - INFO - ============================================================
2026-09-25 20:52:38,437 - INFO - 
🔄 Iteração 1/3 para IFGoiano
2026-09-25 20:52:38,437 - INFO -   🔎 Testando: "campus campos"
2026-09-25 20:52:40,024 - INFO -      ✅ 57 resultados (eficiência: 0.17)
2026-09-25 20:52:41,025 - INFO -   🔎 Testando: "ifgoiano"
2026-09-25 20:52:44,301 - INFO -      ✅ 106 resultados (eficiência: 0.30)
2026-09-25 20:52:47,302 - INFO - 
🔄 Iteração 2/3 para IFGoiano
2026-09-25 20:52:47,302 - INFO -   ⚠️ Sem novas queries para testar
2026-09-25 20:52:47,302 - INFO - 
📊 Métricas finais para IFGoiano:
2026-09-25 20:52:47,302 - INFO -    Total de queries testadas: 2
2026-09-25 20:52:47,302 - INFO -    Queries com sucesso: 0
2026-09-25 20:52:47,313 - INFO -    🔤 Filtrando 160 repositórios por idioma (português)...
2026-09-25 20:52:47,667 - INFO -    ✅ Filtro de idioma: 136/160 repositórios mantidos (85.0% em português)
2026-09-25 20:52:47,668 - INFO - ✅ IFGoiano: 136 repositórios em português
2026-09-25 20:52:47,668 - INFO -    Palavras-chave: utfpr, campo, ifgoiano, sistema, dados, sistemas, campus, federal, centro, curso
2026-09-25 20:52:50,668 - INFO - 
============================================================
2026-09-25 20:52:50,669 - INFO - 🏛️  Processando IFGoiano - Campus Cristalina
2026-09-25 20:52:50,669 - INFO - ============================================================
2026-09-25 20:52:50,669 - INFO - 
🔄 Iteração 1/3 para IFGoiano
2026-09-25 20:52:50,669 - INFO -   🔎 Testando: "ifgoiano"
2026-09-25 20:52:54,562 - INFO -      ✅ 106 resultados (eficiência: 0.30)
2026-09-25 20:52:57,562 - INFO - 
🔄 Iteração 2/3 para IFGoiano
2026-09-25 20:52:57,563 - INFO -   ⚠️ Sem novas queries para testar
2026-09-25 20:52:57,563 - INFO - 
📊 Métricas finais para IFGoiano:
2026-09-25 20:52:57,563 - INFO -    Total de queries testadas: 1
2026-09-25 20:52:57,563 - INFO -    Queries com sucesso: 0
2026-09-25 20:52:57,575 - INFO -    🔤 Filtrando 106 repositórios por idioma (português)...
2026-09-25 20:52:57,842 - INFO -    ✅ Filtro de idioma: 84/106 repositórios mantidos (79.2% em português)
2026-09-25 20:52:57,842 - INFO - ✅ IFGoiano: 84 repositórios em português
2026-09-25 20:52:57,843 - INFO -    Palavras-chave: estrutura, ifgoiano, github, dados, sistemas, campus, orientada, curso, para, java
2026-09-25 20:53:00,843 - INFO - 
============================================================
2026-09-25 20:53:00,844 - INFO - 🏛️  Processando IFGoiano - Campus Hidrolândia
2026-09-25 20:53:00,844 - INFO - ============================================================
2026-09-25 20:53:00,844 - INFO - 
🔄 Iteração 1/3 para IFGoiano
2026-09-25 20:53:00,844 - INFO -   🔎 Testando: "ifgoiano"
2026-09-25 20:53:03,817 - INFO -      ✅ 106 resultados (eficiência: 0.30)
2026-09-25 20:53:06,818 - INFO - 
🔄 Iteração 2/3 para IFGoiano
2026-09-25 20:53:06,818 - INFO -   ⚠️ Sem novas queries para testar
2026-09-25 20:53:06,819 - INFO - 
📊 Métricas finais para IFGoiano:
2026-09-25 20:53:06,819 - INFO -    Total de queries testadas: 1
2026-09-25 20:53:06,819 - INFO -    Queries com sucesso: 0
2026-09-25 20:53:06,827 - INFO -    🔤 Filtrando 106 repositórios por idioma (português)...
2026-09-25 20:53:07,090 - INFO -    ✅ Filtro de idioma: 84/106 repositórios mantidos (79.2% em português)
2026-09-25 20:53:07,090 - INFO - ✅ IFGoiano: 84 repositórios em português
2026-09-25 20:53:07,090 - INFO -    Palavras-chave: estrutura, ifgoiano, github, dados, sistemas, campus, orientada, curso, para, java
2026-09-25 20:53:10,091 - INFO - 
============================================================
2026-09-25 20:53:10,091 - INFO - 🏛️  Processando IFGoiano - Campus Posse
2026-09-25 20:53:10,091 - INFO - ============================================================
2026-09-25 20:53:10,091 - INFO - 
🔄 Iteração 1/3 para IFGoiano
2026-09-25 20:53:10,091 - INFO -   🔎 Testando: "ifgoiano"
2026-09-25 20:53:13,872 - INFO -      ✅ 106 resultados (eficiência: 0.30)
2026-09-25 20:53:16,873 - INFO - 
🔄 Iteração 2/3 para IFGoiano
2026-09-25 20:53:16,873 - INFO -   ⚠️ Sem novas queries para testar
2026-09-25 20:53:16,873 - INFO - 
📊 Métricas finais para IFGoiano:
2026-09-25 20:53:16,873 - INFO -    Total de queries testadas: 1
2026-09-25 20:53:16,873 - INFO -    Queries com sucesso: 0
2026-09-25 20:53:16,880 - INFO -    🔤 Filtrando 106 repositórios por idioma (português)...
2026-09-25 20:53:17,143 - INFO -    ✅ Filtro de idioma: 84/106 repositórios mantidos (79.2% em português)
2026-09-25 20:53:17,143 - INFO - ✅ IFGoiano: 84 repositórios em português
2026-09-25 20:53:17,143 - INFO -    Palavras-chave: estrutura, ifgoiano, github, dados, sistemas, campus, orientada, curso, para, java
2026-09-25 20:53:20,144 - INFO - 
============================================================
2026-09-25 20:53:20,144 - INFO - 🏛️  Processando IFG - Campus Goiânia
2026-09-25 20:53:20,144 - INFO - ============================================================
2026-09-25 20:53:20,144 - INFO - 
🔄 Iteração 1/3 para IFG
2026-09-25 20:53:20,144 - INFO -   🔎 Testando: "ifg"
2026-09-25 20:53:36,670 - INFO -      ✅ 500 resultados (eficiência: 0.30)
2026-09-25 20:53:39,671 - INFO - 
🔄 Iteração 2/3 para IFG
2026-09-25 20:53:39,671 - INFO -   ⚠️ Sem novas queries para testar
2026-09-25 20:53:39,671 - INFO - 
📊 Métricas finais para IFG:
2026-09-25 20:53:39,671 - INFO -    Total de queries testadas: 1
2026-09-25 20:53:39,672 - INFO -    Queries com sucesso: 0
2026-09-25 20:53:39,690 - INFO -    🔤 Filtrando 500 repositórios por idioma (português)...
2026-09-25 20:53:40,629 - INFO -    ✅ Filtro de idioma: 323/500 repositórios mantidos (64.6% em português)
2026-09-25 20:53:40,629 - INFO - ✅ IFG: 323 repositórios em português
2026-09-25 20:53:40,629 - INFO -    Palavras-chave: python, github, content, trabalho, ifg, ifgram, para, data, java, with
2026-09-25 20:53:43,630 - INFO - 
============================================================
2026-09-25 20:53:43,630 - INFO - 🏛️  Processando IFG - Campus Luziânia
2026-09-25 20:53:43,630 - INFO - ============================================================
2026-09-25 20:53:43,630 - INFO - 
🔄 Iteração 1/3 para IFG
2026-09-25 20:53:43,631 - INFO -   🔎 Testando: "ifg"
2026-09-25 20:53:59,278 - INFO -      ✅ 500 resultados (eficiência: 0.30)
2026-09-25 20:54:02,279 - INFO - 
🔄 Iteração 2/3 para IFG
2026-09-25 20:54:02,279 - INFO -   ⚠️ Sem novas queries para testar
2026-09-25 20:54:02,280 - INFO - 
📊 Métricas finais para IFG:
2026-09-25 20:54:02,280 - INFO -    Total de queries testadas: 1
2026-09-25 20:54:02,280 - INFO -    Queries com sucesso: 0
2026-09-25 20:54:02,293 - INFO -    🔤 Filtrando 500 repositórios por idioma (português)...
2026-09-25 20:54:03,226 - INFO -    ✅ Filtro de idioma: 323/500 repositórios mantidos (64.6% em português)
2026-09-25 20:54:03,226 - INFO - ✅ IFG: 323 repositórios em português
2026-09-25 20:54:03,226 - INFO -    Palavras-chave: python, github, content, trabalho, ifg, ifgram, para, data, java, with
2026-09-25 20:54:06,226 - INFO - 
============================================================
2026-09-25 20:54:06,227 - INFO - 🏛️  Processando IFG - Campus Jataí
2026-09-25 20:54:06,227 - INFO - ============================================================
2026-09-25 20:54:06,227 - INFO - 
🔄 Iteração 1/3 para IFG
2026-09-25 20:54:06,227 - INFO -   🔎 Testando: "ifg"
2026-09-25 20:54:21,913 - INFO -      ✅ 500 resultados (eficiência: 0.30)
2026-09-25 20:54:24,914 - INFO - 
🔄 Iteração 2/3 para IFG
2026-09-25 20:54:24,914 - INFO -   ⚠️ Sem novas queries para testar
2026-09-25 20:54:24,915 - INFO - 
📊 Métricas finais para IFG:
2026-09-25 20:54:24,915 - INFO -    Total de queries testadas: 1
2026-09-25 20:54:24,915 - INFO -    Queries com sucesso: 0
2026-09-25 20:54:24,928 - INFO -    🔤 Filtrando 500 repositórios por idioma (português)...
2026-09-25 20:54:25,842 - INFO -    ✅ Filtro de idioma: 323/500 repositórios mantidos (64.6% em português)
2026-09-25 20:54:25,842 - INFO - ✅ IFG: 323 repositórios em português
2026-09-25 20:54:25,842 - INFO -    Palavras-chave: python, github, content, trabalho, ifg, ifgram, para, data, java, with
2026-09-25 20:54:28,842 - INFO - 
============================================================
2026-09-25 20:54:28,842 - INFO - 🏛️  Processando IFG - Campus Inhumas
2026-09-25 20:54:28,842 - INFO - ============================================================
2026-09-25 20:54:28,843 - INFO - 
🔄 Iteração 1/3 para IFG
2026-09-25 20:54:28,843 - INFO -   🔎 Testando: "ifg"
2026-09-25 20:54:45,602 - INFO -      ✅ 500 resultados (eficiência: 0.30)
2026-09-25 20:54:48,603 - INFO - 
🔄 Iteração 2/3 para IFG
2026-09-25 20:54:48,603 - INFO -   ⚠️ Sem novas queries para testar
2026-09-25 20:54:48,604 - INFO - 
📊 Métricas finais para IFG:
2026-09-25 20:54:48,604 - INFO -    Total de queries testadas: 1
2026-09-25 20:54:48,604 - INFO -    Queries com sucesso: 0
2026-09-25 20:54:48,616 - INFO -    🔤 Filtrando 500 repositórios por idioma (português)...
2026-09-25 20:54:49,554 - INFO -    ✅ Filtro de idioma: 323/500 repositórios mantidos (64.6% em português)
2026-09-25 20:54:49,555 - INFO - ✅ IFG: 323 repositórios em português
2026-09-25 20:54:49,555 - INFO -    Palavras-chave: python, github, content, trabalho, ifg, ifgram, para, data, java, with
2026-09-25 20:54:52,555 - INFO - 
============================================================
2026-09-25 20:54:52,555 - INFO - 🏛️  Processando IFG - Campus Itumbiara
2026-09-25 20:54:52,556 - INFO - ============================================================
2026-09-25 20:54:52,556 - INFO - 
🔄 Iteração 1/3 para IFG
2026-09-25 20:54:52,556 - INFO -   🔎 Testando: "ifg"
2026-09-25 20:55:07,853 - INFO -      ✅ 500 resultados (eficiência: 0.30)
2026-09-25 20:55:10,854 - INFO - 
🔄 Iteração 2/3 para IFG
2026-09-25 20:55:10,854 - INFO -   ⚠️ Sem novas queries para testar
2026-09-25 20:55:10,855 - INFO - 
📊 Métricas finais para IFG:
2026-09-25 20:55:10,855 - INFO -    Total de queries testadas: 1
2026-09-25 20:55:10,855 - INFO -    Queries com sucesso: 0
2026-09-25 20:55:10,870 - INFO -    🔤 Filtrando 500 repositórios por idioma (português)...
2026-09-25 20:55:11,791 - INFO -    ✅ Filtro de idioma: 323/500 repositórios mantidos (64.6% em português)
2026-09-25 20:55:11,791 - INFO - ✅ IFG: 323 repositórios em português
2026-09-25 20:55:11,791 - INFO -    Palavras-chave: python, github, content, trabalho, ifg, ifgram, para, data, java, with
2026-09-25 20:55:14,792 - INFO - 
============================================================
2026-09-25 20:55:14,792 - INFO - 🏛️  Processando IFG - Campus Uruaçu
2026-09-25 20:55:14,792 - INFO - ============================================================
2026-09-25 20:55:14,792 - INFO - 
🔄 Iteração 1/3 para IFG
2026-09-25 20:55:14,792 - INFO -   🔎 Testando: "ifg"
2026-09-25 20:55:30,417 - INFO -      ✅ 500 resultados (eficiência: 0.30)
2026-09-25 20:55:33,418 - INFO - 
🔄 Iteração 2/3 para IFG
2026-09-25 20:55:33,418 - INFO -   ⚠️ Sem novas queries para testar
2026-09-25 20:55:33,418 - INFO - 
📊 Métricas finais para IFG:
2026-09-25 20:55:33,419 - INFO -    Total de queries testadas: 1
2026-09-25 20:55:33,419 - INFO -    Queries com sucesso: 0
2026-09-25 20:55:33,433 - INFO -    🔤 Filtrando 500 repositórios por idioma (português)...
2026-09-25 20:55:34,369 - INFO -    ✅ Filtro de idioma: 323/500 repositórios mantidos (64.6% em português)
2026-09-25 20:55:34,369 - INFO - ✅ IFG: 323 repositórios em português
2026-09-25 20:55:34,369 - INFO -    Palavras-chave: python, github, content, trabalho, ifg, ifgram, para, data, java, with
2026-09-25 20:55:37,370 - INFO - 
============================================================
2026-09-25 20:55:37,370 - INFO - 🏛️  Processando IFG - Campus Formosa
2026-09-25 20:55:37,370 - INFO - ============================================================
2026-09-25 20:55:37,370 - INFO - 
🔄 Iteração 1/3 para IFG
2026-09-25 20:55:37,370 - INFO -   🔎 Testando: "ifg"
2026-09-25 20:55:52,735 - INFO -      ✅ 500 resultados (eficiência: 0.30)
2026-09-25 20:55:55,735 - INFO - 
🔄 Iteração 2/3 para IFG
2026-09-25 20:55:55,736 - INFO -   ⚠️ Sem novas queries para testar
2026-09-25 20:55:55,736 - INFO - 
📊 Métricas finais para IFG:
2026-09-25 20:55:55,736 - INFO -    Total de queries testadas: 1
2026-09-25 20:55:55,736 - INFO -    Queries com sucesso: 0
2026-09-25 20:55:55,749 - INFO -    🔤 Filtrando 500 repositórios por idioma (português)...
2026-09-25 20:55:56,675 - INFO -    ✅ Filtro de idioma: 323/500 repositórios mantidos (64.6% em português)
2026-09-25 20:55:56,675 - INFO - ✅ IFG: 323 repositórios em português
2026-09-25 20:55:56,675 - INFO -    Palavras-chave: python, github, content, trabalho, ifg, ifgram, para, data, java, with
2026-09-25 20:55:59,676 - INFO - 
============================================================
2026-09-25 20:55:59,676 - INFO - 🏛️  Processando IFG - Campus Anápolis
2026-09-25 20:55:59,676 - INFO - ============================================================
2026-09-25 20:55:59,676 - INFO - 
🔄 Iteração 1/3 para IFG
2026-09-25 20:55:59,676 - INFO -   🔎 Testando: "ifg"
2026-09-25 20:56:15,380 - INFO -      ✅ 500 resultados (eficiência: 0.30)
2026-09-25 20:56:18,381 - INFO - 
🔄 Iteração 2/3 para IFG
2026-09-25 20:56:18,381 - INFO -   ⚠️ Sem novas queries para testar
2026-09-25 20:56:18,381 - INFO - 
📊 Métricas finais para IFG:
2026-09-25 20:56:18,381 - INFO -    Total de queries testadas: 1
2026-09-25 20:56:18,381 - INFO -    Queries com sucesso: 0
2026-09-25 20:56:18,393 - INFO -    🔤 Filtrando 500 repositórios por idioma (português)...
2026-09-25 20:56:19,329 - INFO -    ✅ Filtro de idioma: 323/500 repositórios mantidos (64.6% em português)
2026-09-25 20:56:19,329 - INFO - ✅ IFG: 323 repositórios em português
2026-09-25 20:56:19,329 - INFO -    Palavras-chave: python, github, content, trabalho, ifg, ifgram, para, data, java, with
2026-09-25 20:56:22,330 - INFO - 
============================================================
2026-09-25 20:56:22,330 - INFO - 🏛️  Processando IFG - Campus Águas Lindas
2026-09-25 20:56:22,330 - INFO - ============================================================
2026-09-25 20:56:22,330 - INFO - 
🔄 Iteração 1/3 para IFG
2026-09-25 20:56:22,330 - INFO -   🔎 Testando: "ifg"
2026-09-25 20:56:37,973 - INFO -      ✅ 500 resultados (eficiência: 0.30)
2026-09-25 20:56:38,973 - INFO -   🔎 Testando: "campus águas"
2026-09-25 20:56:39,399 - INFO -      ✅ 1 resultados (eficiência: 0.00)
2026-09-25 20:56:42,399 - INFO - 
🔄 Iteração 2/3 para IFG
2026-09-25 20:56:42,400 - INFO -   ⚠️ Sem novas queries para testar
2026-09-25 20:56:42,400 - INFO - 
📊 Métricas finais para IFG:
2026-09-25 20:56:42,400 - INFO -    Total de queries testadas: 2
2026-09-25 20:56:42,400 - INFO -    Queries com sucesso: 0
2026-09-25 20:56:42,413 - INFO -    🔤 Filtrando 501 repositórios por idioma (português)...
2026-09-25 20:56:43,336 - INFO -    ✅ Filtro de idioma: 324/501 repositórios mantidos (64.7% em português)
2026-09-25 20:56:43,336 - INFO - ✅ IFG: 324 repositórios em português
2026-09-25 20:56:43,336 - INFO -    Palavras-chave: python, github, content, trabalho, ifg, ifgram, para, data, java, with
2026-09-25 20:56:46,336 - INFO - 
============================================================
2026-09-25 20:56:46,337 - INFO - 🏛️  Processando IFG - Campus Aparecida de Goiânia
2026-09-25 20:56:46,337 - INFO - ============================================================
2026-09-25 20:56:46,337 - INFO - 
🔄 Iteração 1/3 para IFG
2026-09-25 20:56:46,337 - INFO -   🔎 Testando: "ifg"
2026-09-25 20:57:01,675 - INFO -      ✅ 500 resultados (eficiência: 0.30)
2026-09-25 20:57:02,675 - INFO -   🔎 Testando: "campus aparecida"
2026-09-25 20:57:03,046 - INFO -      ✅ 0 resultados (eficiência: 0.00)
2026-09-25 20:57:06,046 - INFO - 
🔄 Iteração 2/3 para IFG
2026-09-25 20:57:06,047 - INFO -   ⚠️ Sem novas queries para testar
2026-09-25 20:57:06,047 - INFO - 
📊 Métricas finais para IFG:
2026-09-25 20:57:06,047 - INFO -    Total de queries testadas: 2
2026-09-25 20:57:06,047 - INFO -    Queries com sucesso: 0
2026-09-25 20:57:06,061 - INFO -    🔤 Filtrando 500 repositórios por idioma (português)...
2026-09-25 20:57:07,006 - INFO -    ✅ Filtro de idioma: 323/500 repositórios mantidos (64.6% em português)
2026-09-25 20:57:07,006 - INFO - ✅ IFG: 323 repositórios em português
2026-09-25 20:57:07,007 - INFO -    Palavras-chave: python, github, content, trabalho, ifg, ifgram, para, data, java, with
2026-09-25 20:57:10,007 - INFO - 
============================================================
2026-09-25 20:57:10,007 - INFO - 🏛️  Processando IFG - Campus Cidade de Goiás
2026-09-25 20:57:10,007 - INFO - ============================================================
2026-09-25 20:57:10,007 - INFO - 
🔄 Iteração 1/3 para IFG
2026-09-25 20:57:10,008 - INFO -   🔎 Testando: "ifg"
2026-09-25 20:57:25,318 - INFO -      ✅ 500 resultados (eficiência: 0.30)
2026-09-25 20:57:26,319 - INFO -   🔎 Testando: "campus cidade"
2026-09-25 20:57:26,680 - INFO -      ✅ 0 resultados (eficiência: 0.00)
2026-09-25 20:57:29,681 - INFO - 
🔄 Iteração 2/3 para IFG
2026-09-25 20:57:29,681 - INFO -   ⚠️ Sem novas queries para testar
2026-09-25 20:57:29,681 - INFO - 
📊 Métricas finais para IFG:
2026-09-25 20:57:29,681 - INFO -    Total de queries testadas: 2
2026-09-25 20:57:29,681 - INFO -    Queries com sucesso: 0
2026-09-25 20:57:29,695 - INFO -    🔤 Filtrando 500 repositórios por idioma (português)...
2026-09-25 20:57:30,613 - INFO -    ✅ Filtro de idioma: 323/500 repositórios mantidos (64.6% em português)
2026-09-25 20:57:30,613 - INFO - ✅ IFG: 323 repositórios em português
2026-09-25 20:57:30,613 - INFO -    Palavras-chave: python, github, content, trabalho, ifg, ifgram, para, data, java, with
2026-09-25 20:57:33,614 - INFO - 
============================================================
2026-09-25 20:57:33,614 - INFO - 🏛️  Processando IFG - Campus Goiânia Oeste
2026-09-25 20:57:33,614 - INFO - ============================================================
2026-09-25 20:57:33,614 - INFO - 
🔄 Iteração 1/3 para IFG
2026-09-25 20:57:33,615 - INFO -   🔎 Testando: "ifg"
2026-09-25 20:57:48,997 - INFO -      ✅ 500 resultados (eficiência: 0.30)
2026-09-25 20:57:49,998 - INFO -   🔎 Testando: "campus goiânia"
2026-09-25 20:57:50,879 - INFO -      ✅ 10 resultados (eficiência: 0.03)
2026-09-25 20:57:53,879 - INFO - 
🔄 Iteração 2/3 para IFG
2026-09-25 20:57:53,880 - INFO -   ⚠️ Sem novas queries para testar
2026-09-25 20:57:53,880 - INFO - 
📊 Métricas finais para IFG:
2026-09-25 20:57:53,880 - INFO -    Total de queries testadas: 2
2026-09-25 20:57:53,880 - INFO -    Queries com sucesso: 0
2026-09-25 20:57:53,894 - INFO -    🔤 Filtrando 510 repositórios por idioma (português)...
2026-09-25 20:57:54,869 - INFO -    ✅ Filtro de idioma: 333/510 repositórios mantidos (65.3% em português)
2026-09-25 20:57:54,869 - INFO - ✅ IFG: 333 repositórios em português
2026-09-25 20:57:54,869 - INFO -    Palavras-chave: github, content, trabalho, campus, ifg, ifgram, curso, para, data, with
2026-09-25 20:57:57,870 - INFO - 
============================================================
2026-09-25 20:57:57,870 - INFO - 🏛️  Processando IFG - Campus Senador Canedo
2026-09-25 20:57:57,870 - INFO - ============================================================
2026-09-25 20:57:57,870 - INFO - 
🔄 Iteração 1/3 para IFG
2026-09-25 20:57:57,870 - INFO -   🔎 Testando: "campus senador"
2026-09-25 20:57:58,470 - INFO -      ✅ 1 resultados (eficiência: 0.00)
2026-09-25 20:57:59,470 - INFO -   🔎 Testando: "ifg"
2026-09-25 20:58:15,269 - INFO -      ✅ 500 resultados (eficiência: 0.30)
2026-09-25 20:58:18,269 - INFO - 
🔄 Iteração 2/3 para IFG
2026-09-25 20:58:18,270 - INFO -   ⚠️ Sem novas queries para testar
2026-09-25 20:58:18,270 - INFO - 
📊 Métricas finais para IFG:
2026-09-25 20:58:18,270 - INFO -    Total de queries testadas: 2
2026-09-25 20:58:18,270 - INFO -    Queries com sucesso: 0
2026-09-25 20:58:18,283 - INFO -    🔤 Filtrando 501 repositórios por idioma (português)...
2026-09-25 20:58:19,217 - INFO -    ✅ Filtro de idioma: 324/501 repositórios mantidos (64.7% em português)
2026-09-25 20:58:19,217 - INFO - ✅ IFG: 324 repositórios em português
2026-09-25 20:58:19,217 - INFO -    Palavras-chave: python, github, content, trabalho, ifg, ifgram, para, data, java, with
2026-09-25 20:58:22,218 - INFO - 
============================================================
2026-09-25 20:58:22,218 - INFO - 🏛️  Processando IFG - Campus Valparaíso
2026-09-25 20:58:22,218 - INFO - ============================================================
2026-09-25 20:58:22,218 - INFO - 
🔄 Iteração 1/3 para IFG
2026-09-25 20:58:22,218 - INFO -   🔎 Testando: "ifg"
2026-09-25 20:58:37,400 - INFO -      ✅ 500 resultados (eficiência: 0.30)
2026-09-25 20:58:40,401 - INFO - 
🔄 Iteração 2/3 para IFG
2026-09-25 20:58:40,401 - INFO -   ⚠️ Sem novas queries para testar
2026-09-25 20:58:40,401 - INFO - 
📊 Métricas finais para IFG:
2026-09-25 20:58:40,401 - INFO -    Total de queries testadas: 1
2026-09-25 20:58:40,401 - INFO -    Queries com sucesso: 0
2026-09-25 20:58:40,415 - INFO -    🔤 Filtrando 500 repositórios por idioma (português)...
2026-09-25 20:58:41,367 - INFO -    ✅ Filtro de idioma: 323/500 repositórios mantidos (64.6% em português)
2026-09-25 20:58:41,367 - INFO - ✅ IFG: 323 repositórios em português
2026-09-25 20:58:41,367 - INFO -    Palavras-chave: python, github, content, trabalho, ifg, ifgram, para, data, java, with
2026-09-25 20:58:44,368 - INFO - 
============================================================
2026-09-25 20:58:44,368 - INFO - 🏛️  Processando IFSEMG - Campus Juiz de Fora
2026-09-25 20:58:44,368 - INFO - ============================================================
2026-09-25 20:58:44,368 - INFO - 
🔄 Iteração 1/3 para IFSEMG
2026-09-25 20:58:44,369 - INFO -   🔎 Testando: "ifsemg"
2026-09-25 20:58:45,248 - INFO -      ✅ 23 resultados (eficiência: 0.07)
2026-09-25 20:58:46,249 - INFO -   🔎 Testando: "campus juiz"
2026-09-25 20:58:47,170 - INFO -      ✅ 16 resultados (eficiência: 0.05)
2026-09-25 20:58:50,171 - INFO - 
🔄 Iteração 2/3 para IFSEMG
2026-09-25 20:58:50,171 - INFO -   ⚠️ Sem novas queries para testar
2026-09-25 20:58:50,171 - INFO - 
📊 Métricas finais para IFSEMG:
2026-09-25 20:58:50,171 - INFO -    Total de queries testadas: 2
2026-09-25 20:58:50,171 - INFO -    Queries com sucesso: 0
2026-09-25 20:58:50,178 - INFO -    🔤 Filtrando 38 repositórios por idioma (português)...
2026-09-25 20:58:50,247 - INFO -    ✅ Filtro de idioma: 36/38 repositórios mantidos (94.7% em português)
2026-09-25 20:58:50,248 - INFO - ✅ IFSEMG: 36 repositórios em português
2026-09-25 20:58:50,248 - INFO -    Palavras-chave: juiz, sistema, sistemas, campus, trabalho, sudeste, curso, para, fora, linguagem
2026-09-25 20:58:53,248 - INFO - 
============================================================
2026-09-25 20:58:53,249 - INFO - 🏛️  Processando IFSEMG - Campus Muriaé
2026-09-25 20:58:53,249 - INFO - ============================================================
2026-09-25 20:58:53,249 - INFO - 
🔄 Iteração 1/3 para IFSEMG
2026-09-25 20:58:53,249 - INFO -   🔎 Testando: "ifsemg"
2026-09-25 20:58:53,932 - INFO -      ✅ 23 resultados (eficiência: 0.07)
2026-09-25 20:58:56,933 - INFO - 
🔄 Iteração 2/3 para IFSEMG
2026-09-25 20:58:56,933 - INFO -   ⚠️ Sem novas queries para testar
2026-09-25 20:58:56,933 - INFO - 
📊 Métricas finais para IFSEMG:
2026-09-25 20:58:56,933 - INFO -    Total de queries testadas: 1
2026-09-25 20:58:56,933 - INFO -    Queries com sucesso: 0
2026-09-25 20:58:56,939 - INFO -    🔤 Filtrando 23 repositórios por idioma (português)...
2026-09-25 20:58:56,984 - INFO -    ✅ Filtro de idioma: 21/23 repositórios mantidos (91.3% em português)
2026-09-25 20:58:56,984 - INFO - ✅ IFSEMG: 21 repositórios em português
2026-09-25 20:58:56,984 - INFO -    Palavras-chave: python, ionic, sistemas, campus, trabalho, sudeste, curso, java, para, linguagem
2026-09-25 20:58:59,985 - INFO - 
============================================================
2026-09-25 20:58:59,985 - INFO - 🏛️  Processando IFSEMG - Campus Rio Pomba
2026-09-25 20:58:59,986 - INFO - ============================================================
2026-09-25 20:58:59,986 - INFO - 
🔄 Iteração 1/3 para IFSEMG
2026-09-25 20:58:59,986 - INFO -   🔎 Testando: "ifsemg"
2026-09-25 20:59:00,920 - INFO -      ✅ 23 resultados (eficiência: 0.07)
2026-09-25 20:59:01,920 - INFO -   🔎 Testando: "campus rio"
2026-09-25 20:59:06,118 - INFO -      ✅ 145 resultados (eficiência: 0.30)
2026-09-25 20:59:09,119 - INFO - 
🔄 Iteração 2/3 para IFSEMG
2026-09-25 20:59:09,119 - INFO -   ⚠️ Sem novas queries para testar
2026-09-25 20:59:09,120 - INFO - 
📊 Métricas finais para IFSEMG:
2026-09-25 20:59:09,120 - INFO -    Total de queries testadas: 2
2026-09-25 20:59:09,120 - INFO -    Queries com sucesso: 0
2026-09-25 20:59:09,131 - INFO -    🔤 Filtrando 164 repositórios por idioma (português)...
2026-09-25 20:59:09,507 - INFO -    ✅ Filtro de idioma: 158/164 repositórios mantidos (96.3% em português)
2026-09-25 20:59:09,507 - INFO - ✅ IFSEMG: 158 repositórios em português
2026-09-25 20:59:09,507 - INFO -    Palavras-chave: sistemas, campus, federal, universidade, trabalho, curso, para, campus rio, ifrs, grande
2026-09-25 20:59:12,507 - INFO - 
============================================================
2026-09-25 20:59:12,508 - INFO - 🏛️  Processando IFSEMG - Campus Santos Dumont
2026-09-25 20:59:12,508 - INFO - ============================================================
2026-09-25 20:59:12,508 - INFO - 
🔄 Iteração 1/3 para IFSEMG
2026-09-25 20:59:12,508 - INFO -   🔎 Testando: "ifsemg"
2026-09-25 20:59:13,362 - INFO -      ✅ 23 resultados (eficiência: 0.07)
2026-09-25 20:59:14,362 - INFO -   🔎 Testando: "campus santos"
2026-09-25 20:59:15,517 - INFO -      ✅ 30 resultados (eficiência: 0.09)
2026-09-25 20:59:18,517 - INFO - 
🔄 Iteração 2/3 para IFSEMG
2026-09-25 20:59:18,518 - INFO -   ⚠️ Sem novas queries para testar
2026-09-25 20:59:18,518 - INFO - 
📊 Métricas finais para IFSEMG:
2026-09-25 20:59:18,518 - INFO -    Total de queries testadas: 2
2026-09-25 20:59:18,518 - INFO -    Queries com sucesso: 0
2026-09-25 20:59:18,525 - INFO -    🔤 Filtrando 53 repositórios por idioma (português)...
2026-09-25 20:59:18,623 - INFO -    ✅ Filtro de idioma: 51/53 repositórios mantidos (96.2% em português)
2026-09-25 20:59:18,623 - INFO - ✅ IFSEMG: 51 repositórios em português
2026-09-25 20:59:18,623 - INFO -    Palavras-chave: semestre, desenvolvido, sistemas, campus, santo, trabalho, federal, curso, para, amaro
2026-09-25 20:59:21,624 - INFO - 
============================================================
2026-09-25 20:59:21,624 - INFO - 🏛️  Processando IFSEMG - Campus Barbacena
2026-09-25 20:59:21,624 - INFO - ============================================================
2026-09-25 20:59:21,624 - INFO - 
🔄 Iteração 1/3 para IFSEMG
2026-09-25 20:59:21,624 - INFO -   🔎 Testando: "ifsemg"
2026-09-25 20:59:22,722 - INFO -      ✅ 23 resultados (eficiência: 0.07)
2026-09-25 20:59:25,722 - INFO - 
🔄 Iteração 2/3 para IFSEMG
2026-09-25 20:59:25,723 - INFO -   ⚠️ Sem novas queries para testar
2026-09-25 20:59:25,723 - INFO - 
📊 Métricas finais para IFSEMG:
2026-09-25 20:59:25,723 - INFO -    Total de queries testadas: 1
2026-09-25 20:59:25,723 - INFO -    Queries com sucesso: 0
2026-09-25 20:59:25,729 - INFO -    🔤 Filtrando 23 repositórios por idioma (português)...
2026-09-25 20:59:25,775 - INFO -    ✅ Filtro de idioma: 21/23 repositórios mantidos (91.3% em português)
2026-09-25 20:59:25,775 - INFO - ✅ IFSEMG: 21 repositórios em português
2026-09-25 20:59:25,775 - INFO -    Palavras-chave: python, ionic, sistemas, campus, trabalho, sudeste, curso, java, para, linguagem
2026-09-25 20:59:28,776 - INFO - 
============================================================
2026-09-25 20:59:28,776 - INFO - 🏛️  Processando IFSEMG - Campus Bom Sucesso
2026-09-25 20:59:28,776 - INFO - ============================================================
2026-09-25 20:59:28,776 - INFO - 
🔄 Iteração 1/3 para IFSEMG
2026-09-25 20:59:28,776 - INFO -   🔎 Testando: "campus bom"
2026-09-25 20:59:29,459 - INFO -      ✅ 7 resultados (eficiência: 0.02)
2026-09-25 20:59:30,459 - INFO -   🔎 Testando: "ifsemg"
2026-09-25 20:59:31,171 - INFO -      ✅ 23 resultados (eficiência: 0.07)
2026-09-25 20:59:34,172 - INFO - 
🔄 Iteração 2/3 para IFSEMG
2026-09-25 20:59:34,172 - INFO -   ⚠️ Sem novas queries para testar
2026-09-25 20:59:34,172 - INFO - 
📊 Métricas finais para IFSEMG:
2026-09-25 20:59:34,172 - INFO -    Total de queries testadas: 2
2026-09-25 20:59:34,173 - INFO -    Queries com sucesso: 0
2026-09-25 20:59:34,178 - INFO -    🔤 Filtrando 30 repositórios por idioma (português)...
2026-09-25 20:59:34,233 - INFO -    ✅ Filtro de idioma: 28/30 repositórios mantidos (93.3% em português)
2026-09-25 20:59:34,233 - INFO - ✅ IFSEMG: 28 repositórios em português
2026-09-25 20:59:34,233 - INFO -    Palavras-chave: python, ionic, sistemas, campus, instituto, para, java, linguagem, tecnologia, desenvolvimento
2026-09-25 20:59:37,234 - INFO - 
============================================================
2026-09-25 20:59:37,234 - INFO - 🏛️  Processando IFSEMG - Campus Cataguases
2026-09-25 20:59:37,234 - INFO - ============================================================
2026-09-25 20:59:37,234 - INFO - 
🔄 Iteração 1/3 para IFSEMG
2026-09-25 20:59:37,234 - INFO -   🔎 Testando: "ifsemg"
2026-09-25 20:59:38,048 - INFO -      ✅ 23 resultados (eficiência: 0.07)
2026-09-25 20:59:41,049 - INFO - 
🔄 Iteração 2/3 para IFSEMG
2026-09-25 20:59:41,049 - INFO -   ⚠️ Sem novas queries para testar
2026-09-25 20:59:41,049 - INFO - 
📊 Métricas finais para IFSEMG:
2026-09-25 20:59:41,049 - INFO -    Total de queries testadas: 1
2026-09-25 20:59:41,050 - INFO -    Queries com sucesso: 0
2026-09-25 20:59:41,056 - INFO -    🔤 Filtrando 23 repositórios por idioma (português)...
2026-09-25 20:59:41,100 - INFO -    ✅ Filtro de idioma: 21/23 repositórios mantidos (91.3% em português)
2026-09-25 20:59:41,100 - INFO - ✅ IFSEMG: 21 repositórios em português
2026-09-25 20:59:41,100 - INFO -    Palavras-chave: python, ionic, sistemas, campus, trabalho, sudeste, curso, java, para, linguagem
2026-09-25 20:59:44,101 - INFO - 
============================================================
2026-09-25 20:59:44,101 - INFO - 🏛️  Processando IFSEMG - Campus Manhuaçu
2026-09-25 20:59:44,101 - INFO - ============================================================
2026-09-25 20:59:44,101 - INFO - 
🔄 Iteração 1/3 para IFSEMG
2026-09-25 20:59:44,102 - INFO -   🔎 Testando: "ifsemg"
2026-09-25 20:59:44,875 - INFO -      ✅ 23 resultados (eficiência: 0.07)
2026-09-25 20:59:47,876 - INFO - 
🔄 Iteração 2/3 para IFSEMG
2026-09-25 20:59:47,876 - INFO -   ⚠️ Sem novas queries para testar
2026-09-25 20:59:47,876 - INFO - 
📊 Métricas finais para IFSEMG:
2026-09-25 20:59:47,876 - INFO -    Total de queries testadas: 1
2026-09-25 20:59:47,876 - INFO -    Queries com sucesso: 0
2026-09-25 20:59:47,882 - INFO -    🔤 Filtrando 23 repositórios por idioma (português)...
2026-09-25 20:59:47,926 - INFO -    ✅ Filtro de idioma: 21/23 repositórios mantidos (91.3% em português)
2026-09-25 20:59:47,926 - INFO - ✅ IFSEMG: 21 repositórios em português
2026-09-25 20:59:47,926 - INFO -    Palavras-chave: python, ionic, sistemas, campus, trabalho, sudeste, curso, java, para, linguagem
2026-09-25 20:59:50,927 - INFO - 
============================================================
2026-09-25 20:59:50,927 - INFO - 🏛️  Processando IFSEMG - Campus São João del-Rei
2026-09-25 20:59:50,927 - INFO - ============================================================
2026-09-25 20:59:50,927 - INFO - 
🔄 Iteração 1/3 para IFSEMG
2026-09-25 20:59:50,927 - INFO -   🔎 Testando: "ifsemg"
2026-09-25 20:59:51,799 - INFO -      ✅ 23 resultados (eficiência: 0.07)
2026-09-25 20:59:52,800 - INFO -   🔎 Testando: "campus são"
2026-09-25 21:00:02,516 - INFO -      ✅ 310 resultados (eficiência: 0.30)
2026-09-25 21:00:05,517 - INFO - 
🔄 Iteração 2/3 para IFSEMG
2026-09-25 21:00:05,517 - INFO -   ⚠️ Sem novas queries para testar
2026-09-25 21:00:05,517 - INFO - 
📊 Métricas finais para IFSEMG:
2026-09-25 21:00:05,517 - INFO -    Total de queries testadas: 2
2026-09-25 21:00:05,517 - INFO -    Queries com sucesso: 0
2026-09-25 21:00:05,533 - INFO -    🔤 Filtrando 333 repositórios por idioma (português)...
2026-09-25 21:00:05,946 - INFO -    ✅ Filtro de idioma: 327/333 repositórios mantidos (98.2% em português)
2026-09-25 21:00:05,946 - INFO - ✅ IFSEMG: 327 repositórios em português
2026-09-25 21:00:05,946 - INFO -    Palavras-chave: carlos, desenvolvido, sistemas, campus, federal, instituto, engenharia, curso, para, paulo
2026-09-25 21:00:08,946 - INFO - 
============================================================
2026-09-25 21:00:08,947 - INFO - 🏛️  Processando IFSEMG - Campus Ubá
2026-09-25 21:00:08,947 - INFO - ============================================================
2026-09-25 21:00:08,947 - INFO - 
🔄 Iteração 1/3 para IFSEMG
2026-09-25 21:00:08,947 - INFO -   🔎 Testando: "ifsemg"
2026-09-25 21:00:09,897 - INFO -      ✅ 23 resultados (eficiência: 0.07)
2026-09-25 21:00:12,897 - INFO - 
🔄 Iteração 2/3 para IFSEMG
2026-09-25 21:00:12,898 - INFO -   ⚠️ Sem novas queries para testar
2026-09-25 21:00:12,898 - INFO - 
📊 Métricas finais para IFSEMG:
2026-09-25 21:00:12,898 - INFO -    Total de queries testadas: 1
2026-09-25 21:00:12,898 - INFO -    Queries com sucesso: 0
2026-09-25 21:00:12,905 - INFO -    🔤 Filtrando 23 repositórios por idioma (português)...
2026-09-25 21:00:12,949 - INFO -    ✅ Filtro de idioma: 21/23 repositórios mantidos (91.3% em português)
2026-09-25 21:00:12,949 - INFO - ✅ IFSEMG: 21 repositórios em português
2026-09-25 21:00:12,949 - INFO -    Palavras-chave: python, ionic, sistemas, campus, trabalho, sudeste, curso, java, para, linguagem
2026-09-25 21:00:15,950 - INFO - 
============================================================
2026-09-25 21:00:15,950 - INFO - 🏛️  Processando IFMS - Campus Campo Grande
2026-09-25 21:00:15,950 - INFO - ============================================================
2026-09-25 21:00:15,950 - INFO - 
🔄 Iteração 1/3 para IFMS
2026-09-25 21:00:15,950 - INFO -   🔎 Testando: "ifms"
2026-09-25 21:00:33,379 - INFO -      ✅ 500 resultados (eficiência: 0.30)
2026-09-25 21:00:34,380 - INFO -   🔎 Testando: "campus campo"
2026-09-25 21:00:36,822 - INFO -      ✅ 57 resultados (eficiência: 0.17)
2026-09-25 21:00:39,823 - INFO - 
🔄 Iteração 2/3 para IFMS
2026-09-25 21:00:39,823 - INFO -   ⚠️ Sem novas queries para testar
2026-09-25 21:00:39,824 - INFO - 
📊 Métricas finais para IFMS:
2026-09-25 21:00:39,824 - INFO -    Total de queries testadas: 2
2026-09-25 21:00:39,824 - INFO -    Queries com sucesso: 0
2026-09-25 21:00:39,840 - INFO -    🔤 Filtrando 555 repositórios por idioma (português)...
2026-09-25 21:00:41,029 - INFO -    ✅ Filtro de idioma: 366/555 repositórios mantidos (65.9% em português)
2026-09-25 21:00:41,029 - INFO - ✅ IFMS: 366 repositórios em português
2026-09-25 21:00:41,029 - INFO -    Palavras-chave: campo, github, sistema, ifmslego, ifms, campos, campus, trabalho, curso, para
2026-09-25 21:00:44,030 - INFO - 
============================================================
2026-09-25 21:00:44,030 - INFO - 🏛️  Processando IFMS - Campus Três Lagoas
2026-09-25 21:00:44,030 - INFO - ============================================================
2026-09-25 21:00:44,030 - INFO - 
🔄 Iteração 1/3 para IFMS
2026-09-25 21:00:44,031 - INFO -   🔎 Testando: "ifms"
2026-09-25 21:01:00,914 - INFO -      ✅ 500 resultados (eficiência: 0.30)
2026-09-25 21:01:01,914 - INFO -   🔎 Testando: "campus três"
2026-09-25 21:01:02,586 - INFO -      ✅ 8 resultados (eficiência: 0.02)
2026-09-25 21:01:05,587 - INFO - 
🔄 Iteração 2/3 para IFMS
2026-09-25 21:01:05,587 - INFO -   ⚠️ Sem novas queries para testar
2026-09-25 21:01:05,587 - INFO - 
📊 Métricas finais para IFMS:
2026-09-25 21:01:05,587 - INFO -    Total de queries testadas: 2
2026-09-25 21:01:05,587 - INFO -    Queries com sucesso: 0
2026-09-25 21:01:05,602 - INFO -    🔤 Filtrando 506 repositórios por idioma (português)...
2026-09-25 21:01:06,717 - INFO -    ✅ Filtro de idioma: 318/506 repositórios mantidos (62.8% em português)
2026-09-25 21:01:06,717 - INFO - ✅ IFMS: 318 repositórios em português
2026-09-25 21:01:06,717 - INFO -    Palavras-chave: github, sistema, ifmslego, ifms, management, desenvolvido, campus, trabalho, curso, para
2026-09-25 21:01:09,718 - INFO - 
============================================================
2026-09-25 21:01:09,718 - INFO - 🏛️  Processando IFMS - Campus Nova Andradina
2026-09-25 21:01:09,718 - INFO - ============================================================
2026-09-25 21:01:09,718 - INFO - 
🔄 Iteração 1/3 para IFMS
2026-09-25 21:01:09,718 - INFO -   🔎 Testando: "ifms"
2026-09-25 21:01:25,258 - INFO -      ✅ 500 resultados (eficiência: 0.30)
2026-09-25 21:01:26,258 - INFO -   🔎 Testando: "campus nova"
2026-09-25 21:01:29,347 - INFO -      ✅ 60 resultados (eficiência: 0.18)
2026-09-25 21:01:32,348 - INFO - 
🔄 Iteração 2/3 para IFMS
2026-09-25 21:01:32,348 - INFO -   ⚠️ Sem novas queries para testar
2026-09-25 21:01:32,349 - INFO - 
📊 Métricas finais para IFMS:
2026-09-25 21:01:32,349 - INFO -    Total de queries testadas: 2
2026-09-25 21:01:32,349 - INFO -    Queries com sucesso: 0
2026-09-25 21:01:32,366 - INFO -    🔤 Filtrando 560 repositórios por idioma (português)...
2026-09-25 21:01:33,728 - INFO -    ✅ Filtro de idioma: 360/560 repositórios mantidos (64.3% em português)
2026-09-25 21:01:33,728 - INFO - ✅ IFMS: 360 repositórios em português
2026-09-25 21:01:33,728 - INFO -    Palavras-chave: github, sistema, ifmslego, ifms, management, campus, trabalho, nova, curso, para
2026-09-25 21:01:36,729 - INFO - 
============================================================
2026-09-25 21:01:36,729 - INFO - 🏛️  Processando IFMS - Campus Corumbá
2026-09-25 21:01:36,729 - INFO - ============================================================
2026-09-25 21:01:36,729 - INFO - 
🔄 Iteração 1/3 para IFMS
2026-09-25 21:01:36,729 - INFO -   🔎 Testando: "ifms"
2026-09-25 21:01:53,344 - INFO -      ✅ 500 resultados (eficiência: 0.30)
2026-09-25 21:01:56,344 - INFO - 
🔄 Iteração 2/3 para IFMS
2026-09-25 21:01:56,345 - INFO -   ⚠️ Sem novas queries para testar
2026-09-25 21:01:56,345 - INFO - 
📊 Métricas finais para IFMS:
2026-09-25 21:01:56,345 - INFO -    Total de queries testadas: 1
2026-09-25 21:01:56,345 - INFO -    Queries com sucesso: 0
2026-09-25 21:01:56,359 - INFO -    🔤 Filtrando 500 repositórios por idioma (português)...
2026-09-25 21:01:57,511 - INFO -    ✅ Filtro de idioma: 313/500 repositórios mantidos (62.6% em português)
2026-09-25 21:01:57,511 - INFO - ✅ IFMS: 313 repositórios em português
2026-09-25 21:01:57,511 - INFO -    Palavras-chave: github, sistema, ifmslego, ifms, management, campus, trabalho, curso, para, ifm
2026-09-25 21:02:00,512 - INFO - 
============================================================
2026-09-25 21:02:00,512 - INFO - 🏛️  Processando IFMS - Campus Aquidauana
2026-09-25 21:02:00,512 - INFO - ============================================================
2026-09-25 21:02:00,512 - INFO - 
🔄 Iteração 1/3 para IFMS
2026-09-25 21:02:00,512 - INFO -   🔎 Testando: "ifms"
2026-09-25 21:02:17,332 - INFO -      ✅ 500 resultados (eficiência: 0.30)
2026-09-25 21:02:20,333 - INFO - 
🔄 Iteração 2/3 para IFMS
2026-09-25 21:02:20,333 - INFO -   ⚠️ Sem novas queries para testar
2026-09-25 21:02:20,333 - INFO - 
📊 Métricas finais para IFMS:
2026-09-25 21:02:20,333 - INFO -    Total de queries testadas: 1
2026-09-25 21:02:20,333 - INFO -    Queries com sucesso: 0
2026-09-25 21:02:20,351 - INFO -    🔤 Filtrando 500 repositórios por idioma (português)...
2026-09-25 21:02:21,688 - INFO -    ✅ Filtro de idioma: 313/500 repositórios mantidos (62.6% em português)
2026-09-25 21:02:21,688 - INFO - ✅ IFMS: 313 repositórios em português
2026-09-25 21:02:21,688 - INFO -    Palavras-chave: github, sistema, ifmslego, ifms, management, campus, trabalho, curso, para, ifm
2026-09-25 21:02:24,689 - INFO - 
============================================================
2026-09-25 21:02:24,689 - INFO - 🏛️  Processando IFMS - Campus Coxim
2026-09-25 21:02:24,689 - INFO - ============================================================
2026-09-25 21:02:24,689 - INFO - 
🔄 Iteração 1/3 para IFMS
2026-09-25 21:02:24,689 - INFO -   🔎 Testando: "ifms"
2026-09-25 21:02:41,811 - INFO -      ✅ 500 resultados (eficiência: 0.30)
2026-09-25 21:02:44,812 - INFO - 
🔄 Iteração 2/3 para IFMS
2026-09-25 21:02:44,812 - INFO -   ⚠️ Sem novas queries para testar
2026-09-25 21:02:44,813 - INFO - 
📊 Métricas finais para IFMS:
2026-09-25 21:02:44,813 - INFO -    Total de queries testadas: 1
2026-09-25 21:02:44,813 - INFO -    Queries com sucesso: 0
2026-09-25 21:02:44,829 - INFO -    🔤 Filtrando 500 repositórios por idioma (português)...
2026-09-25 21:02:45,951 - INFO -    ✅ Filtro de idioma: 313/500 repositórios mantidos (62.6% em português)
2026-09-25 21:02:45,951 - INFO - ✅ IFMS: 313 repositórios em português
2026-09-25 21:02:45,951 - INFO -    Palavras-chave: github, sistema, ifmslego, ifms, management, campus, trabalho, curso, para, ifm
2026-09-25 21:02:48,952 - INFO - 
============================================================
2026-09-25 21:02:48,952 - INFO - 🏛️  Processando IFMS - Campus Ponta Porã
2026-09-25 21:02:48,952 - INFO - ============================================================
2026-09-25 21:02:48,952 - INFO - 
🔄 Iteração 1/3 para IFMS
2026-09-25 21:02:48,953 - INFO -   🔎 Testando: "campus ponta"
2026-09-25 21:02:50,358 - INFO -      ✅ 22 resultados (eficiência: 0.07)
2026-09-25 21:02:51,359 - INFO -   🔎 Testando: "ifms"
2026-09-25 21:03:07,725 - INFO -      ✅ 500 resultados (eficiência: 0.30)
2026-09-25 21:03:10,726 - INFO - 
🔄 Iteração 2/3 para IFMS
2026-09-25 21:03:10,726 - INFO -   ⚠️ Sem novas queries para testar
2026-09-25 21:03:10,727 - INFO - 
📊 Métricas finais para IFMS:
2026-09-25 21:03:10,727 - INFO -    Total de queries testadas: 2
2026-09-25 21:03:10,727 - INFO -    Queries com sucesso: 0
2026-09-25 21:03:10,742 - INFO -    🔤 Filtrando 521 repositórios por idioma (português)...
2026-09-25 21:03:11,887 - INFO -    ✅ Filtro de idioma: 334/521 repositórios mantidos (64.1% em português)
2026-09-25 21:03:11,887 - INFO - ✅ IFMS: 334 repositórios em português
2026-09-25 21:03:11,887 - INFO -    Palavras-chave: github, sistema, ifmslego, ifms, ponta, management, campus, trabalho, curso, para
2026-09-25 21:03:14,888 - INFO - 
============================================================
2026-09-25 21:03:14,888 - INFO - 🏛️  Processando IFMS - Campus Amambai
2026-09-25 21:03:14,888 - INFO - ============================================================
2026-09-25 21:03:14,889 - INFO - 
🔄 Iteração 1/3 para IFMS
2026-09-25 21:03:14,889 - INFO -   🔎 Testando: "ifms"
2026-09-25 21:03:30,471 - INFO -      ✅ 500 resultados (eficiência: 0.30)
2026-09-25 21:03:33,471 - INFO - 
🔄 Iteração 2/3 para IFMS
2026-09-25 21:03:33,472 - INFO -   ⚠️ Sem novas queries para testar
2026-09-25 21:03:33,472 - INFO - 
📊 Métricas finais para IFMS:
2026-09-25 21:03:33,472 - INFO -    Total de queries testadas: 1
2026-09-25 21:03:33,472 - INFO -    Queries com sucesso: 0
2026-09-25 21:03:33,488 - INFO -    🔤 Filtrando 500 repositórios por idioma (português)...
2026-09-25 21:03:34,607 - INFO -    ✅ Filtro de idioma: 313/500 repositórios mantidos (62.6% em português)
2026-09-25 21:03:34,607 - INFO - ✅ IFMS: 313 repositórios em português
2026-09-25 21:03:34,607 - INFO -    Palavras-chave: github, sistema, ifmslego, ifms, management, campus, trabalho, curso, para, ifm
2026-09-25 21:03:37,607 - INFO - 
============================================================
2026-09-25 21:03:37,608 - INFO - 🏛️  Processando IFMS - Campus Jardim
2026-09-25 21:03:37,608 - INFO - ============================================================
2026-09-25 21:03:37,608 - INFO - 
🔄 Iteração 1/3 para IFMS
2026-09-25 21:03:37,608 - INFO -   🔎 Testando: "ifms"
2026-09-25 21:03:53,767 - INFO -      ✅ 500 resultados (eficiência: 0.30)
2026-09-25 21:03:56,768 - INFO - 
🔄 Iteração 2/3 para IFMS
2026-09-25 21:03:56,768 - INFO -   ⚠️ Sem novas queries para testar
2026-09-25 21:03:56,769 - INFO - 
📊 Métricas finais para IFMS:
2026-09-25 21:03:56,769 - INFO -    Total de queries testadas: 1
2026-09-25 21:03:56,769 - INFO -    Queries com sucesso: 0
2026-09-25 21:03:56,784 - INFO -    🔤 Filtrando 500 repositórios por idioma (português)...
2026-09-25 21:03:57,891 - INFO -    ✅ Filtro de idioma: 313/500 repositórios mantidos (62.6% em português)
2026-09-25 21:03:57,891 - INFO - ✅ IFMS: 313 repositórios em português
2026-09-25 21:03:57,891 - INFO -    Palavras-chave: github, sistema, ifmslego, ifms, management, campus, trabalho, curso, para, ifm
2026-09-25 21:04:00,892 - INFO - 
============================================================
2026-09-25 21:04:00,892 - INFO - 🏛️  Processando IFMS - Campus Maracaju
2026-09-25 21:04:00,892 - INFO - ============================================================
2026-09-25 21:04:00,892 - INFO - 
🔄 Iteração 1/3 para IFMS
2026-09-25 21:04:00,892 - INFO -   🔎 Testando: "ifms"
2026-09-25 21:04:17,071 - INFO -      ✅ 500 resultados (eficiência: 0.30)
2026-09-25 21:04:20,072 - INFO - 
🔄 Iteração 2/3 para IFMS
2026-09-25 21:04:20,072 - INFO -   ⚠️ Sem novas queries para testar
2026-09-25 21:04:20,072 - INFO - 
📊 Métricas finais para IFMS:
2026-09-25 21:04:20,072 - INFO -    Total de queries testadas: 1
2026-09-25 21:04:20,072 - INFO -    Queries com sucesso: 0
2026-09-25 21:04:20,088 - INFO -    🔤 Filtrando 500 repositórios por idioma (português)...
2026-09-25 21:04:21,227 - INFO -    ✅ Filtro de idioma: 313/500 repositórios mantidos (62.6% em português)
2026-09-25 21:04:21,227 - INFO - ✅ IFMS: 313 repositórios em português
2026-09-25 21:04:21,227 - INFO -    Palavras-chave: github, sistema, ifmslego, ifms, management, campus, trabalho, curso, para, ifm
2026-09-25 21:04:24,228 - INFO - 
============================================================
2026-09-25 21:04:24,228 - INFO - 🏛️  Processando IFMS - Campus Naviraí
2026-09-25 21:04:24,228 - INFO - ============================================================
2026-09-25 21:04:24,228 - INFO - 
🔄 Iteração 1/3 para IFMS
2026-09-25 21:04:24,228 - INFO -   🔎 Testando: "ifms"
2026-09-25 21:04:40,800 - INFO -      ✅ 500 resultados (eficiência: 0.30)
2026-09-25 21:04:43,800 - INFO - 
🔄 Iteração 2/3 para IFMS
2026-09-25 21:04:43,801 - INFO -   ⚠️ Sem novas queries para testar
2026-09-25 21:04:43,801 - INFO - 
📊 Métricas finais para IFMS:
2026-09-25 21:04:43,801 - INFO -    Total de queries testadas: 1
2026-09-25 21:04:43,801 - INFO -    Queries com sucesso: 0
2026-09-25 21:04:43,815 - INFO -    🔤 Filtrando 500 repositórios por idioma (português)...
2026-09-25 21:04:44,927 - INFO -    ✅ Filtro de idioma: 313/500 repositórios mantidos (62.6% em português)
2026-09-25 21:04:44,927 - INFO - ✅ IFMS: 313 repositórios em português
2026-09-25 21:04:44,927 - INFO -    Palavras-chave: github, sistema, ifmslego, ifms, management, campus, trabalho, curso, para, ifm
2026-09-25 21:04:47,927 - INFO - 
============================================================
2026-09-25 21:04:47,927 - INFO - 🏛️  Processando IFMS - Campus Paranaíba
2026-09-25 21:04:47,927 - INFO - ============================================================
2026-09-25 21:04:47,927 - INFO - 
🔄 Iteração 1/3 para IFMS
2026-09-25 21:04:47,927 - INFO -   🔎 Testando: "ifms"
2026-09-25 21:05:03,977 - INFO -      ✅ 500 resultados (eficiência: 0.30)
2026-09-25 21:05:06,978 - INFO - 
🔄 Iteração 2/3 para IFMS
2026-09-25 21:05:06,978 - INFO -   ⚠️ Sem novas queries para testar
2026-09-25 21:05:06,979 - INFO - 
📊 Métricas finais para IFMS:
2026-09-25 21:05:06,979 - INFO -    Total de queries testadas: 1
2026-09-25 21:05:06,979 - INFO -    Queries com sucesso: 0
2026-09-25 21:05:06,994 - INFO -    🔤 Filtrando 500 repositórios por idioma (português)...
2026-09-25 21:05:08,109 - INFO -    ✅ Filtro de idioma: 313/500 repositórios mantidos (62.6% em português)
2026-09-25 21:05:08,109 - INFO - ✅ IFMS: 313 repositórios em português
2026-09-25 21:05:08,109 - INFO -    Palavras-chave: github, sistema, ifmslego, ifms, management, campus, trabalho, curso, para, ifm
2026-09-25 21:05:11,110 - INFO - 
============================================================
2026-09-25 21:05:11,110 - INFO - 🏛️  Processando IFMS - Campus Rio Brilhante
2026-09-25 21:05:11,110 - INFO - ============================================================
2026-09-25 21:05:11,110 - INFO - 
🔄 Iteração 1/3 para IFMS
2026-09-25 21:05:11,110 - INFO -   🔎 Testando: "ifms"
2026-09-25 21:05:26,622 - INFO -      ✅ 500 resultados (eficiência: 0.30)
2026-09-25 21:05:27,622 - INFO -   🔎 Testando: "campus rio"
2026-09-25 21:05:32,090 - INFO -      ✅ 145 resultados (eficiência: 0.30)
2026-09-25 21:05:35,090 - INFO - 
🔄 Iteração 2/3 para IFMS
2026-09-25 21:05:35,091 - INFO -   ⚠️ Sem novas queries para testar
2026-09-25 21:05:35,091 - INFO - 
📊 Métricas finais para IFMS:
2026-09-25 21:05:35,091 - INFO -    Total de queries testadas: 2
2026-09-25 21:05:35,091 - INFO -    Queries com sucesso: 0
2026-09-25 21:05:35,112 - INFO -    🔤 Filtrando 645 repositórios por idioma (português)...
2026-09-25 21:05:36,555 - INFO -    ✅ Filtro de idioma: 454/645 repositórios mantidos (70.4% em português)
2026-09-25 21:05:36,555 - INFO - ✅ IFMS: 454 repositórios em português
2026-09-25 21:05:36,555 - INFO -    Palavras-chave: sistema, ifms, sistemas, campus, federal, universidade, trabalho, curso, para, ifm
2026-09-25 21:05:39,556 - INFO - 
============================================================
2026-09-25 21:05:39,556 - INFO - 🏛️  Processando IFMS - Campus São Gabriel do Oeste
2026-09-25 21:05:39,556 - INFO - ============================================================
2026-09-25 21:05:39,556 - INFO - 
🔄 Iteração 1/3 para IFMS
2026-09-25 21:05:39,556 - INFO -   🔎 Testando: "ifms"
2026-09-25 21:05:55,143 - INFO -      ✅ 500 resultados (eficiência: 0.30)
2026-09-25 21:05:56,143 - INFO -   🔎 Testando: "campus são"
2026-09-25 21:06:06,412 - INFO -      ✅ 310 resultados (eficiência: 0.30)
2026-09-25 21:06:09,412 - INFO - 
🔄 Iteração 2/3 para IFMS
2026-09-25 21:06:09,413 - INFO -   ⚠️ Sem novas queries para testar
2026-09-25 21:06:09,413 - INFO - 
📊 Métricas finais para IFMS:
2026-09-25 21:06:09,413 - INFO -    Total de queries testadas: 2
2026-09-25 21:06:09,413 - INFO -    Queries com sucesso: 0
2026-09-25 21:06:09,447 - INFO -    🔤 Filtrando 810 repositórios por idioma (português)...
2026-09-25 21:06:10,922 - INFO -    ✅ Filtro de idioma: 619/810 repositórios mantidos (76.4% em português)
2026-09-25 21:06:10,922 - INFO - ✅ IFMS: 619 repositórios em português
2026-09-25 21:06:10,922 - INFO -    Palavras-chave: ifms, carlos, sistemas, campus, federal, instituto, curso, para, ifm, ifsc
2026-09-25 21:06:13,923 - INFO - 
============================================================
2026-09-25 21:06:13,923 - INFO - 🏛️  Processando IFMS - Campus Sidrolândia
2026-09-25 21:06:13,923 - INFO - ============================================================
2026-09-25 21:06:13,923 - INFO - 
🔄 Iteração 1/3 para IFMS
2026-09-25 21:06:13,923 - INFO -   🔎 Testando: "ifms"
2026-09-25 21:06:29,184 - INFO -      ✅ 500 resultados (eficiência: 0.30)
2026-09-25 21:06:32,185 - INFO - 
🔄 Iteração 2/3 para IFMS
2026-09-25 21:06:32,185 - INFO -   ⚠️ Sem novas queries para testar
2026-09-25 21:06:32,186 - INFO - 
📊 Métricas finais para IFMS:
2026-09-25 21:06:32,186 - INFO -    Total de queries testadas: 1
2026-09-25 21:06:32,186 - INFO -    Queries com sucesso: 0
2026-09-25 21:06:32,202 - INFO -    🔤 Filtrando 500 repositórios por idioma (português)...
2026-09-25 21:06:33,312 - INFO -    ✅ Filtro de idioma: 313/500 repositórios mantidos (62.6% em português)
2026-09-25 21:06:33,312 - INFO - ✅ IFMS: 313 repositórios em português
2026-09-25 21:06:33,312 - INFO -    Palavras-chave: github, sistema, ifmslego, ifms, management, campus, trabalho, curso, para, ifm
2026-09-25 21:06:36,313 - INFO - 
============================================================
2026-09-25 21:06:36,313 - INFO - 🏛️  Processando IFMT - Campus Cuiabá
2026-09-25 21:06:36,313 - INFO - ============================================================
2026-09-25 21:06:36,313 - INFO - 
🔄 Iteração 1/3 para IFMT
2026-09-25 21:06:36,313 - INFO -   🔎 Testando: "ifmt"
2026-09-25 21:06:53,910 - INFO -      ✅ 500 resultados (eficiência: 0.30)
2026-09-25 21:06:56,911 - INFO - 
🔄 Iteração 2/3 para IFMT
2026-09-25 21:06:56,911 - INFO -   ⚠️ Sem novas queries para testar
2026-09-25 21:06:56,912 - INFO - 
📊 Métricas finais para IFMT:
2026-09-25 21:06:56,912 - INFO -    Total de queries testadas: 1
2026-09-25 21:06:56,912 - INFO -    Queries com sucesso: 0
2026-09-25 21:06:56,927 - INFO -    🔤 Filtrando 500 repositórios por idioma (português)...
2026-09-25 21:06:58,275 - INFO -    ✅ Filtro de idioma: 401/500 repositórios mantidos (80.2% em português)
2026-09-25 21:06:58,275 - INFO - ✅ IFMT: 401 repositórios em português
2026-09-25 21:06:58,275 - INFO -    Palavras-chave: sala, sistema, ifmt, sistemas, campus, curso, para, internet, atividades, realizadas
2026-09-25 21:07:01,276 - INFO - 
============================================================
2026-09-25 21:07:01,276 - INFO - 🏛️  Processando IFMT - Campus Cáceres
2026-09-25 21:07:01,276 - INFO - ============================================================
2026-09-25 21:07:01,276 - INFO - 
🔄 Iteração 1/3 para IFMT
2026-09-25 21:07:01,276 - INFO -   🔎 Testando: "ifmt"
2026-09-25 21:07:17,445 - INFO -      ✅ 500 resultados (eficiência: 0.30)
2026-09-25 21:07:20,446 - INFO - 
🔄 Iteração 2/3 para IFMT
2026-09-25 21:07:20,446 - INFO -   ⚠️ Sem novas queries para testar
2026-09-25 21:07:20,447 - INFO - 
📊 Métricas finais para IFMT:
2026-09-25 21:07:20,447 - INFO -    Total de queries testadas: 1
2026-09-25 21:07:20,447 - INFO -    Queries com sucesso: 0
2026-09-25 21:07:20,462 - INFO -    🔤 Filtrando 500 repositórios por idioma (português)...
2026-09-25 21:07:21,796 - INFO -    ✅ Filtro de idioma: 401/500 repositórios mantidos (80.2% em português)
2026-09-25 21:07:21,796 - INFO - ✅ IFMT: 401 repositórios em português
2026-09-25 21:07:21,796 - INFO -    Palavras-chave: sala, sistema, ifmt, sistemas, campus, curso, para, internet, atividades, realizadas
2026-09-25 21:07:24,796 - INFO - 
============================================================
2026-09-25 21:07:24,796 - INFO - 🏛️  Processando IFMT - Campus Confresa
2026-09-25 21:07:24,796 - INFO - ============================================================
2026-09-25 21:07:24,797 - INFO - 
🔄 Iteração 1/3 para IFMT
2026-09-25 21:07:24,797 - INFO -   🔎 Testando: "ifmt"
2026-09-25 21:07:39,875 - INFO -      ✅ 500 resultados (eficiência: 0.30)
2026-09-25 21:07:42,876 - INFO - 
🔄 Iteração 2/3 para IFMT
2026-09-25 21:07:42,876 - INFO -   ⚠️ Sem novas queries para testar
2026-09-25 21:07:42,877 - INFO - 
📊 Métricas finais para IFMT:
2026-09-25 21:07:42,877 - INFO -    Total de queries testadas: 1
2026-09-25 21:07:42,877 - INFO -    Queries com sucesso: 0
2026-09-25 21:07:42,893 - INFO -    🔤 Filtrando 500 repositórios por idioma (português)...
2026-09-25 21:07:44,195 - INFO -    ✅ Filtro de idioma: 401/500 repositórios mantidos (80.2% em português)
2026-09-25 21:07:44,195 - INFO - ✅ IFMT: 401 repositórios em português
2026-09-25 21:07:44,195 - INFO -    Palavras-chave: sala, sistema, ifmt, sistemas, campus, curso, para, internet, atividades, realizadas
2026-09-25 21:07:47,196 - INFO - 
============================================================
2026-09-25 21:07:47,196 - INFO - 🏛️  Processando IFMT - Campus Pontes e Lacerda
2026-09-25 21:07:47,196 - INFO - ============================================================
2026-09-25 21:07:47,196 - INFO - 
🔄 Iteração 1/3 para IFMT
2026-09-25 21:07:47,196 - INFO -   🔎 Testando: "campus pontes"
2026-09-25 21:07:47,572 - INFO -      ✅ 0 resultados (eficiência: 0.00)
2026-09-25 21:07:48,572 - INFO -   🔎 Testando: "ifmt"
2026-09-25 21:08:04,358 - INFO -      ✅ 500 resultados (eficiência: 0.30)
2026-09-25 21:08:07,358 - INFO - 
🔄 Iteração 2/3 para IFMT
2026-09-25 21:08:07,359 - INFO -   ⚠️ Sem novas queries para testar
2026-09-25 21:08:07,359 - INFO - 
📊 Métricas finais para IFMT:
2026-09-25 21:08:07,359 - INFO -    Total de queries testadas: 2
2026-09-25 21:08:07,359 - INFO -    Queries com sucesso: 0
2026-09-25 21:08:07,373 - INFO -    🔤 Filtrando 500 repositórios por idioma (português)...
2026-09-25 21:08:08,677 - INFO -    ✅ Filtro de idioma: 401/500 repositórios mantidos (80.2% em português)
2026-09-25 21:08:08,678 - INFO - ✅ IFMT: 401 repositórios em português
2026-09-25 21:08:08,678 - INFO -    Palavras-chave: sala, sistema, ifmt, sistemas, campus, curso, para, internet, atividades, realizadas
2026-09-25 21:08:11,678 - INFO - 
============================================================
2026-09-25 21:08:11,679 - INFO - 🏛️  Processando IFMT - Campus Barra do Garças
2026-09-25 21:08:11,679 - INFO - ============================================================
2026-09-25 21:08:11,679 - INFO - 
🔄 Iteração 1/3 para IFMT
2026-09-25 21:08:11,679 - INFO -   🔎 Testando: "ifmt"
2026-09-25 21:08:26,827 - INFO -      ✅ 500 resultados (eficiência: 0.30)
2026-09-25 21:08:27,828 - INFO -   🔎 Testando: "campus barra"
2026-09-25 21:08:28,484 - INFO -      ✅ 6 resultados (eficiência: 0.02)
2026-09-25 21:08:31,484 - INFO - 
🔄 Iteração 2/3 para IFMT
2026-09-25 21:08:31,485 - INFO -   ⚠️ Sem novas queries para testar
2026-09-25 21:08:31,485 - INFO - 
📊 Métricas finais para IFMT:
2026-09-25 21:08:31,485 - INFO -    Total de queries testadas: 2
2026-09-25 21:08:31,485 - INFO -    Queries com sucesso: 0
2026-09-25 21:08:31,499 - INFO -    🔤 Filtrando 505 repositórios por idioma (português)...
2026-09-25 21:08:32,818 - INFO -    ✅ Filtro de idioma: 405/505 repositórios mantidos (80.2% em português)
2026-09-25 21:08:32,818 - INFO - ✅ IFMT: 405 repositórios em português
2026-09-25 21:08:32,818 - INFO -    Palavras-chave: sala, sistema, github, ifmt, sistemas, campus, dados, curso, para, internet
2026-09-25 21:08:35,819 - INFO - 
============================================================
2026-09-25 21:08:35,819 - INFO - 🏛️  Processando IFMT - Campus Juína
2026-09-25 21:08:35,819 - INFO - ============================================================
2026-09-25 21:08:35,819 - INFO - 
🔄 Iteração 1/3 para IFMT
2026-09-25 21:08:35,819 - INFO -   🔎 Testando: "ifmt"
2026-09-25 21:08:51,012 - INFO -      ✅ 500 resultados (eficiência: 0.30)
2026-09-25 21:08:54,012 - INFO - 
🔄 Iteração 2/3 para IFMT
2026-09-25 21:08:54,013 - INFO -   ⚠️ Sem novas queries para testar
2026-09-25 21:08:54,013 - INFO - 
📊 Métricas finais para IFMT:
2026-09-25 21:08:54,013 - INFO -    Total de queries testadas: 1
2026-09-25 21:08:54,013 - INFO -    Queries com sucesso: 0
2026-09-25 21:08:54,027 - INFO -    🔤 Filtrando 500 repositórios por idioma (português)...
2026-09-25 21:08:55,331 - INFO -    ✅ Filtro de idioma: 401/500 repositórios mantidos (80.2% em português)
2026-09-25 21:08:55,331 - INFO - ✅ IFMT: 401 repositórios em português
2026-09-25 21:08:55,331 - INFO -    Palavras-chave: sala, sistema, ifmt, sistemas, campus, curso, para, internet, atividades, realizadas
2026-09-25 21:08:58,332 - INFO - 
============================================================
2026-09-25 21:08:58,332 - INFO - 🏛️  Processando IFMT - Campus São Vicente
2026-09-25 21:08:58,332 - INFO - ============================================================
2026-09-25 21:08:58,332 - INFO - 
🔄 Iteração 1/3 para IFMT
2026-09-25 21:08:58,332 - INFO -   🔎 Testando: "campus são"
2026-09-25 21:09:08,277 - INFO -      ✅ 310 resultados (eficiência: 0.30)
2026-09-25 21:09:09,278 - INFO -   🔎 Testando: "ifmt"
2026-09-25 21:09:24,783 - INFO -      ✅ 500 resultados (eficiência: 0.30)
2026-09-25 21:09:27,784 - INFO - 
🔄 Iteração 2/3 para IFMT
2026-09-25 21:09:27,784 - INFO -   ⚠️ Sem novas queries para testar
2026-09-25 21:09:27,784 - INFO - 
📊 Métricas finais para IFMT:
2026-09-25 21:09:27,784 - INFO -    Total de queries testadas: 2
2026-09-25 21:09:27,785 - INFO -    Queries com sucesso: 0
2026-09-25 21:09:27,808 - INFO -    🔤 Filtrando 809 repositórios por idioma (português)...
2026-09-25 21:09:29,513 - INFO -    ✅ Filtro de idioma: 706/809 repositórios mantidos (87.3% em português)
2026-09-25 21:09:29,514 - INFO - ✅ IFMT: 706 repositórios em português
2026-09-25 21:09:29,514 - INFO -    Palavras-chave: carlos, ifmt, sistemas, campus, federal, instituto, engenharia, curso, para, ifsc
2026-09-25 21:09:32,514 - INFO - 
============================================================
2026-09-25 21:09:32,515 - INFO - 🏛️  Processando IFMT - Campus Bela Vista
2026-09-25 21:09:32,515 - INFO - ============================================================
2026-09-25 21:09:32,515 - INFO - 
🔄 Iteração 1/3 para IFMT
2026-09-25 21:09:32,515 - INFO -   🔎 Testando: "ifmt"
2026-09-25 21:09:48,478 - INFO -      ✅ 500 resultados (eficiência: 0.30)
2026-09-25 21:09:49,478 - INFO -   🔎 Testando: "campus bela"
2026-09-25 21:09:49,976 - INFO -      ✅ 2 resultados (eficiência: 0.01)
2026-09-25 21:09:52,976 - INFO - 
🔄 Iteração 2/3 para IFMT
2026-09-25 21:09:52,977 - INFO -   ⚠️ Sem novas queries para testar
2026-09-25 21:09:52,977 - INFO - 
📊 Métricas finais para IFMT:
2026-09-25 21:09:52,977 - INFO -    Total de queries testadas: 2
2026-09-25 21:09:52,977 - INFO -    Queries com sucesso: 0
2026-09-25 21:09:52,993 - INFO -    🔤 Filtrando 502 repositórios por idioma (português)...
2026-09-25 21:09:54,301 - INFO -    ✅ Filtro de idioma: 402/502 repositórios mantidos (80.1% em português)
2026-09-25 21:09:54,301 - INFO - ✅ IFMT: 402 repositórios em português
2026-09-25 21:09:54,301 - INFO -    Palavras-chave: sala, sistema, ifmt, sistemas, campus, curso, para, internet, atividades, realizadas
2026-09-25 21:09:57,302 - INFO - 
============================================================
2026-09-25 21:09:57,302 - INFO - 🏛️  Processando IFMT - Campus Rondonópolis
2026-09-25 21:09:57,302 - INFO - ============================================================
2026-09-25 21:09:57,303 - INFO - 
🔄 Iteração 1/3 para IFMT
2026-09-25 21:09:57,303 - INFO -   🔎 Testando: "ifmt"
2026-09-25 21:10:12,748 - INFO -      ✅ 500 resultados (eficiência: 0.30)
2026-09-25 21:10:15,749 - INFO - 
🔄 Iteração 2/3 para IFMT
2026-09-25 21:10:15,749 - INFO -   ⚠️ Sem novas queries para testar
2026-09-25 21:10:15,750 - INFO - 
📊 Métricas finais para IFMT:
2026-09-25 21:10:15,750 - INFO -    Total de queries testadas: 1
2026-09-25 21:10:15,750 - INFO -    Queries com sucesso: 0
2026-09-25 21:10:15,766 - INFO -    🔤 Filtrando 500 repositórios por idioma (português)...
2026-09-25 21:10:17,076 - INFO -    ✅ Filtro de idioma: 401/500 repositórios mantidos (80.2% em português)
2026-09-25 21:10:17,076 - INFO - ✅ IFMT: 401 repositórios em português
2026-09-25 21:10:17,076 - INFO -    Palavras-chave: sala, sistema, ifmt, sistemas, campus, curso, para, internet, atividades, realizadas
2026-09-25 21:10:20,077 - INFO - 
============================================================
2026-09-25 21:10:20,077 - INFO - 🏛️  Processando IFMT - Campus Campo Novo do Parecis
2026-09-25 21:10:20,077 - INFO - ============================================================
2026-09-25 21:10:20,077 - INFO - 
🔄 Iteração 1/3 para IFMT
2026-09-25 21:10:20,077 - INFO -   🔎 Testando: "campus campo"
2026-09-25 21:10:21,771 - INFO -      ✅ 57 resultados (eficiência: 0.17)
2026-09-25 21:10:22,771 - INFO -   🔎 Testando: "ifmt"
2026-09-25 21:10:38,609 - INFO -      ✅ 500 resultados (eficiência: 0.30)
2026-09-25 21:10:41,610 - INFO - 
🔄 Iteração 2/3 para IFMT
2026-09-25 21:10:41,610 - INFO -   ⚠️ Sem novas queries para testar
2026-09-25 21:10:41,611 - INFO - 
📊 Métricas finais para IFMT:
2026-09-25 21:10:41,611 - INFO -    Total de queries testadas: 2
2026-09-25 21:10:41,611 - INFO -    Queries com sucesso: 0
2026-09-25 21:10:41,627 - INFO -    🔤 Filtrando 557 repositórios por idioma (português)...
2026-09-25 21:10:43,081 - INFO -    ✅ Filtro de idioma: 456/557 repositórios mantidos (81.9% em português)
2026-09-25 21:10:43,081 - INFO - ✅ IFMT: 456 repositórios em português
2026-09-25 21:10:43,081 - INFO -    Palavras-chave: campo, sala, sistema, campos, ifmt, sistemas, campus, dados, curso, para
2026-09-25 21:10:46,082 - INFO - 
============================================================
2026-09-25 21:10:46,082 - INFO - 🏛️  Processando IFMT - Campus Alta Floresta
2026-09-25 21:10:46,082 - INFO - ============================================================
2026-09-25 21:10:46,082 - INFO - 
🔄 Iteração 1/3 para IFMT
2026-09-25 21:10:46,082 - INFO -   🔎 Testando: "campus alta"
2026-09-25 21:10:46,455 - INFO -      ✅ 0 resultados (eficiência: 0.00)
2026-09-25 21:10:47,456 - INFO -   🔎 Testando: "ifmt"
2026-09-25 21:11:03,594 - INFO -      ✅ 500 resultados (eficiência: 0.30)
2026-09-25 21:11:06,595 - INFO - 
🔄 Iteração 2/3 para IFMT
2026-09-25 21:11:06,595 - INFO -   ⚠️ Sem novas queries para testar
2026-09-25 21:11:06,596 - INFO - 
📊 Métricas finais para IFMT:
2026-09-25 21:11:06,596 - INFO -    Total de queries testadas: 2
2026-09-25 21:11:06,596 - INFO -    Queries com sucesso: 0
2026-09-25 21:11:06,611 - INFO -    🔤 Filtrando 500 repositórios por idioma (português)...
2026-09-25 21:11:07,941 - INFO -    ✅ Filtro de idioma: 401/500 repositórios mantidos (80.2% em português)
2026-09-25 21:11:07,941 - INFO - ✅ IFMT: 401 repositórios em português
2026-09-25 21:11:07,941 - INFO -    Palavras-chave: sala, sistema, ifmt, sistemas, campus, curso, para, internet, atividades, realizadas
2026-09-25 21:11:10,942 - INFO - 
============================================================
2026-09-25 21:11:10,942 - INFO - 🏛️  Processando IFMT - Campus Campo Verde
2026-09-25 21:11:10,942 - INFO - ============================================================
2026-09-25 21:11:10,942 - INFO - 
🔄 Iteração 1/3 para IFMT
2026-09-25 21:11:10,942 - INFO -   🔎 Testando: "campus campo"
2026-09-25 21:11:12,810 - INFO -      ✅ 57 resultados (eficiência: 0.17)
2026-09-25 21:11:13,810 - INFO -   🔎 Testando: "ifmt"
2026-09-25 21:11:29,802 - INFO -      ✅ 500 resultados (eficiência: 0.30)
2026-09-25 21:11:32,803 - INFO - 
🔄 Iteração 2/3 para IFMT
2026-09-25 21:11:32,803 - INFO -   ⚠️ Sem novas queries para testar
2026-09-25 21:11:32,804 - INFO - 
📊 Métricas finais para IFMT:
2026-09-25 21:11:32,804 - INFO -    Total de queries testadas: 2
2026-09-25 21:11:32,804 - INFO -    Queries com sucesso: 0
2026-09-25 21:11:32,821 - INFO -    🔤 Filtrando 557 repositórios por idioma (português)...
2026-09-25 21:11:34,253 - INFO -    ✅ Filtro de idioma: 456/557 repositórios mantidos (81.9% em português)
2026-09-25 21:11:34,253 - INFO - ✅ IFMT: 456 repositórios em português
2026-09-25 21:11:34,253 - INFO -    Palavras-chave: campo, sala, sistema, campos, ifmt, sistemas, campus, dados, curso, para
2026-09-25 21:11:37,254 - INFO - 
============================================================
2026-09-25 21:11:37,254 - INFO - 🏛️  Processando IFMT - Campus Diamantino
2026-09-25 21:11:37,254 - INFO - ============================================================
2026-09-25 21:11:37,254 - INFO - 
🔄 Iteração 1/3 para IFMT
2026-09-25 21:11:37,255 - INFO -   🔎 Testando: "ifmt"
2026-09-25 21:11:52,818 - INFO -      ✅ 500 resultados (eficiência: 0.30)
2026-09-25 21:11:55,818 - INFO - 
🔄 Iteração 2/3 para IFMT
2026-09-25 21:11:55,819 - INFO -   ⚠️ Sem novas queries para testar
2026-09-25 21:11:55,819 - INFO - 
📊 Métricas finais para IFMT:
2026-09-25 21:11:55,819 - INFO -    Total de queries testadas: 1
2026-09-25 21:11:55,819 - INFO -    Queries com sucesso: 0
2026-09-25 21:11:55,833 - INFO -    🔤 Filtrando 500 repositórios por idioma (português)...
2026-09-25 21:11:57,160 - INFO -    ✅ Filtro de idioma: 401/500 repositórios mantidos (80.2% em português)
2026-09-25 21:11:57,161 - INFO - ✅ IFMT: 401 repositórios em português
2026-09-25 21:11:57,161 - INFO -    Palavras-chave: sala, sistema, ifmt, sistemas, campus, curso, para, internet, atividades, realizadas
2026-09-25 21:12:00,161 - INFO - 
============================================================
2026-09-25 21:12:00,161 - INFO - 🏛️  Processando IFMT - Campus Guarantã do Norte
2026-09-25 21:12:00,161 - INFO - ============================================================
2026-09-25 21:12:00,161 - INFO - 
🔄 Iteração 1/3 para IFMT
2026-09-25 21:12:00,162 - INFO -   🔎 Testando: "campus guarantã"
2026-09-25 21:12:00,551 - INFO -      ✅ 0 resultados (eficiência: 0.00)
2026-09-25 21:12:01,551 - INFO -   🔎 Testando: "ifmt"
2026-09-25 21:12:17,290 - INFO -      ✅ 500 resultados (eficiência: 0.30)
2026-09-25 21:12:20,291 - INFO - 
🔄 Iteração 2/3 para IFMT
2026-09-25 21:12:20,291 - INFO -   ⚠️ Sem novas queries para testar
2026-09-25 21:12:20,292 - INFO - 
📊 Métricas finais para IFMT:
2026-09-25 21:12:20,292 - INFO -    Total de queries testadas: 2
2026-09-25 21:12:20,292 - INFO -    Queries com sucesso: 0
2026-09-25 21:12:20,306 - INFO -    🔤 Filtrando 500 repositórios por idioma (português)...
2026-09-25 21:12:21,621 - INFO -    ✅ Filtro de idioma: 401/500 repositórios mantidos (80.2% em português)
2026-09-25 21:12:21,621 - INFO - ✅ IFMT: 401 repositórios em português
2026-09-25 21:12:21,621 - INFO -    Palavras-chave: sala, sistema, ifmt, sistemas, campus, curso, para, internet, atividades, realizadas
2026-09-25 21:12:24,622 - INFO - 
============================================================
2026-09-25 21:12:24,622 - INFO - 🏛️  Processando IFMT - Campus Jauru
2026-09-25 21:12:24,622 - INFO - ============================================================
2026-09-25 21:12:24,622 - INFO - 
🔄 Iteração 1/3 para IFMT
2026-09-25 21:12:24,623 - INFO -   🔎 Testando: "ifmt"
2026-09-25 21:12:39,461 - INFO -      ✅ 500 resultados (eficiência: 0.30)
2026-09-25 21:12:42,462 - INFO - 
🔄 Iteração 2/3 para IFMT
2026-09-25 21:12:42,463 - INFO -   ⚠️ Sem novas queries para testar
2026-09-25 21:12:42,463 - INFO - 
📊 Métricas finais para IFMT:
2026-09-25 21:12:42,463 - INFO -    Total de queries testadas: 1
2026-09-25 21:12:42,463 - INFO -    Queries com sucesso: 0
2026-09-25 21:12:42,478 - INFO -    🔤 Filtrando 500 repositórios por idioma (português)...
2026-09-25 21:12:43,835 - INFO -    ✅ Filtro de idioma: 401/500 repositórios mantidos (80.2% em português)
2026-09-25 21:12:43,835 - INFO - ✅ IFMT: 401 repositórios em português
2026-09-25 21:12:43,835 - INFO -    Palavras-chave: sala, sistema, ifmt, sistemas, campus, curso, para, internet, atividades, realizadas
2026-09-25 21:12:46,836 - INFO - 
============================================================
2026-09-25 21:12:46,836 - INFO - 🏛️  Processando IFMT - Campus Lucas do Rio Verde
2026-09-25 21:12:46,836 - INFO - ============================================================
2026-09-25 21:12:46,836 - INFO - 
🔄 Iteração 1/3 para IFMT
2026-09-25 21:12:46,836 - INFO -   🔎 Testando: "campus lucas"
2026-09-25 21:12:47,314 - INFO -      ✅ 2 resultados (eficiência: 0.01)
2026-09-25 21:12:48,314 - INFO -   🔎 Testando: "ifmt"
2026-09-25 21:13:03,470 - INFO -      ✅ 500 resultados (eficiência: 0.30)
2026-09-25 21:13:06,471 - INFO - 
🔄 Iteração 2/3 para IFMT
2026-09-25 21:13:06,471 - INFO -   ⚠️ Sem novas queries para testar
2026-09-25 21:13:06,472 - INFO - 
📊 Métricas finais para IFMT:
2026-09-25 21:13:06,472 - INFO -    Total de queries testadas: 2
2026-09-25 21:13:06,472 - INFO -    Queries com sucesso: 0
2026-09-25 21:13:06,487 - INFO -    🔤 Filtrando 500 repositórios por idioma (português)...
2026-09-25 21:13:07,791 - INFO -    ✅ Filtro de idioma: 401/500 repositórios mantidos (80.2% em português)
2026-09-25 21:13:07,791 - INFO - ✅ IFMT: 401 repositórios em português
2026-09-25 21:13:07,791 - INFO -    Palavras-chave: sala, sistema, ifmt, sistemas, campus, curso, para, internet, atividades, realizadas
2026-09-25 21:13:10,792 - INFO - 
============================================================
2026-09-25 21:13:10,792 - INFO - 🏛️  Processando IFMT - Campus Nova Mutum
2026-09-25 21:13:10,792 - INFO - ============================================================
2026-09-25 21:13:10,792 - INFO - 
🔄 Iteração 1/3 para IFMT
2026-09-25 21:13:10,792 - INFO -   🔎 Testando: "campus nova"
2026-09-25 21:13:12,568 - INFO -      ✅ 60 resultados (eficiência: 0.18)
2026-09-25 21:13:13,568 - INFO -   🔎 Testando: "ifmt"
2026-09-25 21:13:29,168 - INFO -      ✅ 500 resultados (eficiência: 0.30)
2026-09-25 21:13:32,169 - INFO - 
🔄 Iteração 2/3 para IFMT
2026-09-25 21:13:32,169 - INFO -   ⚠️ Sem novas queries para testar
2026-09-25 21:13:32,170 - INFO - 
📊 Métricas finais para IFMT:
2026-09-25 21:13:32,170 - INFO -    Total de queries testadas: 2
2026-09-25 21:13:32,170 - INFO -    Queries com sucesso: 0
2026-09-25 21:13:32,186 - INFO -    🔤 Filtrando 560 repositórios por idioma (português)...
2026-09-25 21:13:33,770 - INFO -    ✅ Filtro de idioma: 448/560 repositórios mantidos (80.0% em português)
2026-09-25 21:13:33,770 - INFO - ✅ IFMT: 448 repositórios em português
2026-09-25 21:13:33,770 - INFO -    Palavras-chave: sala, sistema, desenvolvido, ifmt, sistemas, campus, nova, curso, para, internet
2026-09-25 21:13:36,771 - INFO - 
============================================================
2026-09-25 21:13:36,771 - INFO - 🏛️  Processando IFMT - Campus Nova Xavantina
2026-09-25 21:13:36,771 - INFO - ============================================================
2026-09-25 21:13:36,771 - INFO - 
🔄 Iteração 1/3 para IFMT
2026-09-25 21:13:36,771 - INFO -   🔎 Testando: "campus nova"
2026-09-25 21:13:38,579 - INFO -      ✅ 60 resultados (eficiência: 0.18)
2026-09-25 21:13:39,579 - INFO -   🔎 Testando: "ifmt"
2026-09-25 21:13:54,060 - INFO -      ✅ 500 resultados (eficiência: 0.30)
2026-09-25 21:13:57,061 - INFO - 
🔄 Iteração 2/3 para IFMT
2026-09-25 21:13:57,062 - INFO -   ⚠️ Sem novas queries para testar
2026-09-25 21:13:57,062 - INFO - 
📊 Métricas finais para IFMT:
2026-09-25 21:13:57,062 - INFO -    Total de queries testadas: 2
2026-09-25 21:13:57,062 - INFO -    Queries com sucesso: 0
2026-09-25 21:13:57,078 - INFO -    🔤 Filtrando 560 repositórios por idioma (português)...
2026-09-25 21:13:58,656 - INFO -    ✅ Filtro de idioma: 448/560 repositórios mantidos (80.0% em português)
2026-09-25 21:13:58,656 - INFO - ✅ IFMT: 448 repositórios em português
2026-09-25 21:13:58,656 - INFO -    Palavras-chave: sala, sistema, desenvolvido, ifmt, sistemas, campus, nova, curso, para, internet
2026-09-25 21:14:01,657 - INFO - 
============================================================
2026-09-25 21:14:01,657 - INFO - 🏛️  Processando IFMT - Campus Primavera do Leste
2026-09-25 21:14:01,657 - INFO - ============================================================
2026-09-25 21:14:01,657 - INFO - 
🔄 Iteração 1/3 para IFMT
2026-09-25 21:14:01,657 - INFO -   🔎 Testando: "campus primavera"
2026-09-25 21:14:02,148 - INFO -      ✅ 3 resultados (eficiência: 0.01)
2026-09-25 21:14:03,149 - INFO -   🔎 Testando: "ifmt"
2026-09-25 21:14:17,948 - INFO -      ✅ 500 resultados (eficiência: 0.30)
2026-09-25 21:14:20,949 - INFO - 
🔄 Iteração 2/3 para IFMT
2026-09-25 21:14:20,950 - INFO -   ⚠️ Sem novas queries para testar
2026-09-25 21:14:20,950 - INFO - 
📊 Métricas finais para IFMT:
2026-09-25 21:14:20,950 - INFO -    Total de queries testadas: 2
2026-09-25 21:14:20,950 - INFO -    Queries com sucesso: 0
2026-09-25 21:14:20,965 - INFO -    🔤 Filtrando 502 repositórios por idioma (português)...
2026-09-25 21:14:22,310 - INFO -    ✅ Filtro de idioma: 403/502 repositórios mantidos (80.3% em português)
2026-09-25 21:14:22,310 - INFO - ✅ IFMT: 403 repositórios em português
2026-09-25 21:14:22,310 - INFO -    Palavras-chave: sala, sistema, ifmt, sistemas, campus, curso, para, internet, atividades, realizadas
2026-09-25 21:14:25,310 - INFO - 
============================================================
2026-09-25 21:14:25,311 - INFO - 🏛️  Processando IFMT - Campus Sorriso
2026-09-25 21:14:25,311 - INFO - ============================================================
2026-09-25 21:14:25,311 - INFO - 
🔄 Iteração 1/3 para IFMT
2026-09-25 21:14:25,311 - INFO -   🔎 Testando: "ifmt"
2026-09-25 21:14:40,288 - INFO -      ✅ 500 resultados (eficiência: 0.30)
2026-09-25 21:14:43,289 - INFO - 
🔄 Iteração 2/3 para IFMT
2026-09-25 21:14:43,289 - INFO -   ⚠️ Sem novas queries para testar
2026-09-25 21:14:43,289 - INFO - 
📊 Métricas finais para IFMT:
2026-09-25 21:14:43,289 - INFO -    Total de queries testadas: 1
2026-09-25 21:14:43,290 - INFO -    Queries com sucesso: 0
2026-09-25 21:14:43,304 - INFO -    🔤 Filtrando 500 repositórios por idioma (português)...
2026-09-25 21:14:44,615 - INFO -    ✅ Filtro de idioma: 401/500 repositórios mantidos (80.2% em português)
2026-09-25 21:14:44,615 - INFO - ✅ IFMT: 401 repositórios em português
2026-09-25 21:14:44,615 - INFO -    Palavras-chave: sala, sistema, ifmt, sistemas, campus, curso, para, internet, atividades, realizadas
2026-09-25 21:14:47,615 - INFO - 
============================================================
2026-09-25 21:14:47,616 - INFO - 🏛️  Processando IFTO - Campus Palmas
2026-09-25 21:14:47,616 - INFO - ============================================================
2026-09-25 21:14:47,616 - INFO - 
🔄 Iteração 1/3 para IFTO
2026-09-25 21:14:47,616 - INFO -   🔎 Testando: "ifto"
2026-09-25 21:15:05,382 - INFO -      ✅ 500 resultados (eficiência: 0.30)
2026-09-25 21:15:08,382 - INFO - 
🔄 Iteração 2/3 para IFTO
2026-09-25 21:15:08,383 - INFO -   ⚠️ Sem novas queries para testar
2026-09-25 21:15:08,383 - INFO - 
📊 Métricas finais para IFTO:
2026-09-25 21:15:08,383 - INFO -    Total de queries testadas: 1
2026-09-25 21:15:08,383 - INFO -    Queries com sucesso: 0
2026-09-25 21:15:08,394 - INFO -    🔤 Filtrando 500 repositórios por idioma (português)...
2026-09-25 21:15:09,498 - INFO -    ✅ Filtro de idioma: 345/500 repositórios mantidos (69.0% em português)
2026-09-25 21:15:09,498 - INFO - ✅ IFTO: 345 repositórios em português
2026-09-25 21:15:09,498 - INFO -    Palavras-chave: ifto, sistema, plus, iftools, sistemas, campus, curso, para, atividades, desenvolvimento
2026-09-25 21:15:12,498 - INFO - 
============================================================
2026-09-25 21:15:12,499 - INFO - 🏛️  Processando IFTO - Campus Araguaína
2026-09-25 21:15:12,499 - INFO - ============================================================
2026-09-25 21:15:12,499 - INFO - 
🔄 Iteração 1/3 para IFTO
2026-09-25 21:15:12,499 - INFO -   🔎 Testando: "ifto"
2026-09-25 21:15:28,498 - INFO -      ✅ 500 resultados (eficiência: 0.30)
2026-09-25 21:15:31,499 - INFO - 
🔄 Iteração 2/3 para IFTO
2026-09-25 21:15:31,499 - INFO -   ⚠️ Sem novas queries para testar
2026-09-25 21:15:31,500 - INFO - 
📊 Métricas finais para IFTO:
2026-09-25 21:15:31,500 - INFO -    Total de queries testadas: 1
2026-09-25 21:15:31,500 - INFO -    Queries com sucesso: 0
2026-09-25 21:15:31,514 - INFO -    🔤 Filtrando 500 repositórios por idioma (português)...
2026-09-25 21:15:32,617 - INFO -    ✅ Filtro de idioma: 345/500 repositórios mantidos (69.0% em português)
2026-09-25 21:15:32,617 - INFO - ✅ IFTO: 345 repositórios em português
2026-09-25 21:15:32,617 - INFO -    Palavras-chave: ifto, sistema, plus, iftools, sistemas, campus, curso, para, atividades, desenvolvimento
2026-09-25 21:15:35,618 - INFO - 
============================================================
2026-09-25 21:15:35,618 - INFO - 🏛️  Processando IFTO - Campus Araguatins
2026-09-25 21:15:35,618 - INFO - ============================================================
2026-09-25 21:15:35,618 - INFO - 
🔄 Iteração 1/3 para IFTO
2026-09-25 21:15:35,619 - INFO -   🔎 Testando: "ifto"
2026-09-25 21:15:51,325 - INFO -      ✅ 500 resultados (eficiência: 0.30)
2026-09-25 21:15:54,326 - INFO - 
🔄 Iteração 2/3 para IFTO
2026-09-25 21:15:54,326 - INFO -   ⚠️ Sem novas queries para testar
2026-09-25 21:15:54,327 - INFO - 
📊 Métricas finais para IFTO:
2026-09-25 21:15:54,327 - INFO -    Total de queries testadas: 1
2026-09-25 21:15:54,327 - INFO -    Queries com sucesso: 0
2026-09-25 21:15:54,339 - INFO -    🔤 Filtrando 500 repositórios por idioma (português)...
2026-09-25 21:15:55,444 - INFO -    ✅ Filtro de idioma: 345/500 repositórios mantidos (69.0% em português)
2026-09-25 21:15:55,444 - INFO - ✅ IFTO: 345 repositórios em português
2026-09-25 21:15:55,444 - INFO -    Palavras-chave: ifto, sistema, plus, iftools, sistemas, campus, curso, para, atividades, desenvolvimento
2026-09-25 21:15:58,445 - INFO - 
============================================================
2026-09-25 21:15:58,445 - INFO - 🏛️  Processando IFTO - Campus Gurupi
2026-09-25 21:15:58,445 - INFO - ============================================================
2026-09-25 21:15:58,445 - INFO - 
🔄 Iteração 1/3 para IFTO
2026-09-25 21:15:58,445 - INFO -   🔎 Testando: "ifto"
2026-09-25 21:16:14,560 - INFO -      ✅ 500 resultados (eficiência: 0.30)
2026-09-25 21:16:17,561 - INFO - 
🔄 Iteração 2/3 para IFTO
2026-09-25 21:16:17,561 - INFO -   ⚠️ Sem novas queries para testar
2026-09-25 21:16:17,562 - INFO - 
📊 Métricas finais para IFTO:
2026-09-25 21:16:17,562 - INFO -    Total de queries testadas: 1
2026-09-25 21:16:17,562 - INFO -    Queries com sucesso: 0
2026-09-25 21:16:17,575 - INFO -    🔤 Filtrando 500 repositórios por idioma (português)...
2026-09-25 21:16:18,676 - INFO -    ✅ Filtro de idioma: 345/500 repositórios mantidos (69.0% em português)
2026-09-25 21:16:18,676 - INFO - ✅ IFTO: 345 repositórios em português
2026-09-25 21:16:18,676 - INFO -    Palavras-chave: ifto, sistema, plus, iftools, sistemas, campus, curso, para, atividades, desenvolvimento
2026-09-25 21:16:21,676 - INFO - 
============================================================
2026-09-25 21:16:21,677 - INFO - 🏛️  Processando IFTO - Campus Porto Nacional
2026-09-25 21:16:21,677 - INFO - ============================================================
2026-09-25 21:16:21,677 - INFO - 
🔄 Iteração 1/3 para IFTO
2026-09-25 21:16:21,677 - INFO -   🔎 Testando: "ifto"
2026-09-25 21:16:36,924 - INFO -      ✅ 500 resultados (eficiência: 0.30)
2026-09-25 21:16:37,925 - INFO -   🔎 Testando: "campus porto"
2026-09-25 21:16:39,103 - INFO -      ✅ 34 resultados (eficiência: 0.10)
2026-09-25 21:16:42,103 - INFO - 
🔄 Iteração 2/3 para IFTO
2026-09-25 21:16:42,104 - INFO -   ⚠️ Sem novas queries para testar
2026-09-25 21:16:42,104 - INFO - 
📊 Métricas finais para IFTO:
2026-09-25 21:16:42,104 - INFO -    Total de queries testadas: 2
2026-09-25 21:16:42,105 - INFO -    Queries com sucesso: 0
2026-09-25 21:16:42,120 - INFO -    🔤 Filtrando 533 repositórios por idioma (português)...
2026-09-25 21:16:43,302 - INFO -    ✅ Filtro de idioma: 377/533 repositórios mantidos (70.7% em português)
2026-09-25 21:16:43,302 - INFO - ✅ IFTO: 377 repositórios em português
2026-09-25 21:16:43,302 - INFO -    Palavras-chave: ifto, sistema, sistemas, campus, trabalho, curso, para, porto, atividades, desenvolvimento
2026-09-25 21:16:46,303 - INFO - 
============================================================
2026-09-25 21:16:46,303 - INFO - 🏛️  Processando IFTO - Campus Paraíso do Tocantins
2026-09-25 21:16:46,303 - INFO - ============================================================
2026-09-25 21:16:46,303 - INFO - 
🔄 Iteração 1/3 para IFTO
2026-09-25 21:16:46,304 - INFO -   🔎 Testando: "ifto"
2026-09-25 21:17:01,341 - INFO -      ✅ 500 resultados (eficiência: 0.30)
2026-09-25 21:17:02,342 - INFO -   🔎 Testando: "campus paraíso"
2026-09-25 21:17:03,253 - INFO -      ✅ 11 resultados (eficiência: 0.03)
2026-09-25 21:17:06,254 - INFO - 
🔄 Iteração 2/3 para IFTO
2026-09-25 21:17:06,254 - INFO -   ⚠️ Sem novas queries para testar
2026-09-25 21:17:06,254 - INFO - 
📊 Métricas finais para IFTO:
2026-09-25 21:17:06,255 - INFO -    Total de queries testadas: 2
2026-09-25 21:17:06,255 - INFO -    Queries com sucesso: 0
2026-09-25 21:17:06,268 - INFO -    🔤 Filtrando 507 repositórios por idioma (português)...
2026-09-25 21:17:07,411 - INFO -    ✅ Filtro de idioma: 352/507 repositórios mantidos (69.4% em português)
2026-09-25 21:17:07,411 - INFO - ✅ IFTO: 352 repositórios em português
2026-09-25 21:17:07,411 - INFO -    Palavras-chave: ifto, sistema, iftools, sistemas, campus, trabalho, curso, para, atividades, desenvolvimento
2026-09-25 21:17:10,412 - INFO - 
============================================================
2026-09-25 21:17:10,412 - INFO - 🏛️  Processando IFTO - Campus Formoso do Araguaia
2026-09-25 21:17:10,412 - INFO - ============================================================
2026-09-25 21:17:10,412 - INFO - 
🔄 Iteração 1/3 para IFTO
2026-09-25 21:17:10,412 - INFO -   🔎 Testando: "campus formoso"
2026-09-25 21:17:10,805 - INFO -      ✅ 0 resultados (eficiência: 0.00)
2026-09-25 21:17:11,806 - INFO -   🔎 Testando: "ifto"
2026-09-25 21:17:27,111 - INFO -      ✅ 500 resultados (eficiência: 0.30)
2026-09-25 21:17:30,111 - INFO - 
🔄 Iteração 2/3 para IFTO
2026-09-25 21:17:30,112 - INFO -   ⚠️ Sem novas queries para testar
2026-09-25 21:17:30,112 - INFO - 
📊 Métricas finais para IFTO:
2026-09-25 21:17:30,112 - INFO -    Total de queries testadas: 2
2026-09-25 21:17:30,112 - INFO -    Queries com sucesso: 0
2026-09-25 21:17:30,127 - INFO -    🔤 Filtrando 500 repositórios por idioma (português)...
2026-09-25 21:17:31,246 - INFO -    ✅ Filtro de idioma: 345/500 repositórios mantidos (69.0% em português)
2026-09-25 21:17:31,246 - INFO - ✅ IFTO: 345 repositórios em português
2026-09-25 21:17:31,246 - INFO -    Palavras-chave: ifto, sistema, plus, iftools, sistemas, campus, curso, para, atividades, desenvolvimento
2026-09-25 21:17:34,247 - INFO - 
============================================================
2026-09-25 21:17:34,247 - INFO - 🏛️  Processando IFTO - Campus Lagoa da Confusão
2026-09-25 21:17:34,247 - INFO - ============================================================
2026-09-25 21:17:34,247 - INFO - 
🔄 Iteração 1/3 para IFTO
2026-09-25 21:17:34,247 - INFO -   🔎 Testando: "ifto"
2026-09-25 21:17:49,739 - INFO -      ✅ 500 resultados (eficiência: 0.30)
2026-09-25 21:17:50,740 - INFO -   🔎 Testando: "campus lagoa"
2026-09-25 21:17:51,179 - INFO -      ✅ 1 resultados (eficiência: 0.00)
2026-09-25 21:17:54,180 - INFO - 
🔄 Iteração 2/3 para IFTO
2026-09-25 21:17:54,180 - INFO -   ⚠️ Sem novas queries para testar
2026-09-25 21:17:54,181 - INFO - 
📊 Métricas finais para IFTO:
2026-09-25 21:17:54,181 - INFO -    Total de queries testadas: 2
2026-09-25 21:17:54,181 - INFO -    Queries com sucesso: 0
2026-09-25 21:17:54,193 - INFO -    🔤 Filtrando 501 repositórios por idioma (português)...
2026-09-25 21:17:55,321 - INFO -    ✅ Filtro de idioma: 346/501 repositórios mantidos (69.1% em português)
2026-09-25 21:17:55,321 - INFO - ✅ IFTO: 346 repositórios em português
2026-09-25 21:17:55,321 - INFO -    Palavras-chave: ifto, sistema, plus, iftools, sistemas, campus, curso, para, atividades, desenvolvimento
2026-09-25 21:17:58,322 - INFO - 
============================================================
2026-09-25 21:17:58,322 - INFO - 🏛️  Processando IFTO - Campus Pedro Afonso
2026-09-25 21:17:58,322 - INFO - ============================================================
2026-09-25 21:17:58,322 - INFO - 
🔄 Iteração 1/3 para IFTO
2026-09-25 21:17:58,322 - INFO -   🔎 Testando: "campus pedro"
2026-09-25 21:17:59,055 - INFO -      ✅ 8 resultados (eficiência: 0.02)
2026-09-25 21:18:00,056 - INFO -   🔎 Testando: "ifto"
2026-09-25 21:18:16,516 - INFO -      ✅ 500 resultados (eficiência: 0.30)
2026-09-25 21:18:19,516 - INFO - 
🔄 Iteração 2/3 para IFTO
2026-09-25 21:18:19,517 - INFO -   ⚠️ Sem novas queries para testar
2026-09-25 21:18:19,517 - INFO - 
📊 Métricas finais para IFTO:
2026-09-25 21:18:19,517 - INFO -    Total de queries testadas: 2
2026-09-25 21:18:19,517 - INFO -    Queries com sucesso: 0
2026-09-25 21:18:19,530 - INFO -    🔤 Filtrando 508 repositórios por idioma (português)...
2026-09-25 21:18:20,671 - INFO -    ✅ Filtro de idioma: 353/508 repositórios mantidos (69.5% em português)
2026-09-25 21:18:20,671 - INFO - ✅ IFTO: 353 repositórios em português
2026-09-25 21:18:20,671 - INFO -    Palavras-chave: ifto, sistema, iftools, sistemas, campus, curso, para, atividades, site, desenvolvimento
2026-09-25 21:18:23,672 - INFO - 
============================================================
2026-09-25 21:18:23,672 - INFO - 🏛️  Processando IFTO - Campus Colinas do Tocantins
2026-09-25 21:18:23,672 - INFO - ============================================================
2026-09-25 21:18:23,673 - INFO - 
🔄 Iteração 1/3 para IFTO
2026-09-25 21:18:23,673 - INFO -   🔎 Testando: "campus colinas"
2026-09-25 21:18:24,147 - INFO -      ✅ 2 resultados (eficiência: 0.01)
2026-09-25 21:18:25,148 - INFO -   🔎 Testando: "ifto"
2026-09-25 21:18:39,911 - INFO -      ✅ 500 resultados (eficiência: 0.30)
2026-09-25 21:18:42,911 - INFO - 
🔄 Iteração 2/3 para IFTO
2026-09-25 21:18:42,912 - INFO -   ⚠️ Sem novas queries para testar
2026-09-25 21:18:42,912 - INFO - 
📊 Métricas finais para IFTO:
2026-09-25 21:18:42,912 - INFO -    Total de queries testadas: 2
2026-09-25 21:18:42,912 - INFO -    Queries com sucesso: 0
2026-09-25 21:18:42,926 - INFO -    🔤 Filtrando 501 repositórios por idioma (português)...
2026-09-25 21:18:44,056 - INFO -    ✅ Filtro de idioma: 346/501 repositórios mantidos (69.1% em português)
2026-09-25 21:18:44,056 - INFO - ✅ IFTO: 346 repositórios em português
2026-09-25 21:18:44,056 - INFO -    Palavras-chave: ifto, sistema, plus, iftools, sistemas, campus, curso, para, atividades, desenvolvimento
2026-09-25 21:18:47,057 - INFO - 
============================================================
2026-09-25 21:18:47,057 - INFO - 🏛️  Processando IFTO - Campus Dianópolis
2026-09-25 21:18:47,057 - INFO - ============================================================
2026-09-25 21:18:47,057 - INFO - 
🔄 Iteração 1/3 para IFTO
2026-09-25 21:18:47,057 - INFO -   🔎 Testando: "ifto"
2026-09-25 21:19:02,276 - INFO -      ✅ 500 resultados (eficiência: 0.30)
2026-09-25 21:19:05,277 - INFO - 
🔄 Iteração 2/3 para IFTO
2026-09-25 21:19:05,277 - INFO -   ⚠️ Sem novas queries para testar
2026-09-25 21:19:05,277 - INFO - 
📊 Métricas finais para IFTO:
2026-09-25 21:19:05,277 - INFO -    Total de queries testadas: 1
2026-09-25 21:19:05,278 - INFO -    Queries com sucesso: 0
2026-09-25 21:19:05,291 - INFO -    🔤 Filtrando 500 repositórios por idioma (português)...
2026-09-25 21:19:06,421 - INFO -    ✅ Filtro de idioma: 345/500 repositórios mantidos (69.0% em português)
2026-09-25 21:19:06,422 - INFO - ✅ IFTO: 345 repositórios em português
2026-09-25 21:19:06,422 - INFO -    Palavras-chave: ifto, sistema, plus, iftools, sistemas, campus, curso, para, atividades, desenvolvimento
2026-09-25 21:19:09,422 - INFO - 
============================================================
2026-09-25 21:19:09,423 - INFO - 🏛️  Processando IFFar - Campus Alegrete
2026-09-25 21:19:09,423 - INFO - ============================================================
2026-09-25 21:19:09,423 - INFO - 
🔄 Iteração 1/3 para IFFar
2026-09-25 21:19:09,423 - INFO -   🔎 Testando: "iffar"
2026-09-25 21:19:15,347 - INFO -      ✅ 191 resultados (eficiência: 0.30)
2026-09-25 21:19:18,348 - INFO - 
🔄 Iteração 2/3 para IFFar
2026-09-25 21:19:18,348 - INFO -   ⚠️ Sem novas queries para testar
2026-09-25 21:19:18,348 - INFO - 
📊 Métricas finais para IFFar:
2026-09-25 21:19:18,348 - INFO -    Total de queries testadas: 1
2026-09-25 21:19:18,348 - INFO -    Queries com sucesso: 0
2026-09-25 21:19:18,355 - INFO -    🔤 Filtrando 191 repositórios por idioma (português)...
2026-09-25 21:19:18,836 - INFO -    ✅ Filtro de idioma: 166/191 repositórios mantidos (86.9% em português)
2026-09-25 21:19:18,836 - INFO - ✅ IFFar: 166 repositórios em português
2026-09-25 21:19:18,836 - INFO -    Palavras-chave: sistema, dados, campus, trabalho, git, curso, para, java, site, aulas
2026-09-25 21:19:21,837 - INFO - 
============================================================
2026-09-25 21:19:21,837 - INFO - 🏛️  Processando IFFar - Campus Santo Augusto
2026-09-25 21:19:21,837 - INFO - ============================================================
2026-09-25 21:19:21,837 - INFO - 
🔄 Iteração 1/3 para IFFar
2026-09-25 21:19:21,837 - INFO -   🔎 Testando: "iffar"
2026-09-25 21:19:26,332 - INFO -      ✅ 191 resultados (eficiência: 0.30)
2026-09-25 21:19:27,332 - INFO -   🔎 Testando: "campus santo"
2026-09-25 21:19:28,353 - INFO -      ✅ 30 resultados (eficiência: 0.09)
2026-09-25 21:19:31,353 - INFO - 
🔄 Iteração 2/3 para IFFar
2026-09-25 21:19:31,354 - INFO -   ⚠️ Sem novas queries para testar
2026-09-25 21:19:31,354 - INFO - 
📊 Métricas finais para IFFar:
2026-09-25 21:19:31,354 - INFO -    Total de queries testadas: 2
2026-09-25 21:19:31,354 - INFO -    Queries com sucesso: 0
2026-09-25 21:19:31,365 - INFO -    🔤 Filtrando 217 repositórios por idioma (português)...
2026-09-25 21:19:31,895 - INFO -    ✅ Filtro de idioma: 192/217 repositórios mantidos (88.5% em português)
2026-09-25 21:19:31,895 - INFO - ✅ IFFar: 192 repositórios em português
2026-09-25 21:19:31,895 - INFO -    Palavras-chave: semestre, sistema, dados, campus, santo, trabalho, curso, para, amaro, site
2026-09-25 21:19:34,895 - INFO - 
============================================================
2026-09-25 21:19:34,896 - INFO - 🏛️  Processando IFFar - Campus São Vicente do Sul
2026-09-25 21:19:34,896 - INFO - ============================================================
2026-09-25 21:19:34,896 - INFO - 
🔄 Iteração 1/3 para IFFar
2026-09-25 21:19:34,896 - INFO -   🔎 Testando: "iffar"
2026-09-25 21:19:40,192 - INFO -      ✅ 191 resultados (eficiência: 0.30)
2026-09-25 21:19:41,193 - INFO -   🔎 Testando: "campus são"
2026-09-25 21:19:51,015 - INFO -      ✅ 310 resultados (eficiência: 0.30)
2026-09-25 21:19:54,016 - INFO - 
🔄 Iteração 2/3 para IFFar
2026-09-25 21:19:54,016 - INFO -   ⚠️ Sem novas queries para testar
2026-09-25 21:19:54,016 - INFO - 
📊 Métricas finais para IFFar:
2026-09-25 21:19:54,016 - INFO -    Total de queries testadas: 2
2026-09-25 21:19:54,016 - INFO -    Queries com sucesso: 0
2026-09-25 21:19:54,037 - INFO -    🔤 Filtrando 500 repositórios por idioma (português)...
2026-09-25 21:19:54,879 - INFO -    ✅ Filtro de idioma: 471/500 repositórios mantidos (94.2% em português)
2026-09-25 21:19:54,879 - INFO - ✅ IFFar: 471 repositórios em português
2026-09-25 21:19:54,879 - INFO -    Palavras-chave: carlos, sistemas, campus, federal, instituto, engenharia, curso, para, ifsp, ifsc
2026-09-25 21:19:57,880 - INFO - 
============================================================
2026-09-25 21:19:57,880 - INFO - 🏛️  Processando IFFar - Campus Júlio de Castilhos
2026-09-25 21:19:57,880 - INFO - ============================================================
2026-09-25 21:19:57,880 - INFO - 
🔄 Iteração 1/3 para IFFar
2026-09-25 21:19:57,880 - INFO -   🔎 Testando: "iffar"
2026-09-25 21:20:03,483 - INFO -      ✅ 191 resultados (eficiência: 0.30)
2026-09-25 21:20:04,484 - INFO -   🔎 Testando: "campus júlio"
2026-09-25 21:20:04,963 - INFO -      ✅ 3 resultados (eficiência: 0.01)
2026-09-25 21:20:07,964 - INFO - 
🔄 Iteração 2/3 para IFFar
2026-09-25 21:20:07,965 - INFO -   ⚠️ Sem novas queries para testar
2026-09-25 21:20:07,965 - INFO - 
📊 Métricas finais para IFFar:
2026-09-25 21:20:07,965 - INFO -    Total de queries testadas: 2
2026-09-25 21:20:07,965 - INFO -    Queries com sucesso: 0
2026-09-25 21:20:07,975 - INFO -    🔤 Filtrando 192 repositórios por idioma (português)...
2026-09-25 21:20:08,462 - INFO -    ✅ Filtro de idioma: 167/192 repositórios mantidos (87.0% em português)
2026-09-25 21:20:08,462 - INFO - ✅ IFFar: 167 repositórios em português
2026-09-25 21:20:08,462 - INFO -    Palavras-chave: programação, sistema, dados, campus, trabalho, curso, para, java, site, aulas
2026-09-25 21:20:11,463 - INFO - 
============================================================
2026-09-25 21:20:11,463 - INFO - 🏛️  Processando IFFar - Campus Panambi
2026-09-25 21:20:11,463 - INFO - ============================================================
2026-09-25 21:20:11,463 - INFO - 
🔄 Iteração 1/3 para IFFar
2026-09-25 21:20:11,463 - INFO -   🔎 Testando: "iffar"
2026-09-25 21:20:16,176 - INFO -      ✅ 191 resultados (eficiência: 0.30)
2026-09-25 21:20:19,177 - INFO - 
🔄 Iteração 2/3 para IFFar
2026-09-25 21:20:19,178 - INFO -   ⚠️ Sem novas queries para testar
2026-09-25 21:20:19,178 - INFO - 
📊 Métricas finais para IFFar:
2026-09-25 21:20:19,178 - INFO -    Total de queries testadas: 1
2026-09-25 21:20:19,178 - INFO -    Queries com sucesso: 0
2026-09-25 21:20:19,188 - INFO -    🔤 Filtrando 191 repositórios por idioma (português)...
2026-09-25 21:20:19,667 - INFO -    ✅ Filtro de idioma: 166/191 repositórios mantidos (86.9% em português)
2026-09-25 21:20:19,667 - INFO - ✅ IFFar: 166 repositórios em português
2026-09-25 21:20:19,667 - INFO -    Palavras-chave: sistema, dados, campus, trabalho, git, curso, para, java, site, aulas
2026-09-25 21:20:22,668 - INFO - 
============================================================
2026-09-25 21:20:22,668 - INFO - 🏛️  Processando IFFar - Campus Santa Rosa
2026-09-25 21:20:22,668 - INFO - ============================================================
2026-09-25 21:20:22,668 - INFO - 
🔄 Iteração 1/3 para IFFar
2026-09-25 21:20:22,668 - INFO -   🔎 Testando: "iffar"
2026-09-25 21:20:28,445 - INFO -      ✅ 191 resultados (eficiência: 0.30)
2026-09-25 21:20:29,446 - INFO -   🔎 Testando: "campus santa"
2026-09-25 21:20:31,339 - INFO -      ✅ 58 resultados (eficiência: 0.17)
2026-09-25 21:20:34,340 - INFO - 
🔄 Iteração 2/3 para IFFar
2026-09-25 21:20:34,340 - INFO -   ⚠️ Sem novas queries para testar
2026-09-25 21:20:34,341 - INFO - 
📊 Métricas finais para IFFar:
2026-09-25 21:20:34,341 - INFO -    Total de queries testadas: 2
2026-09-25 21:20:34,341 - INFO -    Queries com sucesso: 0
2026-09-25 21:20:34,352 - INFO -    🔤 Filtrando 248 repositórios por idioma (português)...
2026-09-25 21:20:34,993 - INFO -    ✅ Filtro de idioma: 223/248 repositórios mantidos (89.9% em português)
2026-09-25 21:20:34,993 - INFO - ✅ IFFar: 223 repositórios em português
2026-09-25 21:20:34,993 - INFO -    Palavras-chave: campus santa, sistema, desenvolvido, dados, campus, trabalho, curso, para, semana, santa
2026-09-25 21:20:37,993 - INFO - 
============================================================
2026-09-25 21:20:37,994 - INFO - 🏛️  Processando IFFar - Campus São Borja
2026-09-25 21:20:37,994 - INFO - ============================================================
2026-09-25 21:20:37,994 - INFO - 
🔄 Iteração 1/3 para IFFar
2026-09-25 21:20:37,994 - INFO -   🔎 Testando: "iffar"
2026-09-25 21:20:44,019 - INFO -      ✅ 191 resultados (eficiência: 0.30)
2026-09-25 21:20:45,020 - INFO -   🔎 Testando: "campus são"
2026-09-25 21:20:55,255 - INFO -      ✅ 310 resultados (eficiência: 0.30)
2026-09-25 21:20:58,256 - INFO - 
🔄 Iteração 2/3 para IFFar
2026-09-25 21:20:58,256 - INFO -   ⚠️ Sem novas queries para testar
2026-09-25 21:20:58,257 - INFO - 
📊 Métricas finais para IFFar:
2026-09-25 21:20:58,257 - INFO -    Total de queries testadas: 2
2026-09-25 21:20:58,257 - INFO -    Queries com sucesso: 0
2026-09-25 21:20:58,277 - INFO -    🔤 Filtrando 500 repositórios por idioma (português)...
2026-09-25 21:20:59,137 - INFO -    ✅ Filtro de idioma: 471/500 repositórios mantidos (94.2% em português)
2026-09-25 21:20:59,138 - INFO - ✅ IFFar: 471 repositórios em português
2026-09-25 21:20:59,138 - INFO -    Palavras-chave: carlos, sistemas, campus, federal, instituto, engenharia, curso, para, ifsp, ifsc
2026-09-25 21:21:02,138 - INFO - 
============================================================
2026-09-25 21:21:02,138 - INFO - 🏛️  Processando IFFar - Campus Frederico Westphalen
2026-09-25 21:21:02,139 - INFO - ============================================================
2026-09-25 21:21:02,139 - INFO - 
🔄 Iteração 1/3 para IFFar
2026-09-25 21:21:02,139 - INFO -   🔎 Testando: "iffar"
2026-09-25 21:21:07,500 - INFO -      ✅ 191 resultados (eficiência: 0.30)
2026-09-25 21:21:08,500 - INFO -   🔎 Testando: "campus frederico"
2026-09-25 21:21:09,216 - INFO -      ✅ 8 resultados (eficiência: 0.02)
2026-09-25 21:21:12,217 - INFO - 
🔄 Iteração 2/3 para IFFar
2026-09-25 21:21:12,218 - INFO -   ⚠️ Sem novas queries para testar
2026-09-25 21:21:12,218 - INFO - 
📊 Métricas finais para IFFar:
2026-09-25 21:21:12,218 - INFO -    Total de queries testadas: 2
2026-09-25 21:21:12,218 - INFO -    Queries com sucesso: 0
2026-09-25 21:21:12,228 - INFO -    🔤 Filtrando 196 repositórios por idioma (português)...
2026-09-25 21:21:12,727 - INFO -    ✅ Filtro de idioma: 171/196 repositórios mantidos (87.2% em português)
2026-09-25 21:21:12,727 - INFO - ✅ IFFar: 171 repositórios em português
2026-09-25 21:21:12,727 - INFO -    Palavras-chave: sistema, dados, campus, trabalho, federal, curso, para, java, site, aulas
2026-09-25 21:21:15,728 - INFO - 
============================================================
2026-09-25 21:21:15,728 - INFO - 🏛️  Processando IFFar - Campus Jaguari
2026-09-25 21:21:15,728 - INFO - ============================================================
2026-09-25 21:21:15,728 - INFO - 
🔄 Iteração 1/3 para IFFar
2026-09-25 21:21:15,728 - INFO -   🔎 Testando: "iffar"
2026-09-25 21:21:20,271 - INFO -      ✅ 191 resultados (eficiência: 0.30)
2026-09-25 21:21:23,272 - INFO - 
🔄 Iteração 2/3 para IFFar
2026-09-25 21:21:23,272 - INFO -   ⚠️ Sem novas queries para testar
2026-09-25 21:21:23,273 - INFO - 
📊 Métricas finais para IFFar:
2026-09-25 21:21:23,273 - INFO -    Total de queries testadas: 1
2026-09-25 21:21:23,273 - INFO -    Queries com sucesso: 0
2026-09-25 21:21:23,283 - INFO -    🔤 Filtrando 191 repositórios por idioma (português)...
2026-09-25 21:21:23,765 - INFO -    ✅ Filtro de idioma: 166/191 repositórios mantidos (86.9% em português)
2026-09-25 21:21:23,765 - INFO - ✅ IFFar: 166 repositórios em português
2026-09-25 21:21:23,765 - INFO -    Palavras-chave: sistema, dados, campus, trabalho, git, curso, para, java, site, aulas
2026-09-25 21:21:26,766 - INFO - 
============================================================
2026-09-25 21:21:26,766 - INFO - 🏛️  Processando IFFar - Campus Santo Ângelo
2026-09-25 21:21:26,766 - INFO - ============================================================
2026-09-25 21:21:26,766 - INFO - 
🔄 Iteração 1/3 para IFFar
2026-09-25 21:21:26,766 - INFO -   🔎 Testando: "iffar"
2026-09-25 21:21:32,701 - INFO -      ✅ 191 resultados (eficiência: 0.30)
2026-09-25 21:21:33,701 - INFO -   🔎 Testando: "campus santo"
2026-09-25 21:21:34,872 - INFO -      ✅ 30 resultados (eficiência: 0.09)
2026-09-25 21:21:37,873 - INFO - 
🔄 Iteração 2/3 para IFFar
2026-09-25 21:21:37,873 - INFO -   ⚠️ Sem novas queries para testar
2026-09-25 21:21:37,873 - INFO - 
📊 Métricas finais para IFFar:
2026-09-25 21:21:37,873 - INFO -    Total de queries testadas: 2
2026-09-25 21:21:37,873 - INFO -    Queries com sucesso: 0
2026-09-25 21:21:37,884 - INFO -    🔤 Filtrando 217 repositórios por idioma (português)...
2026-09-25 21:21:38,416 - INFO -    ✅ Filtro de idioma: 192/217 repositórios mantidos (88.5% em português)
2026-09-25 21:21:38,416 - INFO - ✅ IFFar: 192 repositórios em português
2026-09-25 21:21:38,416 - INFO -    Palavras-chave: semestre, sistema, dados, campus, santo, trabalho, curso, para, amaro, site
2026-09-25 21:21:41,417 - INFO - 
============================================================
2026-09-25 21:21:41,417 - INFO - 🏛️  Processando IFSul - Campus Avançado
2026-09-25 21:21:41,417 - INFO - ============================================================
2026-09-25 21:21:41,417 - INFO - 
🔄 Iteração 1/3 para IFSul
2026-09-25 21:21:41,417 - INFO -   🔎 Testando: "ifsul"
2026-09-25 21:21:59,213 - INFO -      ✅ 500 resultados (eficiência: 0.30)
2026-09-25 21:22:02,214 - INFO - 
🔄 Iteração 2/3 para IFSul
2026-09-25 21:22:02,214 - INFO -   ⚠️ Sem novas queries para testar
2026-09-25 21:22:02,215 - INFO - 
📊 Métricas finais para IFSul:
2026-09-25 21:22:02,215 - INFO -    Total de queries testadas: 1
2026-09-25 21:22:02,215 - INFO -    Queries com sucesso: 0
2026-09-25 21:22:02,230 - INFO -    🔤 Filtrando 500 repositórios por idioma (português)...
2026-09-25 21:22:03,492 - INFO -    ✅ Filtro de idioma: 376/500 repositórios mantidos (75.2% em português)
2026-09-25 21:22:03,492 - INFO - ✅ IFSul: 376 repositórios em português
2026-09-25 21:22:03,492 - INFO -    Palavras-chave: ifsuldeminas, sistema, sistemas, trabalho, campus, curso, para, site, atividades, desenvolvimento
2026-09-25 21:22:06,493 - INFO - 
============================================================
2026-09-25 21:22:06,493 - INFO - 🏛️  Processando IFSul - Campus Charqueadas
2026-09-25 21:22:06,493 - INFO - ============================================================
2026-09-25 21:22:06,493 - INFO - 
🔄 Iteração 1/3 para IFSul
2026-09-25 21:22:06,493 - INFO -   🔎 Testando: "ifsul"
2026-09-25 21:22:22,092 - INFO -      ✅ 500 resultados (eficiência: 0.30)
2026-09-25 21:22:25,093 - INFO - 
🔄 Iteração 2/3 para IFSul
2026-09-25 21:22:25,093 - INFO -   ⚠️ Sem novas queries para testar
2026-09-25 21:22:25,094 - INFO - 
📊 Métricas finais para IFSul:
2026-09-25 21:22:25,094 - INFO -    Total de queries testadas: 1
2026-09-25 21:22:25,094 - INFO -    Queries com sucesso: 0
2026-09-25 21:22:25,108 - INFO -    🔤 Filtrando 500 repositórios por idioma (português)...
2026-09-25 21:22:26,369 - INFO -    ✅ Filtro de idioma: 376/500 repositórios mantidos (75.2% em português)
2026-09-25 21:22:26,369 - INFO - ✅ IFSul: 376 repositórios em português
2026-09-25 21:22:26,369 - INFO -    Palavras-chave: ifsuldeminas, sistema, sistemas, trabalho, campus, curso, para, site, atividades, desenvolvimento
2026-09-25 21:22:29,370 - INFO - 
============================================================
2026-09-25 21:22:29,370 - INFO - 🏛️  Processando IFSul - Campus Gravataí
2026-09-25 21:22:29,370 - INFO - ============================================================
2026-09-25 21:22:29,370 - INFO - 
🔄 Iteração 1/3 para IFSul
2026-09-25 21:22:29,370 - INFO -   🔎 Testando: "ifsul"
2026-09-25 21:22:46,014 - INFO -      ✅ 500 resultados (eficiência: 0.30)
2026-09-25 21:22:49,015 - INFO - 
🔄 Iteração 2/3 para IFSul
2026-09-25 21:22:49,015 - INFO -   ⚠️ Sem novas queries para testar
2026-09-25 21:22:49,016 - INFO - 
📊 Métricas finais para IFSul:
2026-09-25 21:22:49,016 - INFO -    Total de queries testadas: 1
2026-09-25 21:22:49,016 - INFO -    Queries com sucesso: 0
2026-09-25 21:22:49,034 - INFO -    🔤 Filtrando 500 repositórios por idioma (português)...
2026-09-25 21:22:50,286 - INFO -    ✅ Filtro de idioma: 376/500 repositórios mantidos (75.2% em português)
2026-09-25 21:22:50,286 - INFO - ✅ IFSul: 376 repositórios em português
2026-09-25 21:22:50,286 - INFO -    Palavras-chave: ifsuldeminas, sistema, sistemas, trabalho, campus, curso, para, site, atividades, desenvolvimento
2026-09-25 21:22:53,286 - INFO - 
============================================================
2026-09-25 21:22:53,286 - INFO - 🏛️  Processando IFSul - Campus Gualba
2026-09-25 21:22:53,286 - INFO - ============================================================
2026-09-25 21:22:53,286 - INFO - 
🔄 Iteração 1/3 para IFSul
2026-09-25 21:22:53,287 - INFO -   🔎 Testando: "ifsul"
2026-09-25 21:23:08,404 - INFO -      ✅ 500 resultados (eficiência: 0.30)
2026-09-25 21:23:11,405 - INFO - 
🔄 Iteração 2/3 para IFSul
2026-09-25 21:23:11,405 - INFO -   ⚠️ Sem novas queries para testar
2026-09-25 21:23:11,406 - INFO - 
📊 Métricas finais para IFSul:
2026-09-25 21:23:11,406 - INFO -    Total de queries testadas: 1
2026-09-25 21:23:11,406 - INFO -    Queries com sucesso: 0
2026-09-25 21:23:11,423 - INFO -    🔤 Filtrando 500 repositórios por idioma (português)...
2026-09-25 21:23:12,689 - INFO -    ✅ Filtro de idioma: 376/500 repositórios mantidos (75.2% em português)
2026-09-25 21:23:12,690 - INFO - ✅ IFSul: 376 repositórios em português
2026-09-25 21:23:12,690 - INFO -    Palavras-chave: ifsuldeminas, sistema, sistemas, trabalho, campus, curso, para, site, atividades, desenvolvimento
2026-09-25 21:23:15,690 - INFO - 
============================================================
2026-09-25 21:23:15,690 - INFO - 🏛️  Processando IFSul - Campus Lajeado
2026-09-25 21:23:15,690 - INFO - ============================================================
2026-09-25 21:23:15,690 - INFO - 
🔄 Iteração 1/3 para IFSul
2026-09-25 21:23:15,690 - INFO -   🔎 Testando: "ifsul"
2026-09-25 21:23:31,177 - INFO -      ✅ 500 resultados (eficiência: 0.30)
2026-09-25 21:23:34,178 - INFO - 
🔄 Iteração 2/3 para IFSul
2026-09-25 21:23:34,179 - INFO -   ⚠️ Sem novas queries para testar
2026-09-25 21:23:34,179 - INFO - 
📊 Métricas finais para IFSul:
2026-09-25 21:23:34,179 - INFO -    Total de queries testadas: 1
2026-09-25 21:23:34,179 - INFO -    Queries com sucesso: 0
2026-09-25 21:23:34,196 - INFO -    🔤 Filtrando 500 repositórios por idioma (português)...
2026-09-25 21:23:35,451 - INFO -    ✅ Filtro de idioma: 376/500 repositórios mantidos (75.2% em português)
2026-09-25 21:23:35,451 - INFO - ✅ IFSul: 376 repositórios em português
2026-09-25 21:23:35,451 - INFO -    Palavras-chave: ifsuldeminas, sistema, sistemas, trabalho, campus, curso, para, site, atividades, desenvolvimento
2026-09-25 21:23:38,451 - INFO - 
============================================================
2026-09-25 21:23:38,451 - INFO - 🏛️  Processando IFSul - Campus Passo Fundo
2026-09-25 21:23:38,452 - INFO - ============================================================
2026-09-25 21:23:38,452 - INFO - 
🔄 Iteração 1/3 para IFSul
2026-09-25 21:23:38,452 - INFO -   🔎 Testando: "campus passo"
2026-09-25 21:23:40,005 - INFO -      ✅ 29 resultados (eficiência: 0.09)
2026-09-25 21:23:41,006 - INFO -   🔎 Testando: "ifsul"
2026-09-25 21:23:56,737 - INFO -      ✅ 500 resultados (eficiência: 0.30)
2026-09-25 21:23:59,737 - INFO - 
🔄 Iteração 2/3 para IFSul
2026-09-25 21:23:59,738 - INFO -   ⚠️ Sem novas queries para testar
2026-09-25 21:23:59,738 - INFO - 
📊 Métricas finais para IFSul:
2026-09-25 21:23:59,738 - INFO -    Total de queries testadas: 2
2026-09-25 21:23:59,738 - INFO -    Queries com sucesso: 0
2026-09-25 21:23:59,756 - INFO -    🔤 Filtrando 527 repositórios por idioma (português)...
2026-09-25 21:24:01,046 - INFO -    ✅ Filtro de idioma: 403/527 repositórios mantidos (76.5% em português)
2026-09-25 21:24:01,046 - INFO - ✅ IFSul: 403 repositórios em português
2026-09-25 21:24:01,046 - INFO -    Palavras-chave: ifsuldeminas, sistema, desenvolvido, campus, trabalho, curso, para, site, atividades, desenvolvimento
2026-09-25 21:24:04,047 - INFO - 
============================================================
2026-09-25 21:24:04,047 - INFO - 🏛️  Processando IFSul - Campus Santana do Livramento
2026-09-25 21:24:04,047 - INFO - ============================================================
2026-09-25 21:24:04,047 - INFO - 
🔄 Iteração 1/3 para IFSul
2026-09-25 21:24:04,047 - INFO -   🔎 Testando: "campus santana"
2026-09-25 21:24:04,553 - INFO -      ✅ 3 resultados (eficiência: 0.01)
2026-09-25 21:24:05,554 - INFO -   🔎 Testando: "ifsul"
2026-09-25 21:24:21,071 - INFO -      ✅ 500 resultados (eficiência: 0.30)
2026-09-25 21:24:24,072 - INFO - 
🔄 Iteração 2/3 para IFSul
2026-09-25 21:24:24,072 - INFO -   ⚠️ Sem novas queries para testar
2026-09-25 21:24:24,072 - INFO - 
📊 Métricas finais para IFSul:
2026-09-25 21:24:24,073 - INFO -    Total de queries testadas: 2
2026-09-25 21:24:24,073 - INFO -    Queries com sucesso: 0
2026-09-25 21:24:24,087 - INFO -    🔤 Filtrando 503 repositórios por idioma (português)...
2026-09-25 21:24:25,340 - INFO -    ✅ Filtro de idioma: 379/503 repositórios mantidos (75.3% em português)
2026-09-25 21:24:25,341 - INFO - ✅ IFSul: 379 repositórios em português
2026-09-25 21:24:25,341 - INFO -    Palavras-chave: ifsuldeminas, sistema, sistemas, trabalho, campus, curso, para, site, atividades, desenvolvimento
2026-09-25 21:24:28,341 - INFO - 
============================================================
2026-09-25 21:24:28,341 - INFO - 🏛️  Processando IFSul - Campus Sapiranga
2026-09-25 21:24:28,342 - INFO - ============================================================
2026-09-25 21:24:28,342 - INFO - 
🔄 Iteração 1/3 para IFSul
2026-09-25 21:24:28,342 - INFO -   🔎 Testando: "ifsul"
2026-09-25 21:24:43,853 - INFO -      ✅ 500 resultados (eficiência: 0.30)
2026-09-25 21:24:46,854 - INFO - 
🔄 Iteração 2/3 para IFSul
2026-09-25 21:24:46,854 - INFO -   ⚠️ Sem novas queries para testar
2026-09-25 21:24:46,854 - INFO - 
📊 Métricas finais para IFSul:
2026-09-25 21:24:46,855 - INFO -    Total de queries testadas: 1
2026-09-25 21:24:46,855 - INFO -    Queries com sucesso: 0
2026-09-25 21:24:46,870 - INFO -    🔤 Filtrando 500 repositórios por idioma (português)...
2026-09-25 21:24:48,118 - INFO -    ✅ Filtro de idioma: 376/500 repositórios mantidos (75.2% em português)
2026-09-25 21:24:48,118 - INFO - ✅ IFSul: 376 repositórios em português
2026-09-25 21:24:48,118 - INFO -    Palavras-chave: ifsuldeminas, sistema, sistemas, trabalho, campus, curso, para, site, atividades, desenvolvimento
2026-09-25 21:24:51,119 - INFO - 
============================================================
2026-09-25 21:24:51,119 - INFO - 🏛️  Processando IFSul - Campus Sapucaia do Sul
2026-09-25 21:24:51,119 - INFO - ============================================================
2026-09-25 21:24:51,119 - INFO - 
🔄 Iteração 1/3 para IFSul
2026-09-25 21:24:51,120 - INFO -   🔎 Testando: "campus sapucaia"
2026-09-25 21:24:52,210 - INFO -      ✅ 20 resultados (eficiência: 0.06)
2026-09-25 21:24:53,211 - INFO -   🔎 Testando: "ifsul"
2026-09-25 21:25:08,357 - INFO -      ✅ 500 resultados (eficiência: 0.30)
2026-09-25 21:25:11,358 - INFO - 
🔄 Iteração 2/3 para IFSul
2026-09-25 21:25:11,358 - INFO -   ⚠️ Sem novas queries para testar
2026-09-25 21:25:11,359 - INFO - 
📊 Métricas finais para IFSul:
2026-09-25 21:25:11,359 - INFO -    Total de queries testadas: 2
2026-09-25 21:25:11,359 - INFO -    Queries com sucesso: 0
2026-09-25 21:25:11,374 - INFO -    🔤 Filtrando 515 repositórios por idioma (português)...
2026-09-25 21:25:12,659 - INFO -    ✅ Filtro de idioma: 390/515 repositórios mantidos (75.7% em português)
2026-09-25 21:25:12,659 - INFO - ✅ IFSul: 390 repositórios em português
2026-09-25 21:25:12,659 - INFO -    Palavras-chave: ifsuldeminas, sistema, sapucaia, campus, trabalho, curso, para, site, atividades, desenvolvimento
2026-09-25 21:25:15,660 - INFO - 
============================================================
2026-09-25 21:25:15,660 - INFO - 🏛️  Processando IFSul - Campus Venâncio Aires
2026-09-25 21:25:15,660 - INFO - ============================================================
2026-09-25 21:25:15,660 - INFO - 
🔄 Iteração 1/3 para IFSul
2026-09-25 21:25:15,660 - INFO -   🔎 Testando: "campus venâncio"
2026-09-25 21:25:16,701 - INFO -      ✅ 19 resultados (eficiência: 0.06)
2026-09-25 21:25:17,702 - INFO -   🔎 Testando: "ifsul"
2026-09-25 21:25:33,252 - INFO -      ✅ 500 resultados (eficiência: 0.30)
2026-09-25 21:25:36,253 - INFO - 
🔄 Iteração 2/3 para IFSul
2026-09-25 21:25:36,253 - INFO -   ⚠️ Sem novas queries para testar
2026-09-25 21:25:36,254 - INFO - 
📊 Métricas finais para IFSul:
2026-09-25 21:25:36,254 - INFO -    Total de queries testadas: 2
2026-09-25 21:25:36,254 - INFO -    Queries com sucesso: 0
2026-09-25 21:25:36,268 - INFO -    🔤 Filtrando 516 repositórios por idioma (português)...
2026-09-25 21:25:37,538 - INFO -    ✅ Filtro de idioma: 392/516 repositórios mantidos (76.0% em português)
2026-09-25 21:25:37,538 - INFO - ✅ IFSul: 392 repositórios em português
2026-09-25 21:25:37,538 - INFO -    Palavras-chave: ifsuldeminas, sistema, desenvolvido, sistemas, campus, trabalho, curso, para, site, desenvolvimento
2026-09-25 21:25:40,539 - INFO - 
============================================================
2026-09-25 21:25:40,539 - INFO - 🏛️  Processando IFS - Campus Aracaju
2026-09-25 21:25:40,539 - INFO - ============================================================
2026-09-25 21:25:40,539 - INFO - 
🔄 Iteração 1/3 para IFS
2026-09-25 21:25:40,539 - INFO -   🔎 Testando: "ifs"
2026-09-25 21:25:57,764 - INFO -      ✅ 500 resultados (eficiência: 0.30)
2026-09-25 21:26:00,765 - INFO - 
🔄 Iteração 2/3 para IFS
2026-09-25 21:26:00,765 - INFO -   ⚠️ Sem novas queries para testar
2026-09-25 21:26:00,765 - INFO - 
📊 Métricas finais para IFS:
2026-09-25 21:26:00,765 - INFO -    Total de queries testadas: 1
2026-09-25 21:26:00,765 - INFO -    Queries com sucesso: 0
2026-09-25 21:26:00,801 - INFO -    🔤 Filtrando 500 repositórios por idioma (português)...
2026-09-25 21:26:01,838 - INFO -    ✅ Filtro de idioma: 143/500 repositórios mantidos (28.6% em português)
2026-09-25 21:26:01,839 - INFO - ✅ IFS: 143 repositórios em português
2026-09-25 21:26:01,839 - INFO -    Palavras-chave: function, case, data, then, transparent, return, yellow, ifsc, local, break
2026-09-25 21:26:04,839 - INFO - 
============================================================
2026-09-25 21:26:04,839 - INFO - 🏛️  Processando IFS - Campus São Cristóvão
2026-09-25 21:26:04,840 - INFO - ============================================================
2026-09-25 21:26:04,840 - INFO - 
🔄 Iteração 1/3 para IFS
2026-09-25 21:26:04,840 - INFO -   🔎 Testando: "ifs"
2026-09-25 21:26:21,606 - INFO -      ✅ 500 resultados (eficiência: 0.30)
2026-09-25 21:26:22,606 - INFO -   🔎 Testando: "campus são"
2026-09-25 21:26:33,056 - INFO -      ✅ 310 resultados (eficiência: 0.30)
2026-09-25 21:26:36,057 - INFO - 
🔄 Iteração 2/3 para IFS
2026-09-25 21:26:36,057 - INFO -   ⚠️ Sem novas queries para testar
2026-09-25 21:26:36,058 - INFO - 
📊 Métricas finais para IFS:
2026-09-25 21:26:36,058 - INFO -    Total de queries testadas: 2
2026-09-25 21:26:36,058 - INFO -    Queries com sucesso: 0
2026-09-25 21:26:36,104 - INFO -    🔤 Filtrando 807 repositórios por idioma (português)...
2026-09-25 21:26:37,530 - INFO -    ✅ Filtro de idioma: 446/807 repositórios mantidos (55.3% em português)
2026-09-25 21:26:37,530 - INFO - ✅ IFS: 446 repositórios em português
2026-09-25 21:26:37,530 - INFO -    Palavras-chave: sistemas, campus, federal, curso, para, data, then, transparent, yellow, ifsc
2026-09-25 21:26:40,531 - INFO - 
============================================================
2026-09-25 21:26:40,531 - INFO - 🏛️  Processando IFS - Campus Lagarto
2026-09-25 21:26:40,531 - INFO - ============================================================
2026-09-25 21:26:40,531 - INFO - 
🔄 Iteração 1/3 para IFS
2026-09-25 21:26:40,531 - INFO -   🔎 Testando: "ifs"
2026-09-25 21:26:56,109 - INFO -      ✅ 500 resultados (eficiência: 0.30)
2026-09-25 21:26:59,110 - INFO - 
🔄 Iteração 2/3 para IFS
2026-09-25 21:26:59,110 - INFO -   ⚠️ Sem novas queries para testar
2026-09-25 21:26:59,111 - INFO - 
📊 Métricas finais para IFS:
2026-09-25 21:26:59,111 - INFO -    Total de queries testadas: 1
2026-09-25 21:26:59,111 - INFO -    Queries com sucesso: 0
2026-09-25 21:26:59,148 - INFO -    🔤 Filtrando 500 repositórios por idioma (português)...
2026-09-25 21:27:00,186 - INFO -    ✅ Filtro de idioma: 143/500 repositórios mantidos (28.6% em português)
2026-09-25 21:27:00,187 - INFO - ✅ IFS: 143 repositórios em português
2026-09-25 21:27:00,187 - INFO -    Palavras-chave: function, case, data, then, transparent, return, yellow, ifsc, local, break
2026-09-25 21:27:03,187 - INFO - 
============================================================
2026-09-25 21:27:03,187 - INFO - 🏛️  Processando IFS - Campus Estância
2026-09-25 21:27:03,188 - INFO - ============================================================
2026-09-25 21:27:03,188 - INFO - 
🔄 Iteração 1/3 para IFS
2026-09-25 21:27:03,188 - INFO -   🔎 Testando: "ifs"
2026-09-25 21:27:19,795 - INFO -      ✅ 500 resultados (eficiência: 0.30)
2026-09-25 21:27:22,796 - INFO - 
🔄 Iteração 2/3 para IFS
2026-09-25 21:27:22,796 - INFO -   ⚠️ Sem novas queries para testar
2026-09-25 21:27:22,797 - INFO - 
📊 Métricas finais para IFS:
2026-09-25 21:27:22,797 - INFO -    Total de queries testadas: 1
2026-09-25 21:27:22,797 - INFO -    Queries com sucesso: 0
2026-09-25 21:27:22,833 - INFO -    🔤 Filtrando 500 repositórios por idioma (português)...
2026-09-25 21:27:23,886 - INFO -    ✅ Filtro de idioma: 143/500 repositórios mantidos (28.6% em português)
2026-09-25 21:27:23,886 - INFO - ✅ IFS: 143 repositórios em português
2026-09-25 21:27:23,886 - INFO -    Palavras-chave: function, case, data, then, transparent, return, yellow, ifsc, local, break
2026-09-25 21:27:26,887 - INFO - 
============================================================
2026-09-25 21:27:26,887 - INFO - 🏛️  Processando IFS - Campus Nossa Senhora da Glória
2026-09-25 21:27:26,887 - INFO - ============================================================
2026-09-25 21:27:26,887 - INFO - 
🔄 Iteração 1/3 para IFS
2026-09-25 21:27:26,887 - INFO -   🔎 Testando: "campus nossa"
2026-09-25 21:27:27,271 - INFO -      ✅ 0 resultados (eficiência: 0.00)
2026-09-25 21:27:28,272 - INFO -   🔎 Testando: "ifs"
2026-09-25 21:27:44,804 - INFO -      ✅ 500 resultados (eficiência: 0.30)
2026-09-25 21:27:47,805 - INFO - 
🔄 Iteração 2/3 para IFS
2026-09-25 21:27:47,806 - INFO -   ⚠️ Sem novas queries para testar
2026-09-25 21:27:47,806 - INFO - 
📊 Métricas finais para IFS:
2026-09-25 21:27:47,806 - INFO -    Total de queries testadas: 2
2026-09-25 21:27:47,806 - INFO -    Queries com sucesso: 0
2026-09-25 21:27:47,847 - INFO -    🔤 Filtrando 500 repositórios por idioma (português)...
2026-09-25 21:27:48,883 - INFO -    ✅ Filtro de idioma: 143/500 repositórios mantidos (28.6% em português)
2026-09-25 21:27:48,883 - INFO - ✅ IFS: 143 repositórios em português
2026-09-25 21:27:48,883 - INFO -    Palavras-chave: function, case, data, then, transparent, return, yellow, ifsc, local, break
2026-09-25 21:27:51,883 - INFO - 
============================================================
2026-09-25 21:27:51,883 - INFO - 🏛️  Processando IFS - Campus Itabaiana
2026-09-25 21:27:51,884 - INFO - ============================================================
2026-09-25 21:27:51,884 - INFO - 
🔄 Iteração 1/3 para IFS
2026-09-25 21:27:51,884 - INFO -   🔎 Testando: "ifs"
2026-09-25 21:28:08,693 - INFO -      ✅ 500 resultados (eficiência: 0.30)
2026-09-25 21:28:11,694 - INFO - 
🔄 Iteração 2/3 para IFS
2026-09-25 21:28:11,694 - INFO -   ⚠️ Sem novas queries para testar
2026-09-25 21:28:11,694 - INFO - 
📊 Métricas finais para IFS:
2026-09-25 21:28:11,694 - INFO -    Total de queries testadas: 1
2026-09-25 21:28:11,694 - INFO -    Queries com sucesso: 0
2026-09-25 21:28:11,731 - INFO -    🔤 Filtrando 500 repositórios por idioma (português)...
2026-09-25 21:28:12,766 - INFO -    ✅ Filtro de idioma: 143/500 repositórios mantidos (28.6% em português)
2026-09-25 21:28:12,766 - INFO - ✅ IFS: 143 repositórios em português
2026-09-25 21:28:12,766 - INFO -    Palavras-chave: function, case, data, then, transparent, return, yellow, ifsc, local, break
2026-09-25 21:28:15,767 - INFO - 
============================================================
2026-09-25 21:28:15,767 - INFO - 🏛️  Processando IFS - Campus Propriá
2026-09-25 21:28:15,767 - INFO - ============================================================
2026-09-25 21:28:15,767 - INFO - 
🔄 Iteração 1/3 para IFS
2026-09-25 21:28:15,767 - INFO -   🔎 Testando: "ifs"
2026-09-25 21:28:33,003 - INFO -      ✅ 500 resultados (eficiência: 0.30)
2026-09-25 21:28:36,004 - INFO - 
🔄 Iteração 2/3 para IFS
2026-09-25 21:28:36,004 - INFO -   ⚠️ Sem novas queries para testar
2026-09-25 21:28:36,004 - INFO - 
📊 Métricas finais para IFS:
2026-09-25 21:28:36,004 - INFO -    Total de queries testadas: 1
2026-09-25 21:28:36,004 - INFO -    Queries com sucesso: 0
2026-09-25 21:28:36,041 - INFO -    🔤 Filtrando 500 repositórios por idioma (português)...
2026-09-25 21:28:37,071 - INFO -    ✅ Filtro de idioma: 143/500 repositórios mantidos (28.6% em português)
2026-09-25 21:28:37,071 - INFO - ✅ IFS: 143 repositórios em português
2026-09-25 21:28:37,071 - INFO -    Palavras-chave: function, case, data, then, transparent, return, yellow, ifsc, local, break
2026-09-25 21:28:40,072 - INFO - 
============================================================
2026-09-25 21:28:40,072 - INFO - 🏛️  Processando IFS - Campus Tobias Barreto
2026-09-25 21:28:40,072 - INFO - ============================================================
2026-09-25 21:28:40,072 - INFO - 
🔄 Iteração 1/3 para IFS
2026-09-25 21:28:40,073 - INFO -   🔎 Testando: "campus tobias"
2026-09-25 21:28:40,504 - INFO -      ✅ 1 resultados (eficiência: 0.00)
2026-09-25 21:28:41,505 - INFO -   🔎 Testando: "ifs"
2026-09-25 21:28:57,752 - INFO -      ✅ 500 resultados (eficiência: 0.30)
2026-09-25 21:29:00,753 - INFO - 
🔄 Iteração 2/3 para IFS
2026-09-25 21:29:00,753 - INFO -   ⚠️ Sem novas queries para testar
2026-09-25 21:29:00,754 - INFO - 
📊 Métricas finais para IFS:
2026-09-25 21:29:00,754 - INFO -    Total de queries testadas: 2
2026-09-25 21:29:00,754 - INFO -    Queries com sucesso: 0
2026-09-25 21:29:00,790 - INFO -    🔤 Filtrando 501 repositórios por idioma (português)...
2026-09-25 21:29:01,860 - INFO -    ✅ Filtro de idioma: 144/501 repositórios mantidos (28.7% em português)
2026-09-25 21:29:01,860 - INFO - ✅ IFS: 144 repositórios em português
2026-09-25 21:29:01,860 - INFO -    Palavras-chave: function, case, data, then, transparent, return, yellow, ifsc, local, break
2026-09-25 21:29:04,861 - INFO - 
============================================================
2026-09-25 21:29:04,861 - INFO - 🏛️  Processando IFES - Campus Vitória
2026-09-25 21:29:04,861 - INFO - ============================================================
2026-09-25 21:29:04,861 - INFO - 
🔄 Iteração 1/3 para IFES
2026-09-25 21:29:04,861 - INFO -   🔎 Testando: "ifes"
2026-09-25 21:29:23,809 - INFO -      ✅ 500 resultados (eficiência: 0.30)
2026-09-25 21:29:26,810 - INFO - 
🔄 Iteração 2/3 para IFES
2026-09-25 21:29:26,811 - INFO -   ⚠️ Sem novas queries para testar
2026-09-25 21:29:26,811 - INFO - 
📊 Métricas finais para IFES:
2026-09-25 21:29:26,811 - INFO -    Total de queries testadas: 1
2026-09-25 21:29:26,811 - INFO -    Queries com sucesso: 0
2026-09-25 21:29:26,837 - INFO -    🔤 Filtrando 500 repositórios por idioma (português)...
2026-09-25 21:29:28,083 - INFO -    ✅ Filtro de idioma: 218/500 repositórios mantidos (43.6% em português)
2026-09-25 21:29:28,083 - INFO - ✅ IFES: 218 repositórios em português
2026-09-25 21:29:28,083 - INFO -    Palavras-chave: task, const, ifest, baidu ife, disciplina, campus, trabalho, function, curso, return
2026-09-25 21:29:31,084 - INFO - 
============================================================
2026-09-25 21:29:31,084 - INFO - 🏛️  Processando IFES - Campus Alegre
2026-09-25 21:29:31,084 - INFO - ============================================================
2026-09-25 21:29:31,084 - INFO - 
🔄 Iteração 1/3 para IFES
2026-09-25 21:29:31,084 - INFO -   🔎 Testando: "ifes"
2026-09-25 21:29:47,832 - INFO -      ✅ 500 resultados (eficiência: 0.30)
2026-09-25 21:29:50,833 - INFO - 
🔄 Iteração 2/3 para IFES
2026-09-25 21:29:50,833 - INFO -   ⚠️ Sem novas queries para testar
2026-09-25 21:29:50,833 - INFO - 
📊 Métricas finais para IFES:
2026-09-25 21:29:50,833 - INFO -    Total de queries testadas: 1
2026-09-25 21:29:50,833 - INFO -    Queries com sucesso: 0
2026-09-25 21:29:50,859 - INFO -    🔤 Filtrando 500 repositórios por idioma (português)...
2026-09-25 21:29:52,085 - INFO -    ✅ Filtro de idioma: 218/500 repositórios mantidos (43.6% em português)
2026-09-25 21:29:52,085 - INFO - ✅ IFES: 218 repositórios em português
2026-09-25 21:29:52,085 - INFO -    Palavras-chave: task, const, ifest, baidu ife, disciplina, campus, trabalho, function, curso, return
2026-09-25 21:29:55,086 - INFO - 
============================================================
2026-09-25 21:29:55,086 - INFO - 🏛️  Processando IFES - Campus Cariacica
2026-09-25 21:29:55,086 - INFO - ============================================================
2026-09-25 21:29:55,086 - INFO - 
🔄 Iteração 1/3 para IFES
2026-09-25 21:29:55,086 - INFO -   🔎 Testando: "ifes"
2026-09-25 21:30:11,891 - INFO -      ✅ 500 resultados (eficiência: 0.30)
2026-09-25 21:30:14,892 - INFO - 
🔄 Iteração 2/3 para IFES
2026-09-25 21:30:14,892 - INFO -   ⚠️ Sem novas queries para testar
2026-09-25 21:30:14,893 - INFO - 
📊 Métricas finais para IFES:
2026-09-25 21:30:14,893 - INFO -    Total de queries testadas: 1
2026-09-25 21:30:14,893 - INFO -    Queries com sucesso: 0
2026-09-25 21:30:14,922 - INFO -    🔤 Filtrando 500 repositórios por idioma (português)...
2026-09-25 21:30:16,147 - INFO -    ✅ Filtro de idioma: 218/500 repositórios mantidos (43.6% em português)
2026-09-25 21:30:16,147 - INFO - ✅ IFES: 218 repositórios em português
2026-09-25 21:30:16,147 - INFO -    Palavras-chave: task, const, ifest, baidu ife, disciplina, campus, trabalho, function, curso, return
2026-09-25 21:30:19,148 - INFO - 
============================================================
2026-09-25 21:30:19,148 - INFO - 🏛️  Processando IFES - Campus Cachoeiro de Itapemirim
2026-09-25 21:30:19,148 - INFO - ============================================================
2026-09-25 21:30:19,148 - INFO - 
🔄 Iteração 1/3 para IFES
2026-09-25 21:30:19,148 - INFO -   🔎 Testando: "campus cachoeiro"
2026-09-25 21:30:20,117 - INFO -      ✅ 16 resultados (eficiência: 0.05)
2026-09-25 21:30:21,118 - INFO -   🔎 Testando: "ifes"
2026-09-25 21:30:36,533 - INFO -      ✅ 500 resultados (eficiência: 0.30)
2026-09-25 21:30:39,534 - INFO - 
🔄 Iteração 2/3 para IFES
2026-09-25 21:30:39,534 - INFO -   ⚠️ Sem novas queries para testar
2026-09-25 21:30:39,534 - INFO - 
📊 Métricas finais para IFES:
2026-09-25 21:30:39,534 - INFO -    Total de queries testadas: 2
2026-09-25 21:30:39,534 - INFO -    Queries com sucesso: 0
2026-09-25 21:30:39,564 - INFO -    🔤 Filtrando 513 repositórios por idioma (português)...
2026-09-25 21:30:40,818 - INFO -    ✅ Filtro de idioma: 230/513 repositórios mantidos (44.8% em português)
2026-09-25 21:30:40,818 - INFO - ✅ IFES: 230 repositórios em português
2026-09-25 21:30:40,818 - INFO -    Palavras-chave: task, const, ifest, baidu ife, disciplina, campus, trabalho, function, curso, return
2026-09-25 21:30:43,819 - INFO - 
============================================================
2026-09-25 21:30:43,819 - INFO - 🏛️  Processando IFES - Campus Colatina I
2026-09-25 21:30:43,819 - INFO - ============================================================
2026-09-25 21:30:43,819 - INFO - 
🔄 Iteração 1/3 para IFES
2026-09-25 21:30:43,819 - INFO -   🔎 Testando: "campus colatina"
2026-09-25 21:30:45,014 - INFO -      ✅ 22 resultados (eficiência: 0.07)
2026-09-25 21:30:46,014 - INFO -   🔎 Testando: "ifes"
2026-09-25 21:31:02,259 - INFO -      ✅ 500 resultados (eficiência: 0.30)
2026-09-25 21:31:05,260 - INFO - 
🔄 Iteração 2/3 para IFES
2026-09-25 21:31:05,261 - INFO -   ⚠️ Sem novas queries para testar
2026-09-25 21:31:05,261 - INFO - 
📊 Métricas finais para IFES:
2026-09-25 21:31:05,261 - INFO -    Total de queries testadas: 2
2026-09-25 21:31:05,261 - INFO -    Queries com sucesso: 0
2026-09-25 21:31:05,291 - INFO -    🔤 Filtrando 519 repositórios por idioma (português)...
2026-09-25 21:31:06,563 - INFO -    ✅ Filtro de idioma: 233/519 repositórios mantidos (44.9% em português)
2026-09-25 21:31:06,563 - INFO - ✅ IFES: 233 repositórios em português
2026-09-25 21:31:06,563 - INFO -    Palavras-chave: task, const, baidu ife, ifest, disciplina, campus, trabalho, sistemas, function, curso
2026-09-25 21:31:09,564 - INFO - 
============================================================
2026-09-25 21:31:09,564 - INFO - 🏛️  Processando IFES - Campus Colatina II
2026-09-25 21:31:09,564 - INFO - ============================================================
2026-09-25 21:31:09,564 - INFO - 
🔄 Iteração 1/3 para IFES
2026-09-25 21:31:09,564 - INFO -   🔎 Testando: "campus colatina"
2026-09-25 21:31:10,457 - INFO -      ✅ 22 resultados (eficiência: 0.07)
2026-09-25 21:31:11,458 - INFO -   🔎 Testando: "ifes"
2026-09-25 21:31:27,732 - INFO -      ✅ 500 resultados (eficiência: 0.30)
2026-09-25 21:31:30,733 - INFO - 
🔄 Iteração 2/3 para IFES
2026-09-25 21:31:30,733 - INFO -   ⚠️ Sem novas queries para testar
2026-09-25 21:31:30,733 - INFO - 
📊 Métricas finais para IFES:
2026-09-25 21:31:30,734 - INFO -    Total de queries testadas: 2
2026-09-25 21:31:30,734 - INFO -    Queries com sucesso: 0
2026-09-25 21:31:30,985 - INFO -    🔤 Filtrando 519 repositórios por idioma (português)...
2026-09-25 21:31:32,280 - INFO -    ✅ Filtro de idioma: 233/519 repositórios mantidos (44.9% em português)
2026-09-25 21:31:32,280 - INFO - ✅ IFES: 233 repositórios em português
2026-09-25 21:31:32,280 - INFO -    Palavras-chave: task, const, baidu ife, ifest, disciplina, campus, trabalho, sistemas, function, curso
2026-09-25 21:31:35,281 - INFO - 
============================================================
2026-09-25 21:31:35,281 - INFO - 🏛️  Processando IFES - Campus Santa Teresa
2026-09-25 21:31:35,281 - INFO - ============================================================
2026-09-25 21:31:35,281 - INFO - 
🔄 Iteração 1/3 para IFES
2026-09-25 21:31:35,281 - INFO -   🔎 Testando: "ifes"
2026-09-25 21:31:50,745 - INFO -      ✅ 500 resultados (eficiência: 0.30)
2026-09-25 21:31:51,746 - INFO -   🔎 Testando: "campus santa"
2026-09-25 21:31:53,317 - INFO -      ✅ 58 resultados (eficiência: 0.17)
2026-09-25 21:31:56,317 - INFO - 
🔄 Iteração 2/3 para IFES
2026-09-25 21:31:56,318 - INFO -   ⚠️ Sem novas queries para testar
2026-09-25 21:31:56,318 - INFO - 
📊 Métricas finais para IFES:
2026-09-25 21:31:56,318 - INFO -    Total de queries testadas: 2
2026-09-25 21:31:56,318 - INFO -    Queries com sucesso: 0
2026-09-25 21:31:56,346 - INFO -    🔤 Filtrando 555 repositórios por idioma (português)...
2026-09-25 21:31:57,724 - INFO -    ✅ Filtro de idioma: 273/555 repositórios mantidos (49.2% em português)
2026-09-25 21:31:57,724 - INFO - ✅ IFES: 273 repositórios em português
2026-09-25 21:31:57,724 - INFO -    Palavras-chave: task, const, baidu ife, ifest, disciplina, campus, trabalho, curso, para, ife
2026-09-25 21:32:00,725 - INFO - 
============================================================
2026-09-25 21:32:00,725 - INFO - 🏛️  Processando IFES - Campus São Mateus
2026-09-25 21:32:00,725 - INFO - ============================================================
2026-09-25 21:32:00,725 - INFO - 
🔄 Iteração 1/3 para IFES
2026-09-25 21:32:00,725 - INFO -   🔎 Testando: "ifes"
2026-09-25 21:32:16,845 - INFO -      ✅ 500 resultados (eficiência: 0.30)
2026-09-25 21:32:17,846 - INFO -   🔎 Testando: "campus são"
2026-09-25 21:32:27,277 - INFO -      ✅ 310 resultados (eficiência: 0.30)
2026-09-25 21:32:30,278 - INFO - 
🔄 Iteração 2/3 para IFES
2026-09-25 21:32:30,278 - INFO -   ⚠️ Sem novas queries para testar
2026-09-25 21:32:30,279 - INFO - 
📊 Métricas finais para IFES:
2026-09-25 21:32:30,279 - INFO -    Total de queries testadas: 2
2026-09-25 21:32:30,279 - INFO -    Queries com sucesso: 0
2026-09-25 21:32:30,315 - INFO -    🔤 Filtrando 810 repositórios por idioma (português)...
2026-09-25 21:32:31,904 - INFO -    ✅ Filtro de idioma: 524/810 repositórios mantidos (64.7% em português)
2026-09-25 21:32:31,904 - INFO - ✅ IFES: 524 repositórios em português
2026-09-25 21:32:31,904 - INFO -    Palavras-chave: carlos, disciplina, campus, sistemas, federal, trabalho, curso, para, paulo, ife
2026-09-25 21:32:34,905 - INFO - 
============================================================
2026-09-25 21:32:34,905 - INFO - 🏛️  Processando IFES - Campus Serra
2026-09-25 21:32:34,906 - INFO - ============================================================
2026-09-25 21:32:34,906 - INFO - 
🔄 Iteração 1/3 para IFES
2026-09-25 21:32:34,906 - INFO -   🔎 Testando: "ifes"
2026-09-25 21:32:50,918 - INFO -      ✅ 500 resultados (eficiência: 0.30)
2026-09-25 21:32:53,919 - INFO - 
🔄 Iteração 2/3 para IFES
2026-09-25 21:32:53,919 - INFO -   ⚠️ Sem novas queries para testar
2026-09-25 21:32:53,920 - INFO - 
📊 Métricas finais para IFES:
2026-09-25 21:32:53,920 - INFO -    Total de queries testadas: 1
2026-09-25 21:32:53,920 - INFO -    Queries com sucesso: 0
2026-09-25 21:32:53,946 - INFO -    🔤 Filtrando 500 repositórios por idioma (português)...
2026-09-25 21:32:55,176 - INFO -    ✅ Filtro de idioma: 218/500 repositórios mantidos (43.6% em português)
2026-09-25 21:32:55,177 - INFO - ✅ IFES: 218 repositórios em português
2026-09-25 21:32:55,177 - INFO -    Palavras-chave: task, const, ifest, baidu ife, disciplina, campus, trabalho, function, curso, return
2026-09-25 21:32:58,177 - INFO - 
============================================================
2026-09-25 21:32:58,178 - INFO - 🏛️  Processando IFES - Campus Aracruz
2026-09-25 21:32:58,178 - INFO - ============================================================
2026-09-25 21:32:58,178 - INFO - 
🔄 Iteração 1/3 para IFES
2026-09-25 21:32:58,178 - INFO -   🔎 Testando: "ifes"
2026-09-25 21:33:13,889 - INFO -      ✅ 500 resultados (eficiência: 0.30)
2026-09-25 21:33:16,889 - INFO - 
🔄 Iteração 2/3 para IFES
2026-09-25 21:33:16,890 - INFO -   ⚠️ Sem novas queries para testar
2026-09-25 21:33:16,890 - INFO - 
📊 Métricas finais para IFES:
2026-09-25 21:33:16,890 - INFO -    Total de queries testadas: 1
2026-09-25 21:33:16,890 - INFO -    Queries com sucesso: 0
2026-09-25 21:33:16,920 - INFO -    🔤 Filtrando 500 repositórios por idioma (português)...
2026-09-25 21:33:18,174 - INFO -    ✅ Filtro de idioma: 218/500 repositórios mantidos (43.6% em português)
2026-09-25 21:33:18,174 - INFO - ✅ IFES: 218 repositórios em português
2026-09-25 21:33:18,174 - INFO -    Palavras-chave: task, const, ifest, baidu ife, disciplina, campus, trabalho, function, curso, return
2026-09-25 21:33:21,175 - INFO - 
============================================================
2026-09-25 21:33:21,175 - INFO - 🏛️  Processando IFES - Campus Ibatiba
2026-09-25 21:33:21,175 - INFO - ============================================================
2026-09-25 21:33:21,176 - INFO - 
🔄 Iteração 1/3 para IFES
2026-09-25 21:33:21,176 - INFO -   🔎 Testando: "ifes"
2026-09-25 21:33:36,956 - INFO -      ✅ 500 resultados (eficiência: 0.30)
2026-09-25 21:33:39,957 - INFO - 
🔄 Iteração 2/3 para IFES
2026-09-25 21:33:39,957 - INFO -   ⚠️ Sem novas queries para testar
2026-09-25 21:33:39,958 - INFO - 
📊 Métricas finais para IFES:
2026-09-25 21:33:39,958 - INFO -    Total de queries testadas: 1
2026-09-25 21:33:39,958 - INFO -    Queries com sucesso: 0
2026-09-25 21:33:39,988 - INFO -    🔤 Filtrando 500 repositórios por idioma (português)...
2026-09-25 21:33:41,211 - INFO -    ✅ Filtro de idioma: 218/500 repositórios mantidos (43.6% em português)
2026-09-25 21:33:41,211 - INFO - ✅ IFES: 218 repositórios em português
2026-09-25 21:33:41,211 - INFO -    Palavras-chave: task, const, ifest, baidu ife, disciplina, campus, trabalho, function, curso, return
2026-09-25 21:33:44,212 - INFO - 
============================================================
2026-09-25 21:33:44,212 - INFO - 🏛️  Processando IFES - Campus Linhares
2026-09-25 21:33:44,212 - INFO - ============================================================
2026-09-25 21:33:44,213 - INFO - 
🔄 Iteração 1/3 para IFES
2026-09-25 21:33:44,213 - INFO -   🔎 Testando: "ifes"
2026-09-25 21:33:59,787 - INFO -      ✅ 500 resultados (eficiência: 0.30)
2026-09-25 21:34:02,788 - INFO - 
🔄 Iteração 2/3 para IFES
2026-09-25 21:34:02,788 - INFO -   ⚠️ Sem novas queries para testar
2026-09-25 21:34:02,789 - INFO - 
📊 Métricas finais para IFES:
2026-09-25 21:34:02,789 - INFO -    Total de queries testadas: 1
2026-09-25 21:34:02,789 - INFO -    Queries com sucesso: 0
2026-09-25 21:34:02,815 - INFO -    🔤 Filtrando 500 repositórios por idioma (português)...
2026-09-25 21:34:04,046 - INFO -    ✅ Filtro de idioma: 218/500 repositórios mantidos (43.6% em português)
2026-09-25 21:34:04,047 - INFO - ✅ IFES: 218 repositórios em português
2026-09-25 21:34:04,047 - INFO -    Palavras-chave: task, const, ifest, baidu ife, disciplina, campus, trabalho, function, curso, return
2026-09-25 21:34:07,047 - INFO - 
============================================================
2026-09-25 21:34:07,048 - INFO - 🏛️  Processando IFES - Campus Nova Venécia
2026-09-25 21:34:07,048 - INFO - ============================================================
2026-09-25 21:34:07,048 - INFO - 
🔄 Iteração 1/3 para IFES
2026-09-25 21:34:07,048 - INFO -   🔎 Testando: "campus nova"
2026-09-25 21:34:08,791 - INFO -      ✅ 60 resultados (eficiência: 0.18)
2026-09-25 21:34:09,791 - INFO -   🔎 Testando: "ifes"
2026-09-25 21:34:25,141 - INFO -      ✅ 500 resultados (eficiência: 0.30)
2026-09-25 21:34:28,142 - INFO - 
🔄 Iteração 2/3 para IFES
2026-09-25 21:34:28,143 - INFO -   ⚠️ Sem novas queries para testar
2026-09-25 21:34:28,143 - INFO - 
📊 Métricas finais para IFES:
2026-09-25 21:34:28,143 - INFO -    Total de queries testadas: 2
2026-09-25 21:34:28,143 - INFO -    Queries com sucesso: 0
2026-09-25 21:34:28,170 - INFO -    🔤 Filtrando 559 repositórios por idioma (português)...
2026-09-25 21:34:29,633 - INFO -    ✅ Filtro de idioma: 264/559 repositórios mantidos (47.2% em português)
2026-09-25 21:34:29,633 - INFO - ✅ IFES: 264 repositórios em português
2026-09-25 21:34:29,633 - INFO -    Palavras-chave: task, const, ifest, baidu ife, disciplina, campus, trabalho, function, nova, curso
2026-09-25 21:34:32,634 - INFO - 
============================================================
2026-09-25 21:34:32,634 - INFO - 🏛️  Processando IFES - Campus Vila Velha
2026-09-25 21:34:32,634 - INFO - ============================================================
2026-09-25 21:34:32,634 - INFO - 
🔄 Iteração 1/3 para IFES
2026-09-25 21:34:32,634 - INFO -   🔎 Testando: "campus vila"
2026-09-25 21:34:33,671 - INFO -      ✅ 8 resultados (eficiência: 0.02)
2026-09-25 21:34:34,671 - INFO -   🔎 Testando: "ifes"
2026-09-25 21:34:50,700 - INFO -      ✅ 500 resultados (eficiência: 0.30)
2026-09-25 21:34:53,701 - INFO - 
🔄 Iteração 2/3 para IFES
2026-09-25 21:34:53,702 - INFO -   ⚠️ Sem novas queries para testar
2026-09-25 21:34:53,702 - INFO - 
📊 Métricas finais para IFES:
2026-09-25 21:34:53,702 - INFO -    Total de queries testadas: 2
2026-09-25 21:34:53,702 - INFO -    Queries com sucesso: 0
2026-09-25 21:34:53,729 - INFO -    🔤 Filtrando 508 repositórios por idioma (português)...
2026-09-25 21:34:55,000 - INFO -    ✅ Filtro de idioma: 224/508 repositórios mantidos (44.1% em português)
2026-09-25 21:34:55,000 - INFO - ✅ IFES: 224 repositórios em português
2026-09-25 21:34:55,000 - INFO -    Palavras-chave: task, const, ifest, baidu ife, disciplina, campus, trabalho, function, curso, return
2026-09-25 21:34:58,000 - INFO - 
============================================================
2026-09-25 21:34:58,001 - INFO - 🏛️  Processando IFES - Campus Venda Nova do Imigrante
2026-09-25 21:34:58,001 - INFO - ============================================================
2026-09-25 21:34:58,001 - INFO - 
🔄 Iteração 1/3 para IFES
2026-09-25 21:34:58,001 - INFO -   🔎 Testando: "ifes"
2026-09-25 21:35:14,453 - INFO -      ✅ 500 resultados (eficiência: 0.30)
2026-09-25 21:35:15,454 - INFO -   🔎 Testando: "campus venda"
2026-09-25 21:35:15,916 - INFO -      ✅ 1 resultados (eficiência: 0.00)
2026-09-25 21:35:18,917 - INFO - 
🔄 Iteração 2/3 para IFES
2026-09-25 21:35:18,917 - INFO -   ⚠️ Sem novas queries para testar
2026-09-25 21:35:18,917 - INFO - 
📊 Métricas finais para IFES:
2026-09-25 21:35:18,918 - INFO -    Total de queries testadas: 2
2026-09-25 21:35:18,918 - INFO -    Queries com sucesso: 0
2026-09-25 21:35:18,944 - INFO -    🔤 Filtrando 501 repositórios por idioma (português)...
2026-09-25 21:35:20,170 - INFO -    ✅ Filtro de idioma: 218/501 repositórios mantidos (43.5% em português)
2026-09-25 21:35:20,170 - INFO - ✅ IFES: 218 repositórios em português
2026-09-25 21:35:20,170 - INFO -    Palavras-chave: task, const, ifest, baidu ife, disciplina, campus, trabalho, function, curso, return
2026-09-25 21:35:23,171 - INFO - 
============================================================
2026-09-25 21:35:23,171 - INFO - 🏛️  Processando CEFET-MG - Centro Federal de Educação Tecnológica de Minas Gerais
2026-09-25 21:35:23,171 - INFO - ============================================================
2026-09-25 21:35:23,171 - INFO - 
🔄 Iteração 1/3 para CEFET-MG
2026-09-25 21:35:23,171 - INFO -   🔎 Testando: "cefet-mg"
2026-09-25 21:35:49,087 - INFO -      ✅ 500 resultados (eficiência: 0.30)
2026-09-25 21:35:50,088 - INFO -   🔎 Testando: "centro federal"
2026-09-25 21:35:52,451 - INFO -      ✅ 45 resultados (eficiência: 0.14)
2026-09-25 21:35:55,452 - INFO - 
🔄 Iteração 2/3 para CEFET-MG
2026-09-25 21:35:55,452 - INFO -   ⚠️ Sem novas queries para testar
2026-09-25 21:35:55,452 - INFO - 
📊 Métricas finais para CEFET-MG:
2026-09-25 21:35:55,453 - INFO -    Total de queries testadas: 2
2026-09-25 21:35:55,453 - INFO -    Queries com sucesso: 0
2026-09-25 21:35:55,470 - INFO -    🔤 Filtrando 541 repositórios por idioma (português)...
2026-09-25 21:35:56,503 - INFO -    ✅ Filtro de idioma: 450/541 repositórios mantidos (83.2% em português)
2026-09-25 21:35:56,503 - INFO - ✅ CEFET-MG: 450 repositórios em português
2026-09-25 21:35:56,503 - INFO -    Palavras-chave: programação, tp0, programação web, trabalho, centro, federal, curso, web, para, cefet mg
2026-09-25 21:35:59,504 - INFO - 
============================================================
2026-09-25 21:35:59,504 - INFO - 🏛️  Processando CEFET-RJ - Centro Federal de Educação Tecnológica Celso Suckow da Fonseca
2026-09-25 21:35:59,505 - INFO - ============================================================
2026-09-25 21:35:59,505 - INFO - 
🔄 Iteração 1/3 para CEFET-RJ
2026-09-25 21:35:59,505 - INFO -   🔎 Testando: "cefet-rj"
2026-09-25 21:36:25,201 - INFO -      ✅ 493 resultados (eficiência: 0.30)
2026-09-25 21:36:26,201 - INFO -   🔎 Testando: "centro federal"
2026-09-25 21:36:27,726 - INFO -      ✅ 45 resultados (eficiência: 0.14)
2026-09-25 21:36:30,727 - INFO - 
🔄 Iteração 2/3 para CEFET-RJ
2026-09-25 21:36:30,727 - INFO -   ⚠️ Sem novas queries para testar
2026-09-25 21:36:30,727 - INFO - 
📊 Métricas finais para CEFET-RJ:
2026-09-25 21:36:30,727 - INFO -    Total de queries testadas: 2
2026-09-25 21:36:30,727 - INFO -    Queries com sucesso: 0
2026-09-25 21:36:30,748 - INFO -    🔤 Filtrando 526 repositórios por idioma (português)...
2026-09-25 21:36:31,733 - INFO -    ✅ Filtro de idioma: 412/526 repositórios mantidos (78.3% em português)
2026-09-25 21:36:31,733 - INFO - ✅ CEFET-RJ: 412 repositórios em português
2026-09-25 21:36:31,733 - INFO -    Palavras-chave: cefet-rj, dados, sistemas, trabalho, federal, arquivos, centro, curso, para, cefet rj
2026-09-25 21:36:34,734 - INFO - 
============================================================
2026-09-25 21:36:34,734 - INFO - 🏛️  Processando CEFET-MG - Campus Araxá
2026-09-25 21:36:34,734 - INFO - ============================================================
2026-09-25 21:36:34,734 - INFO - 
🔄 Iteração 1/3 para CEFET-MG
2026-09-25 21:36:34,734 - INFO -   🔎 Testando: "cefet-mg"
2026-09-25 21:36:52,908 - INFO -      ✅ 500 resultados (eficiência: 0.30)
2026-09-25 21:36:55,909 - INFO - 
🔄 Iteração 2/3 para CEFET-MG
2026-09-25 21:36:55,909 - INFO -   ⚠️ Sem novas queries para testar
2026-09-25 21:36:55,909 - INFO - 
📊 Métricas finais para CEFET-MG:
2026-09-25 21:36:55,909 - INFO -    Total de queries testadas: 1
2026-09-25 21:36:55,910 - INFO -    Queries com sucesso: 0
2026-09-25 21:36:55,926 - INFO -    🔤 Filtrando 500 repositórios por idioma (português)...
2026-09-25 21:36:56,893 - INFO -    ✅ Filtro de idioma: 418/500 repositórios mantidos (83.6% em português)
2026-09-25 21:36:56,893 - INFO - ✅ CEFET-MG: 418 repositórios em português
2026-09-25 21:36:56,893 - INFO -    Palavras-chave: programação, tp0, programação web, tp0 curso, trabalho, curso, web, para, cefet mg, cefet-mg
2026-09-25 21:36:59,894 - INFO - 
============================================================
2026-09-25 21:36:59,894 - INFO - 🏛️  Processando CEFET-MG - Campus Belo Horizonte
2026-09-25 21:36:59,894 - INFO - ============================================================
2026-09-25 21:36:59,894 - INFO - 
🔄 Iteração 1/3 para CEFET-MG
2026-09-25 21:36:59,894 - INFO -   🔎 Testando: "cefet-mg"
2026-09-25 21:37:17,386 - INFO -      ✅ 500 resultados (eficiência: 0.30)
2026-09-25 21:37:18,387 - INFO -   🔎 Testando: "campus belo"
2026-09-25 21:37:19,906 - INFO -      ✅ 19 resultados (eficiência: 0.06)
2026-09-25 21:37:22,906 - INFO - 
🔄 Iteração 2/3 para CEFET-MG
2026-09-25 21:37:22,906 - INFO -   ⚠️ Sem novas queries para testar
2026-09-25 21:37:22,907 - INFO - 
📊 Métricas finais para CEFET-MG:
2026-09-25 21:37:22,907 - INFO -    Total de queries testadas: 2
2026-09-25 21:37:22,907 - INFO -    Queries com sucesso: 0
2026-09-25 21:37:22,924 - INFO -    🔤 Filtrando 519 repositórios por idioma (português)...
2026-09-25 21:37:23,937 - INFO -    ✅ Filtro de idioma: 435/519 repositórios mantidos (83.8% em português)
2026-09-25 21:37:23,937 - INFO - ✅ CEFET-MG: 435 repositórios em português
2026-09-25 21:37:23,937 - INFO -    Palavras-chave: programação, tp0, programação web, trabalho, campus, curso, web, para, cefet mg, cefet-mg
2026-09-25 21:37:26,938 - INFO - 
============================================================
2026-09-25 21:37:26,938 - INFO - 🏛️  Processando CEFET-MG - Campus Contagem
2026-09-25 21:37:26,938 - INFO - ============================================================
2026-09-25 21:37:26,938 - INFO - 
🔄 Iteração 1/3 para CEFET-MG
2026-09-25 21:37:26,938 - INFO -   🔎 Testando: "cefet-mg"
2026-09-25 21:37:43,180 - INFO -      ✅ 500 resultados (eficiência: 0.30)
2026-09-25 21:37:46,181 - INFO - 
🔄 Iteração 2/3 para CEFET-MG
2026-09-25 21:37:46,181 - INFO -   ⚠️ Sem novas queries para testar
2026-09-25 21:37:46,182 - INFO - 
📊 Métricas finais para CEFET-MG:
2026-09-25 21:37:46,182 - INFO -    Total de queries testadas: 1
2026-09-25 21:37:46,182 - INFO -    Queries com sucesso: 0
2026-09-25 21:37:46,199 - INFO -    🔤 Filtrando 500 repositórios por idioma (português)...
2026-09-25 21:37:47,157 - INFO -    ✅ Filtro de idioma: 418/500 repositórios mantidos (83.6% em português)
2026-09-25 21:37:47,157 - INFO - ✅ CEFET-MG: 418 repositórios em português
2026-09-25 21:37:47,157 - INFO -    Palavras-chave: programação, tp0, programação web, tp0 curso, trabalho, curso, web, para, cefet mg, cefet-mg
2026-09-25 21:37:50,158 - INFO - 
============================================================
2026-09-25 21:37:50,158 - INFO - 🏛️  Processando CEFET-MG - Campus Curvelo
2026-09-25 21:37:50,158 - INFO - ============================================================
2026-09-25 21:37:50,158 - INFO - 
🔄 Iteração 1/3 para CEFET-MG
2026-09-25 21:37:50,158 - INFO -   🔎 Testando: "cefet-mg"
2026-09-25 21:38:06,847 - INFO -      ✅ 500 resultados (eficiência: 0.30)
2026-09-25 21:38:09,848 - INFO - 
🔄 Iteração 2/3 para CEFET-MG
2026-09-25 21:38:09,848 - INFO -   ⚠️ Sem novas queries para testar
2026-09-25 21:38:09,849 - INFO - 
📊 Métricas finais para CEFET-MG:
2026-09-25 21:38:09,849 - INFO -    Total de queries testadas: 1
2026-09-25 21:38:09,849 - INFO -    Queries com sucesso: 0
2026-09-25 21:38:09,864 - INFO -    🔤 Filtrando 500 repositórios por idioma (português)...
2026-09-25 21:38:10,826 - INFO -    ✅ Filtro de idioma: 418/500 repositórios mantidos (83.6% em português)
2026-09-25 21:38:10,826 - INFO - ✅ CEFET-MG: 418 repositórios em português
2026-09-25 21:38:10,826 - INFO -    Palavras-chave: programação, tp0, programação web, tp0 curso, trabalho, curso, web, para, cefet mg, cefet-mg
2026-09-25 21:38:13,827 - INFO - 
============================================================
2026-09-25 21:38:13,827 - INFO - 🏛️  Processando CEFET-MG - Campus Divinópolis
2026-09-25 21:38:13,827 - INFO - ============================================================
2026-09-25 21:38:13,827 - INFO - 
🔄 Iteração 1/3 para CEFET-MG
2026-09-25 21:38:13,827 - INFO -   🔎 Testando: "cefet-mg"
2026-09-25 21:38:30,277 - INFO -      ✅ 500 resultados (eficiência: 0.30)
2026-09-25 21:38:33,277 - INFO - 
🔄 Iteração 2/3 para CEFET-MG
2026-09-25 21:38:33,278 - INFO -   ⚠️ Sem novas queries para testar
2026-09-25 21:38:33,278 - INFO - 
📊 Métricas finais para CEFET-MG:
2026-09-25 21:38:33,278 - INFO -    Total de queries testadas: 1
2026-09-25 21:38:33,278 - INFO -    Queries com sucesso: 0
2026-09-25 21:38:33,297 - INFO -    🔤 Filtrando 500 repositórios por idioma (português)...
2026-09-25 21:38:34,270 - INFO -    ✅ Filtro de idioma: 418/500 repositórios mantidos (83.6% em português)
2026-09-25 21:38:34,271 - INFO - ✅ CEFET-MG: 418 repositórios em português
2026-09-25 21:38:34,271 - INFO -    Palavras-chave: programação, tp0, programação web, tp0 curso, trabalho, curso, web, para, cefet mg, cefet-mg
2026-09-25 21:38:37,271 - INFO - 
============================================================
2026-09-25 21:38:37,272 - INFO - 🏛️  Processando CEFET-MG - Campus Leopoldina
2026-09-25 21:38:37,272 - INFO - ============================================================
2026-09-25 21:38:37,272 - INFO - 
🔄 Iteração 1/3 para CEFET-MG
2026-09-25 21:38:37,272 - INFO -   🔎 Testando: "cefet-mg"
2026-09-25 21:38:54,081 - INFO -      ✅ 500 resultados (eficiência: 0.30)
2026-09-25 21:38:57,082 - INFO - 
🔄 Iteração 2/3 para CEFET-MG
2026-09-25 21:38:57,082 - INFO -   ⚠️ Sem novas queries para testar
2026-09-25 21:38:57,082 - INFO - 
📊 Métricas finais para CEFET-MG:
2026-09-25 21:38:57,083 - INFO -    Total de queries testadas: 1
2026-09-25 21:38:57,083 - INFO -    Queries com sucesso: 0
2026-09-25 21:38:57,099 - INFO -    🔤 Filtrando 500 repositórios por idioma (português)...
2026-09-25 21:38:58,063 - INFO -    ✅ Filtro de idioma: 418/500 repositórios mantidos (83.6% em português)
2026-09-25 21:38:58,063 - INFO - ✅ CEFET-MG: 418 repositórios em português
2026-09-25 21:38:58,063 - INFO -    Palavras-chave: programação, tp0, programação web, tp0 curso, trabalho, curso, web, para, cefet mg, cefet-mg
2026-09-25 21:39:01,064 - INFO - 
============================================================
2026-09-25 21:39:01,064 - INFO - 🏛️  Processando CEFET-MG - Campus Nepomuceno
2026-09-25 21:39:01,064 - INFO - ============================================================
2026-09-25 21:39:01,064 - INFO - 
🔄 Iteração 1/3 para CEFET-MG
2026-09-25 21:39:01,064 - INFO -   🔎 Testando: "cefet-mg"
2026-09-25 21:39:17,128 - INFO -      ✅ 500 resultados (eficiência: 0.30)
2026-09-25 21:39:20,129 - INFO - 
🔄 Iteração 2/3 para CEFET-MG
2026-09-25 21:39:20,129 - INFO -   ⚠️ Sem novas queries para testar
2026-09-25 21:39:20,129 - INFO - 
📊 Métricas finais para CEFET-MG:
2026-09-25 21:39:20,130 - INFO -    Total de queries testadas: 1
2026-09-25 21:39:20,130 - INFO -    Queries com sucesso: 0
2026-09-25 21:39:20,146 - INFO -    🔤 Filtrando 500 repositórios por idioma (português)...
2026-09-25 21:39:21,125 - INFO -    ✅ Filtro de idioma: 418/500 repositórios mantidos (83.6% em português)
2026-09-25 21:39:21,125 - INFO - ✅ CEFET-MG: 418 repositórios em português
2026-09-25 21:39:21,125 - INFO -    Palavras-chave: programação, tp0, programação web, tp0 curso, trabalho, curso, web, para, cefet mg, cefet-mg
2026-09-25 21:39:24,126 - INFO - 
============================================================
2026-09-25 21:39:24,126 - INFO - 🏛️  Processando CEFET-MG - Campus Timóteo
2026-09-25 21:39:24,127 - INFO - ============================================================
2026-09-25 21:39:24,127 - INFO - 
🔄 Iteração 1/3 para CEFET-MG
2026-09-25 21:39:24,127 - INFO -   🔎 Testando: "cefet-mg"
2026-09-25 21:39:40,654 - INFO -      ✅ 500 resultados (eficiência: 0.30)
2026-09-25 21:39:43,655 - INFO - 
🔄 Iteração 2/3 para CEFET-MG
2026-09-25 21:39:43,655 - INFO -   ⚠️ Sem novas queries para testar
2026-09-25 21:39:43,656 - INFO - 
📊 Métricas finais para CEFET-MG:
2026-09-25 21:39:43,656 - INFO -    Total de queries testadas: 1
2026-09-25 21:39:43,656 - INFO -    Queries com sucesso: 0
2026-09-25 21:39:43,675 - INFO -    🔤 Filtrando 500 repositórios por idioma (português)...
2026-09-25 21:39:44,643 - INFO -    ✅ Filtro de idioma: 418/500 repositórios mantidos (83.6% em português)
2026-09-25 21:39:44,643 - INFO - ✅ CEFET-MG: 418 repositórios em português
2026-09-25 21:39:44,643 - INFO -    Palavras-chave: programação, tp0, programação web, tp0 curso, trabalho, curso, web, para, cefet mg, cefet-mg
2026-09-25 21:39:47,644 - INFO - 
============================================================
2026-09-25 21:39:47,644 - INFO - 🏛️  Processando CEFET-MG - Campus Varginha
2026-09-25 21:39:47,644 - INFO - ============================================================
2026-09-25 21:39:47,644 - INFO - 
🔄 Iteração 1/3 para CEFET-MG
2026-09-25 21:39:47,644 - INFO -   🔎 Testando: "cefet-mg"
2026-09-25 21:40:03,112 - INFO -      ✅ 500 resultados (eficiência: 0.30)
2026-09-25 21:40:06,112 - INFO - 
🔄 Iteração 2/3 para CEFET-MG
2026-09-25 21:40:06,113 - INFO -   ⚠️ Sem novas queries para testar
2026-09-25 21:40:06,113 - INFO - 
📊 Métricas finais para CEFET-MG:
2026-09-25 21:40:06,113 - INFO -    Total de queries testadas: 1
2026-09-25 21:40:06,113 - INFO -    Queries com sucesso: 0
2026-09-25 21:40:06,132 - INFO -    🔤 Filtrando 500 repositórios por idioma (português)...
2026-09-25 21:40:07,110 - INFO -    ✅ Filtro de idioma: 418/500 repositórios mantidos (83.6% em português)
2026-09-25 21:40:07,110 - INFO - ✅ CEFET-MG: 418 repositórios em português
2026-09-25 21:40:07,111 - INFO -    Palavras-chave: programação, tp0, programação web, tp0 curso, trabalho, curso, web, para, cefet mg, cefet-mg
2026-09-25 21:40:10,111 - INFO - 
============================================================
2026-09-25 21:40:10,112 - INFO - 🏛️  Processando CEFET-RJ - Campus Angra dos Reis
2026-09-25 21:40:10,112 - INFO - ============================================================
2026-09-25 21:40:10,112 - INFO - 
🔄 Iteração 1/3 para CEFET-RJ
2026-09-25 21:40:10,112 - INFO -   🔎 Testando: "cefet-rj"
2026-09-25 21:40:26,878 - INFO -      ✅ 493 resultados (eficiência: 0.30)
2026-09-25 21:40:27,878 - INFO -   🔎 Testando: "campus angra"
2026-09-25 21:40:28,349 - INFO -      ✅ 3 resultados (eficiência: 0.01)
2026-09-25 21:40:31,350 - INFO - 
🔄 Iteração 2/3 para CEFET-RJ
2026-09-25 21:40:31,350 - INFO -   ⚠️ Sem novas queries para testar
2026-09-25 21:40:31,351 - INFO - 
📊 Métricas finais para CEFET-RJ:
2026-09-25 21:40:31,351 - INFO -    Total de queries testadas: 2
2026-09-25 21:40:31,351 - INFO -    Queries com sucesso: 0
2026-09-25 21:40:31,370 - INFO -    🔤 Filtrando 493 repositórios por idioma (português)...
2026-09-25 21:40:32,304 - INFO -    ✅ Filtro de idioma: 389/493 repositórios mantidos (78.9% em português)
2026-09-25 21:40:32,304 - INFO - ✅ CEFET-RJ: 389 repositórios em português
2026-09-25 21:40:32,304 - INFO -    Palavras-chave: cefet-rj, repository, dados, sistemas, trabalho, arquivos, curso, para, cefet rj, rj
2026-09-25 21:40:35,305 - INFO - 
============================================================
2026-09-25 21:40:35,305 - INFO - 🏛️  Processando CEFET-RJ - Campus Itaguaí
2026-09-25 21:40:35,305 - INFO - ============================================================
2026-09-25 21:40:35,305 - INFO - 
🔄 Iteração 1/3 para CEFET-RJ
2026-09-25 21:40:35,305 - INFO -   🔎 Testando: "cefet-rj"
2026-09-25 21:40:51,693 - INFO -      ✅ 493 resultados (eficiência: 0.30)
2026-09-25 21:40:54,693 - INFO - 
🔄 Iteração 2/3 para CEFET-RJ
2026-09-25 21:40:54,694 - INFO -   ⚠️ Sem novas queries para testar
2026-09-25 21:40:54,694 - INFO - 
📊 Métricas finais para CEFET-RJ:
2026-09-25 21:40:54,694 - INFO -    Total de queries testadas: 1
2026-09-25 21:40:54,694 - INFO -    Queries com sucesso: 0
2026-09-25 21:40:54,716 - INFO -    🔤 Filtrando 493 repositórios por idioma (português)...
2026-09-25 21:40:55,650 - INFO -    ✅ Filtro de idioma: 389/493 repositórios mantidos (78.9% em português)
2026-09-25 21:40:55,650 - INFO - ✅ CEFET-RJ: 389 repositórios em português
2026-09-25 21:40:55,650 - INFO -    Palavras-chave: cefet-rj, repository, dados, sistemas, trabalho, arquivos, curso, para, cefet rj, rj
2026-09-25 21:40:58,650 - INFO - 
============================================================
2026-09-25 21:40:58,651 - INFO - 🏛️  Processando CEFET-RJ - Campus Maracanã
2026-09-25 21:40:58,651 - INFO - ============================================================
2026-09-25 21:40:58,651 - INFO - 
🔄 Iteração 1/3 para CEFET-RJ
2026-09-25 21:40:58,651 - INFO -   🔎 Testando: "cefet-rj"
2026-09-25 21:41:14,098 - INFO -      ✅ 493 resultados (eficiência: 0.30)
2026-09-25 21:41:17,099 - INFO - 
🔄 Iteração 2/3 para CEFET-RJ
2026-09-25 21:41:17,099 - INFO -   ⚠️ Sem novas queries para testar
2026-09-25 21:41:17,099 - INFO - 
📊 Métricas finais para CEFET-RJ:
2026-09-25 21:41:17,099 - INFO -    Total de queries testadas: 1
2026-09-25 21:41:17,099 - INFO -    Queries com sucesso: 0
2026-09-25 21:41:17,119 - INFO -    🔤 Filtrando 493 repositórios por idioma (português)...
2026-09-25 21:41:18,052 - INFO -    ✅ Filtro de idioma: 389/493 repositórios mantidos (78.9% em português)
2026-09-25 21:41:18,052 - INFO - ✅ CEFET-RJ: 389 repositórios em português
2026-09-25 21:41:18,052 - INFO -    Palavras-chave: cefet-rj, repository, dados, sistemas, trabalho, arquivos, curso, para, cefet rj, rj
2026-09-25 21:41:21,053 - INFO - 
============================================================
2026-09-25 21:41:21,053 - INFO - 🏛️  Processando CEFET-RJ - Campus Maria da Graça
2026-09-25 21:41:21,053 - INFO - ============================================================
2026-09-25 21:41:21,053 - INFO - 
🔄 Iteração 1/3 para CEFET-RJ
2026-09-25 21:41:21,053 - INFO -   🔎 Testando: "campus maria"
2026-09-25 21:41:21,811 - INFO -      ✅ 8 resultados (eficiência: 0.02)
2026-09-25 21:41:22,811 - INFO -   🔎 Testando: "cefet-rj"
2026-09-25 21:41:37,932 - INFO -      ✅ 493 resultados (eficiência: 0.30)
2026-09-25 21:41:40,933 - INFO - 
🔄 Iteração 2/3 para CEFET-RJ
2026-09-25 21:41:40,933 - INFO -   ⚠️ Sem novas queries para testar
2026-09-25 21:41:40,934 - INFO - 
📊 Métricas finais para CEFET-RJ:
2026-09-25 21:41:40,934 - INFO -    Total de queries testadas: 2
2026-09-25 21:41:40,934 - INFO -    Queries com sucesso: 0
2026-09-25 21:41:40,952 - INFO -    🔤 Filtrando 497 repositórios por idioma (português)...
2026-09-25 21:41:41,892 - INFO -    ✅ Filtro de idioma: 392/497 repositórios mantidos (78.9% em português)
2026-09-25 21:41:41,892 - INFO - ✅ CEFET-RJ: 392 repositórios em português
2026-09-25 21:41:41,892 - INFO -    Palavras-chave: cefet-rj, repository, dados, sistemas, trabalho, arquivos, campus, curso, para, cefet rj
2026-09-25 21:41:44,893 - INFO - 
============================================================
2026-09-25 21:41:44,893 - INFO - 🏛️  Processando CEFET-RJ - Campus Nova Friburgo
2026-09-25 21:41:44,893 - INFO - ============================================================
2026-09-25 21:41:44,893 - INFO - 
🔄 Iteração 1/3 para CEFET-RJ
2026-09-25 21:41:44,893 - INFO -   🔎 Testando: "cefet-rj"
2026-09-25 21:42:00,689 - INFO -      ✅ 493 resultados (eficiência: 0.30)
2026-09-25 21:42:01,690 - INFO -   🔎 Testando: "campus nova"
2026-09-25 21:42:03,489 - INFO -      ✅ 60 resultados (eficiência: 0.18)
2026-09-25 21:42:06,489 - INFO - 
🔄 Iteração 2/3 para CEFET-RJ
2026-09-25 21:42:06,490 - INFO -   ⚠️ Sem novas queries para testar
2026-09-25 21:42:06,490 - INFO - 
📊 Métricas finais para CEFET-RJ:
2026-09-25 21:42:06,490 - INFO -    Total de queries testadas: 2
2026-09-25 21:42:06,490 - INFO -    Queries com sucesso: 0
2026-09-25 21:42:06,514 - INFO -    🔤 Filtrando 549 repositórios por idioma (português)...
2026-09-25 21:42:07,781 - INFO -    ✅ Filtro de idioma: 432/549 repositórios mantidos (78.7% em português)
2026-09-25 21:42:07,781 - INFO - ✅ CEFET-RJ: 432 repositórios em português
2026-09-25 21:42:07,781 - INFO -    Palavras-chave: cefet-rj, dados, sistemas, campus, trabalho, arquivos, nova, curso, para, cefet rj
2026-09-25 21:42:10,782 - INFO - 
============================================================
2026-09-25 21:42:10,783 - INFO - 🏛️  Processando CEFET-RJ - Campus Nova Iguaçu
2026-09-25 21:42:10,783 - INFO - ============================================================
2026-09-25 21:42:10,783 - INFO - 
🔄 Iteração 1/3 para CEFET-RJ
2026-09-25 21:42:10,783 - INFO -   🔎 Testando: "cefet-rj"
2026-09-25 21:42:26,128 - INFO -      ✅ 493 resultados (eficiência: 0.30)
2026-09-25 21:42:27,129 - INFO -   🔎 Testando: "campus nova"
2026-09-25 21:42:29,026 - INFO -      ✅ 60 resultados (eficiência: 0.18)
2026-09-25 21:42:32,026 - INFO - 
🔄 Iteração 2/3 para CEFET-RJ
2026-09-25 21:42:32,027 - INFO -   ⚠️ Sem novas queries para testar
2026-09-25 21:42:32,027 - INFO - 
📊 Métricas finais para CEFET-RJ:
2026-09-25 21:42:32,027 - INFO -    Total de queries testadas: 2
2026-09-25 21:42:32,027 - INFO -    Queries com sucesso: 0
2026-09-25 21:42:32,052 - INFO -    🔤 Filtrando 549 repositórios por idioma (português)...
2026-09-25 21:42:33,208 - INFO -    ✅ Filtro de idioma: 432/549 repositórios mantidos (78.7% em português)
2026-09-25 21:42:33,208 - INFO - ✅ CEFET-RJ: 432 repositórios em português
2026-09-25 21:42:33,208 - INFO -    Palavras-chave: cefet-rj, dados, sistemas, campus, trabalho, arquivos, nova, curso, para, cefet rj
2026-09-25 21:42:36,209 - INFO - 
============================================================
2026-09-25 21:42:36,209 - INFO - 🏛️  Processando CEFET-RJ - Campus Petrópolis
2026-09-25 21:42:36,209 - INFO - ============================================================
2026-09-25 21:42:36,209 - INFO - 
🔄 Iteração 1/3 para CEFET-RJ
2026-09-25 21:42:36,209 - INFO -   🔎 Testando: "cefet-rj"
2026-09-25 21:42:51,358 - INFO -      ✅ 493 resultados (eficiência: 0.30)
2026-09-25 21:42:54,359 - INFO - 
🔄 Iteração 2/3 para CEFET-RJ
2026-09-25 21:42:54,359 - INFO -   ⚠️ Sem novas queries para testar
2026-09-25 21:42:54,360 - INFO - 
📊 Métricas finais para CEFET-RJ:
2026-09-25 21:42:54,360 - INFO -    Total de queries testadas: 1
2026-09-25 21:42:54,360 - INFO -    Queries com sucesso: 0
2026-09-25 21:42:54,378 - INFO -    🔤 Filtrando 493 repositórios por idioma (português)...
2026-09-25 21:42:55,314 - INFO -    ✅ Filtro de idioma: 389/493 repositórios mantidos (78.9% em português)
2026-09-25 21:42:55,314 - INFO - ✅ CEFET-RJ: 389 repositórios em português
2026-09-25 21:42:55,314 - INFO -    Palavras-chave: cefet-rj, repository, dados, sistemas, trabalho, arquivos, curso, para, cefet rj, rj
2026-09-25 21:42:58,314 - INFO - 
============================================================
2026-09-25 21:42:58,314 - INFO - 🏛️  Processando CEFET-RJ - Campus Valença
2026-09-25 21:42:58,315 - INFO - ============================================================
2026-09-25 21:42:58,315 - INFO - 
🔄 Iteração 1/3 para CEFET-RJ
2026-09-25 21:42:58,315 - INFO -   🔎 Testando: "cefet-rj"
2026-09-25 21:43:13,157 - INFO -      ✅ 493 resultados (eficiência: 0.30)
2026-09-25 21:43:16,157 - INFO - 
🔄 Iteração 2/3 para CEFET-RJ
2026-09-25 21:43:16,158 - INFO -   ⚠️ Sem novas queries para testar
2026-09-25 21:43:16,158 - INFO - 
📊 Métricas finais para CEFET-RJ:
2026-09-25 21:43:16,158 - INFO -    Total de queries testadas: 1
2026-09-25 21:43:16,158 - INFO -    Queries com sucesso: 0
2026-09-25 21:43:16,176 - INFO -    🔤 Filtrando 493 repositórios por idioma (português)...
2026-09-25 21:43:17,108 - INFO -    ✅ Filtro de idioma: 389/493 repositórios mantidos (78.9% em português)
2026-09-25 21:43:17,108 - INFO - ✅ CEFET-RJ: 389 repositórios em português
2026-09-25 21:43:17,108 - INFO -    Palavras-chave: cefet-rj, repository, dados, sistemas, trabalho, arquivos, curso, para, cefet rj, rj
2026-09-25 21:43:17,109 - INFO - 
📚 Processando Universidades Federais...
2026-09-25 21:43:17,109 - INFO - 
============================================================
2026-09-25 21:43:17,109 - INFO - 🏛️  Processando UFRJ - Universidade Federal do Rio de Janeiro
2026-09-25 21:43:17,109 - INFO - ============================================================
2026-09-25 21:43:17,109 - INFO - 
🔄 Iteração 1/3 para UFRJ
2026-09-25 21:43:17,109 - INFO -   🔎 Testando: "ufrj"
2026-09-25 21:43:42,859 - INFO -      ✅ 500 resultados (eficiência: 0.30)
2026-09-25 21:43:43,859 - INFO -   🔎 Testando: "universidade federal"
2026-09-25 21:44:06,735 - INFO -      ✅ 500 resultados (eficiência: 0.30)
2026-09-25 21:44:09,735 - INFO - 
🔄 Iteração 2/3 para UFRJ
2026-09-25 21:44:09,736 - INFO -   ⚠️ Sem novas queries para testar
2026-09-25 21:44:09,736 - INFO - 
📊 Métricas finais para UFRJ:
2026-09-25 21:44:09,736 - INFO -    Total de queries testadas: 2
2026-09-25 21:44:09,736 - INFO -    Queries com sucesso: 0
2026-09-25 21:44:09,768 - INFO -    🔤 Filtrando 997 repositórios por idioma (português)...
2026-09-25 21:44:11,682 - INFO -    ✅ Filtro de idioma: 832/997 repositórios mantidos (83.5% em português)
2026-09-25 21:44:11,682 - INFO - ✅ UFRJ: 832 repositórios em português
2026-09-25 21:44:11,682 - INFO -    Palavras-chave: desenvolvido, dados, sistemas, universidade, federal, trabalho, course, curso, para, ufrj
2026-09-25 21:44:14,683 - INFO - 
============================================================
2026-09-25 21:44:14,683 - INFO - 🏛️  Processando USP - Universidade de São Paulo
2026-09-25 21:44:14,683 - INFO - ============================================================
2026-09-25 21:44:14,683 - INFO - 
🔄 Iteração 1/3 para USP
2026-09-25 21:44:14,683 - INFO -   🔎 Testando: "usp"
2026-09-25 21:44:34,552 - INFO -      ✅ 500 resultados (eficiência: 0.30)
2026-09-25 21:44:35,552 - INFO -   🔎 Testando: "universidade de"
2026-09-25 21:45:00,103 - INFO -      ✅ 500 resultados (eficiência: 0.30)
2026-09-25 21:45:03,103 - INFO - 
🔄 Iteração 2/3 para USP
2026-09-25 21:45:03,103 - INFO -   ⚠️ Sem novas queries para testar
2026-09-25 21:45:03,104 - INFO - 
📊 Métricas finais para USP:
2026-09-25 21:45:03,104 - INFO -    Total de queries testadas: 2
2026-09-25 21:45:03,104 - INFO -    Queries com sucesso: 0
2026-09-25 21:45:03,182 - INFO -    🔤 Filtrando 994 repositórios por idioma (português)...
2026-09-25 21:45:05,067 - INFO -    ✅ Filtro de idioma: 542/994 repositórios mantidos (54.5% em português)
2026-09-25 21:45:05,067 - INFO - ✅ USP: 542 repositórios em português
2026-09-25 21:45:05,067 - INFO -    Palavras-chave: usp, button, function, class, universidade, usps, null, item, this, https
2026-09-25 21:45:08,068 - INFO - 
============================================================
2026-09-25 21:45:08,068 - INFO - 🏛️  Processando UFMG - Universidade Federal de Minas Gerais
2026-09-25 21:45:08,068 - INFO - ============================================================
2026-09-25 21:45:08,068 - INFO - 
🔄 Iteração 1/3 para UFMG
2026-09-25 21:45:08,068 - INFO -   🔎 Testando: "ufmg"
2026-09-25 21:45:32,533 - INFO -      ✅ 500 resultados (eficiência: 0.30)
2026-09-25 21:45:33,533 - INFO -   🔎 Testando: "universidade federal"
2026-09-25 21:45:50,321 - INFO -      ✅ 500 resultados (eficiência: 0.30)
2026-09-25 21:45:53,322 - INFO - 
🔄 Iteração 2/3 para UFMG
2026-09-25 21:45:53,323 - INFO -   ⚠️ Sem novas queries para testar
2026-09-25 21:45:53,323 - INFO - 
📊 Métricas finais para UFMG:
2026-09-25 21:45:53,323 - INFO -    Total de queries testadas: 2
2026-09-25 21:45:53,323 - INFO -    Queries com sucesso: 0
2026-09-25 21:45:53,361 - INFO -    🔤 Filtrando 996 repositórios por idioma (português)...
2026-09-25 21:45:55,318 - INFO -    ✅ Filtro de idioma: 836/996 repositórios mantidos (83.9% em português)
2026-09-25 21:45:55,318 - INFO - ✅ UFMG: 836 repositórios em português
2026-09-25 21:45:55,318 - INFO -    Palavras-chave: desenvolvido, dados, sistemas, universidade, federal, ufmg, trabalho, curso, para, engenharia
2026-09-25 21:45:58,318 - INFO - 
============================================================
2026-09-25 21:45:58,319 - INFO - 🏛️  Processando UNB - Universidade de Brasília
2026-09-25 21:45:58,319 - INFO - ============================================================
2026-09-25 21:45:58,319 - INFO - 
🔄 Iteração 1/3 para UNB
2026-09-25 21:45:58,319 - INFO -   🔎 Testando: "unb"
2026-09-25 21:46:17,019 - INFO -      ✅ 500 resultados (eficiência: 0.30)
2026-09-25 21:46:18,020 - INFO -   🔎 Testando: "universidade de"
2026-09-25 21:46:34,797 - INFO -      ✅ 500 resultados (eficiência: 0.30)
2026-09-25 21:46:37,797 - INFO - 
🔄 Iteração 2/3 para UNB
2026-09-25 21:46:37,798 - INFO -   ⚠️ Sem novas queries para testar
2026-09-25 21:46:37,798 - INFO - 
📊 Métricas finais para UNB:
2026-09-25 21:46:37,798 - INFO -    Total de queries testadas: 2
2026-09-25 21:46:37,798 - INFO -    Queries com sucesso: 0
2026-09-25 21:46:37,836 - INFO -    🔤 Filtrando 994 repositórios por idioma (português)...
2026-09-25 21:46:39,616 - INFO -    ✅ Filtro de idioma: 493/994 repositórios mantidos (49.6% em português)
2026-09-25 21:46:39,617 - INFO - ✅ UNB: 493 repositórios em português
2026-09-25 21:46:39,617 - INFO -    Palavras-chave: python, unblock, sistemas, universidade, universidade brasília, trabalho, engenharia, curso, para, brasília
2026-09-25 21:46:42,617 - INFO - 
============================================================
2026-09-25 21:46:42,617 - INFO - 🏛️  Processando UFC - Universidade Federal do Ceará
2026-09-25 21:46:42,618 - INFO - ============================================================
2026-09-25 21:46:42,618 - INFO - 
🔄 Iteração 1/3 para UFC
2026-09-25 21:46:42,618 - INFO -   🔎 Testando: "ufc"
2026-09-25 21:47:04,264 - INFO -      ✅ 500 resultados (eficiência: 0.30)
2026-09-25 21:47:05,265 - INFO -   🔎 Testando: "universidade federal"
2026-09-25 21:47:21,667 - INFO -      ✅ 500 resultados (eficiência: 0.30)
2026-09-25 21:47:24,668 - INFO - 
🔄 Iteração 2/3 para UFC
2026-09-25 21:47:24,669 - INFO -   ⚠️ Sem novas queries para testar
2026-09-25 21:47:24,669 - INFO - 
📊 Métricas finais para UFC:
2026-09-25 21:47:24,669 - INFO -    Total de queries testadas: 2
2026-09-25 21:47:24,670 - INFO -    Queries com sucesso: 0
2026-09-25 21:47:24,775 - INFO -    🔤 Filtrando 986 repositórios por idioma (português)...
2026-09-25 21:47:26,797 - INFO -    ✅ Filtro de idioma: 690/986 repositórios mantidos (70.0% em português)
2026-09-25 21:47:26,797 - INFO - ✅ UFC: 690 repositórios em português
2026-09-25 21:47:26,797 - INFO -    Palavras-chave: http, group, universidade, title, federal, live, token, movie, video, bgapp
2026-09-25 21:47:29,798 - INFO - 
============================================================
2026-09-25 21:47:29,798 - INFO - 🏛️  Processando UFPE - Universidade Federal de Pernambuco
2026-09-25 21:47:29,798 - INFO - ============================================================
2026-09-25 21:47:29,799 - INFO - 
🔄 Iteração 1/3 para UFPE
2026-09-25 21:47:29,799 - INFO -   🔎 Testando: "ufpe"
2026-09-25 21:47:52,707 - INFO -      ✅ 500 resultados (eficiência: 0.30)
2026-09-25 21:47:53,708 - INFO -   🔎 Testando: "universidade federal"
2026-09-25 21:48:09,639 - INFO -      ✅ 500 resultados (eficiência: 0.30)
2026-09-25 21:48:12,640 - INFO - 
🔄 Iteração 2/3 para UFPE
2026-09-25 21:48:12,640 - INFO -   ⚠️ Sem novas queries para testar
2026-09-25 21:48:12,641 - INFO - 
📊 Métricas finais para UFPE:
2026-09-25 21:48:12,641 - INFO -    Total de queries testadas: 2
2026-09-25 21:48:12,641 - INFO -    Queries com sucesso: 0
2026-09-25 21:48:12,682 - INFO -    🔤 Filtrando 993 repositórios por idioma (português)...
2026-09-25 21:48:14,632 - INFO -    ✅ Filtro de idioma: 861/993 repositórios mantidos (86.7% em português)
2026-09-25 21:48:14,632 - INFO - ✅ UFPE: 861 repositórios em português
2026-09-25 21:48:14,632 - INFO -    Palavras-chave: ufpe, dados, sistemas, universidade, federal, trabalho, engenharia, curso, para, cin
2026-09-25 21:48:17,633 - INFO - 
============================================================
2026-09-25 21:48:17,633 - INFO - 🏛️  Processando UFRGS - Universidade Federal do Rio Grande do Sul
2026-09-25 21:48:17,633 - INFO - ============================================================
2026-09-25 21:48:17,633 - INFO - 
🔄 Iteração 1/3 para UFRGS
2026-09-25 21:48:17,633 - INFO -   🔎 Testando: "ufrgs"
2026-09-25 21:48:41,678 - INFO -      ✅ 500 resultados (eficiência: 0.30)
2026-09-25 21:48:42,678 - INFO -   🔎 Testando: "universidade federal"
2026-09-25 21:48:58,515 - INFO -      ✅ 500 resultados (eficiência: 0.30)
2026-09-25 21:49:01,516 - INFO - 
🔄 Iteração 2/3 para UFRGS
2026-09-25 21:49:01,516 - INFO -   ⚠️ Sem novas queries para testar
2026-09-25 21:49:01,517 - INFO - 
📊 Métricas finais para UFRGS:
2026-09-25 21:49:01,517 - INFO -    Total de queries testadas: 2
2026-09-25 21:49:01,517 - INFO -    Queries com sucesso: 0
2026-09-25 21:49:01,549 - INFO -    🔤 Filtrando 993 repositórios por idioma (português)...
2026-09-25 21:49:03,672 - INFO -    ✅ Filtro de idioma: 756/993 repositórios mantidos (76.1% em português)
2026-09-25 21:49:03,672 - INFO - ✅ UFRGS: 756 repositórios em português
2026-09-25 21:49:03,672 - INFO -    Palavras-chave: dados, sistemas, universidade, federal, trabalho, ufrgs, curso, para, course, engenharia
2026-09-25 21:49:06,673 - INFO - 
============================================================
2026-09-25 21:49:06,673 - INFO - 🏛️  Processando UFPR - Universidade Federal do Paraná
2026-09-25 21:49:06,673 - INFO - ============================================================
2026-09-25 21:49:06,673 - INFO - 
🔄 Iteração 1/3 para UFPR
2026-09-25 21:49:06,674 - INFO -   🔎 Testando: "ufpr"
2026-09-25 21:49:33,612 - INFO -      ✅ 500 resultados (eficiência: 0.30)
2026-09-25 21:49:34,613 - INFO -   🔎 Testando: "universidade federal"
2026-09-25 21:49:50,487 - INFO -      ✅ 500 resultados (eficiência: 0.30)
2026-09-25 21:49:53,488 - INFO - 
🔄 Iteração 2/3 para UFPR
2026-09-25 21:49:53,488 - INFO -   ⚠️ Sem novas queries para testar
2026-09-25 21:49:53,489 - INFO - 
📊 Métricas finais para UFPR:
2026-09-25 21:49:53,489 - INFO -    Total de queries testadas: 2
2026-09-25 21:49:53,489 - INFO -    Queries com sucesso: 0
2026-09-25 21:49:53,526 - INFO -    🔤 Filtrando 996 repositórios por idioma (português)...
2026-09-25 21:49:55,661 - INFO -    ✅ Filtro de idioma: 839/996 repositórios mantidos (84.2% em português)
2026-09-25 21:49:55,661 - INFO - ✅ UFPR: 839 repositórios em português
2026-09-25 21:49:55,661 - INFO -    Palavras-chave: desenvolvido, dados, sistemas, universidade, federal, trabalho, ufpr, curso, para, campus
2026-09-25 21:49:58,662 - INFO - 
============================================================
2026-09-25 21:49:58,662 - INFO - 🏛️  Processando UFSC - Universidade Federal de Santa Catarina
2026-09-25 21:49:58,662 - INFO - ============================================================
2026-09-25 21:49:58,662 - INFO - 
🔄 Iteração 1/3 para UFSC
2026-09-25 21:49:58,662 - INFO -   🔎 Testando: "ufsc"
2026-09-25 21:50:21,611 - INFO -      ✅ 500 resultados (eficiência: 0.30)
2026-09-25 21:50:22,611 - INFO -   🔎 Testando: "universidade federal"
2026-09-25 21:50:38,168 - INFO -      ✅ 500 resultados (eficiência: 0.30)
2026-09-25 21:50:41,169 - INFO - 
🔄 Iteração 2/3 para UFSC
2026-09-25 21:50:41,170 - INFO -   ⚠️ Sem novas queries para testar
2026-09-25 21:50:41,170 - INFO - 
📊 Métricas finais para UFSC:
2026-09-25 21:50:41,170 - INFO -    Total de queries testadas: 2
2026-09-25 21:50:41,170 - INFO -    Queries com sucesso: 0
2026-09-25 21:50:41,206 - INFO -    🔤 Filtrando 992 repositórios por idioma (português)...
2026-09-25 21:50:43,365 - INFO -    ✅ Filtro de idioma: 782/992 repositórios mantidos (78.8% em português)
2026-09-25 21:50:43,365 - INFO - ✅ UFSC: 782 repositórios em português
2026-09-25 21:50:43,365 - INFO -    Palavras-chave: sistema, desenvolvido, dados, sistemas, universidade, federal, trabalho, curso, para, ufsc
2026-09-25 21:50:46,366 - INFO - 
============================================================
2026-09-25 21:50:46,366 - INFO - 🏛️  Processando UFBA - Universidade Federal da Bahia
2026-09-25 21:50:46,367 - INFO - ============================================================
2026-09-25 21:50:46,367 - INFO - 
🔄 Iteração 1/3 para UFBA
2026-09-25 21:50:46,367 - INFO -   🔎 Testando: "ufba"
2026-09-25 21:51:10,977 - INFO -      ✅ 500 resultados (eficiência: 0.30)
2026-09-25 21:51:11,978 - INFO -   🔎 Testando: "universidade federal"
2026-09-25 21:51:28,065 - INFO -      ✅ 500 resultados (eficiência: 0.30)
2026-09-25 21:51:31,066 - INFO - 
🔄 Iteração 2/3 para UFBA
2026-09-25 21:51:31,066 - INFO -   ⚠️ Sem novas queries para testar
2026-09-25 21:51:31,067 - INFO - 
📊 Métricas finais para UFBA:
2026-09-25 21:51:31,067 - INFO -    Total de queries testadas: 2
2026-09-25 21:51:31,067 - INFO -    Queries com sucesso: 0
2026-09-25 21:51:31,102 - INFO -    🔤 Filtrando 992 repositórios por idioma (português)...
2026-09-25 21:51:33,218 - INFO -    ✅ Filtro de idioma: 875/992 repositórios mantidos (88.2% em português)
2026-09-25 21:51:33,218 - INFO - ✅ UFBA: 875 repositórios em português
2026-09-25 21:51:33,218 - INFO -    Palavras-chave: sistema, desenvolvido, dados, sistemas, universidade, federal, trabalho, engenharia, ufba, para
2026-09-25 21:51:36,219 - INFO - 
============================================================
2026-09-25 21:51:36,219 - INFO - 🏛️  Processando UFF - Universidade Federal Fluminense
2026-09-25 21:51:36,219 - INFO - ============================================================
2026-09-25 21:51:36,219 - INFO - 
🔄 Iteração 1/3 para UFF
2026-09-25 21:51:36,219 - INFO -   🔎 Testando: "uff"
2026-09-25 21:52:00,226 - INFO -      ✅ 500 resultados (eficiência: 0.30)
2026-09-25 21:52:01,227 - INFO -   🔎 Testando: "universidade federal"
2026-09-25 21:52:17,182 - INFO -      ✅ 500 resultados (eficiência: 0.30)
2026-09-25 21:52:20,183 - INFO - 
🔄 Iteração 2/3 para UFF
2026-09-25 21:52:20,183 - INFO -   ⚠️ Sem novas queries para testar
2026-09-25 21:52:20,184 - INFO - 
📊 Métricas finais para UFF:
2026-09-25 21:52:20,184 - INFO -    Total de queries testadas: 2
2026-09-25 21:52:20,184 - INFO -    Queries com sucesso: 0
2026-09-25 21:52:20,222 - INFO -    🔤 Filtrando 983 repositórios por idioma (português)...
2026-09-25 21:52:22,154 - INFO -    ✅ Filtro de idioma: 781/983 repositórios mantidos (79.5% em português)
2026-09-25 21:52:22,154 - INFO - ✅ UFF: 781 repositórios em português
2026-09-25 21:52:22,154 - INFO -    Palavras-chave: sistema, desenvolvido, dados, sistemas, universidade, federal, trabalho, campus, curso, para
2026-09-25 21:52:25,154 - INFO - 
============================================================
2026-09-25 21:52:25,155 - INFO - 🏛️  Processando UFG - Universidade Federal de Goiás
2026-09-25 21:52:25,155 - INFO - ============================================================
2026-09-25 21:52:25,155 - INFO - 
🔄 Iteração 1/3 para UFG
2026-09-25 21:52:25,155 - INFO -   🔎 Testando: "ufg"
2026-09-25 21:52:49,201 - INFO -      ✅ 500 resultados (eficiência: 0.30)
2026-09-25 21:52:50,201 - INFO -   🔎 Testando: "universidade federal"
2026-09-25 21:53:05,995 - INFO -      ✅ 500 resultados (eficiência: 0.30)
2026-09-25 21:53:08,996 - INFO - 
🔄 Iteração 2/3 para UFG
2026-09-25 21:53:08,996 - INFO -   ⚠️ Sem novas queries para testar
2026-09-25 21:53:08,997 - INFO - 
📊 Métricas finais para UFG:
2026-09-25 21:53:08,997 - INFO -    Total de queries testadas: 2
2026-09-25 21:53:08,997 - INFO -    Queries com sucesso: 0
2026-09-25 21:53:09,029 - INFO -    🔤 Filtrando 993 repositórios por idioma (português)...
2026-09-25 21:53:11,516 - INFO -    ✅ Filtro de idioma: 828/993 repositórios mantidos (83.4% em português)
2026-09-25 21:53:11,516 - INFO - ✅ UFG: 828 repositórios em português
2026-09-25 21:53:11,516 - INFO -    Palavras-chave: sistema, desenvolvido, dados, sistemas, universidade, federal, trabalho, engenharia, curso, para
2026-09-25 21:53:14,517 - INFO - 
============================================================
2026-09-25 21:53:14,517 - INFO - 🏛️  Processando UFPA - Universidade Federal do Pará
2026-09-25 21:53:14,517 - INFO - ============================================================
2026-09-25 21:53:14,517 - INFO - 
🔄 Iteração 1/3 para UFPA
2026-09-25 21:53:14,517 - INFO -   🔎 Testando: "ufpa"
2026-09-25 21:53:40,205 - INFO -      ✅ 500 resultados (eficiência: 0.30)
2026-09-25 21:53:41,206 - INFO -   🔎 Testando: "universidade federal"
2026-09-25 21:53:56,443 - INFO -      ✅ 500 resultados (eficiência: 0.30)
2026-09-25 21:53:59,444 - INFO - 
🔄 Iteração 2/3 para UFPA
2026-09-25 21:53:59,444 - INFO -   ⚠️ Sem novas queries para testar
2026-09-25 21:53:59,445 - INFO - 
📊 Métricas finais para UFPA:
2026-09-25 21:53:59,445 - INFO -    Total de queries testadas: 2
2026-09-25 21:53:59,445 - INFO -    Queries com sucesso: 0
2026-09-25 21:53:59,480 - INFO -    🔤 Filtrando 996 repositórios por idioma (português)...
2026-09-25 21:54:01,584 - INFO -    ✅ Filtro de idioma: 854/996 repositórios mantidos (85.7% em português)
2026-09-25 21:54:01,584 - INFO - ✅ UFPA: 854 repositórios em português
2026-09-25 21:54:01,584 - INFO -    Palavras-chave: ufpa, sistema, desenvolvido, dados, sistemas, universidade, federal, trabalho, engenharia, curso
2026-09-25 21:54:04,584 - INFO - 
============================================================
2026-09-25 21:54:04,585 - INFO - 🏛️  Processando UFRN - Universidade Federal do Rio Grande do Norte
2026-09-25 21:54:04,585 - INFO - ============================================================
2026-09-25 21:54:04,585 - INFO - 
🔄 Iteração 1/3 para UFRN
2026-09-25 21:54:04,585 - INFO -   🔎 Testando: "ufrn"
2026-09-25 21:54:28,916 - INFO -      ✅ 500 resultados (eficiência: 0.30)
2026-09-25 21:54:29,917 - INFO -   🔎 Testando: "universidade federal"
2026-09-25 21:54:45,689 - INFO -      ✅ 500 resultados (eficiência: 0.30)
2026-09-25 21:54:48,690 - INFO - 
🔄 Iteração 2/3 para UFRN
2026-09-25 21:54:48,690 - INFO -   ⚠️ Sem novas queries para testar
2026-09-25 21:54:48,691 - INFO - 
📊 Métricas finais para UFRN:
2026-09-25 21:54:48,691 - INFO -    Total de queries testadas: 2
2026-09-25 21:54:48,691 - INFO -    Queries com sucesso: 0
2026-09-25 21:54:48,733 - INFO -    🔤 Filtrando 995 repositórios por idioma (português)...
2026-09-25 21:54:50,729 - INFO -    ✅ Filtro de idioma: 864/995 repositórios mantidos (86.8% em português)
2026-09-25 21:54:50,729 - INFO - ✅ UFRN: 864 repositórios em português
2026-09-25 21:54:50,729 - INFO -    Palavras-chave: ufrn, sistema, desenvolvido, dados, sistemas, universidade, federal, trabalho, engenharia, curso
2026-09-25 21:54:53,730 - INFO - 
============================================================
2026-09-25 21:54:53,730 - INFO - 🏛️  Processando UFES - Universidade Federal do Espírito Santo
2026-09-25 21:54:53,730 - INFO - ============================================================
2026-09-25 21:54:53,730 - INFO - 
🔄 Iteração 1/3 para UFES
2026-09-25 21:54:53,730 - INFO -   🔎 Testando: "ufes"
2026-09-25 21:55:17,788 - INFO -      ✅ 500 resultados (eficiência: 0.30)
2026-09-25 21:55:18,788 - INFO -   🔎 Testando: "universidade federal"
2026-09-25 21:55:35,034 - INFO -      ✅ 500 resultados (eficiência: 0.30)
2026-09-25 21:55:38,035 - INFO - 
🔄 Iteração 2/3 para UFES
2026-09-25 21:55:38,035 - INFO -   ⚠️ Sem novas queries para testar
2026-09-25 21:55:38,036 - INFO - 
📊 Métricas finais para UFES:
2026-09-25 21:55:38,036 - INFO -    Total de queries testadas: 2
2026-09-25 21:55:38,036 - INFO -    Queries com sucesso: 0
2026-09-25 21:55:38,068 - INFO -    🔤 Filtrando 996 repositórios por idioma (português)...
2026-09-25 21:55:40,097 - INFO -    ✅ Filtro de idioma: 822/996 repositórios mantidos (82.5% em português)
2026-09-25 21:55:40,097 - INFO - ✅ UFES: 822 repositórios em português
2026-09-25 21:55:40,097 - INFO -    Palavras-chave: desenvolvido, dados, sistemas, universidade, federal, trabalho, campus, curso, para, engenharia
2026-09-25 21:55:43,098 - INFO - 
============================================================
2026-09-25 21:55:43,098 - INFO - 🏛️  Processando UFPB - Universidade Federal da Paraíba
2026-09-25 21:55:43,098 - INFO - ============================================================
2026-09-25 21:55:43,098 - INFO - 
🔄 Iteração 1/3 para UFPB
2026-09-25 21:55:43,098 - INFO -   🔎 Testando: "ufpb"
2026-09-25 21:56:07,425 - INFO -      ✅ 500 resultados (eficiência: 0.30)
2026-09-25 21:56:08,425 - INFO -   🔎 Testando: "universidade federal"
2026-09-25 21:56:23,690 - INFO -      ✅ 500 resultados (eficiência: 0.30)
2026-09-25 21:56:26,690 - INFO - 
🔄 Iteração 2/3 para UFPB
2026-09-25 21:56:26,691 - INFO -   ⚠️ Sem novas queries para testar
2026-09-25 21:56:26,691 - INFO - 
📊 Métricas finais para UFPB:
2026-09-25 21:56:26,692 - INFO -    Total de queries testadas: 2
2026-09-25 21:56:26,692 - INFO -    Queries com sucesso: 0
2026-09-25 21:56:26,724 - INFO -    🔤 Filtrando 991 repositórios por idioma (português)...
2026-09-25 21:56:28,805 - INFO -    ✅ Filtro de idioma: 877/991 repositórios mantidos (88.5% em português)
2026-09-25 21:56:28,805 - INFO - ✅ UFPB: 877 repositórios em português
2026-09-25 21:56:28,805 - INFO -    Palavras-chave: desenvolvido, dados, sistemas, universidade, federal, trabalho, campus, curso, para, ufpb
2026-09-25 21:56:31,805 - INFO - 
============================================================
2026-09-25 21:56:31,806 - INFO - 🏛️  Processando UFPI - Universidade Federal do Piauí
2026-09-25 21:56:31,806 - INFO - ============================================================
2026-09-25 21:56:31,806 - INFO - 
🔄 Iteração 1/3 para UFPI
2026-09-25 21:56:31,806 - INFO -   🔎 Testando: "ufpi"
2026-09-25 21:56:56,130 - INFO -      ✅ 493 resultados (eficiência: 0.30)
2026-09-25 21:56:57,131 - INFO -   🔎 Testando: "universidade federal"
2026-09-25 21:57:13,523 - INFO -      ✅ 500 resultados (eficiência: 0.30)
2026-09-25 21:57:16,524 - INFO - 
🔄 Iteração 2/3 para UFPI
2026-09-25 21:57:16,524 - INFO -   ⚠️ Sem novas queries para testar
2026-09-25 21:57:16,525 - INFO - 
📊 Métricas finais para UFPI:
2026-09-25 21:57:16,525 - INFO -    Total de queries testadas: 2
2026-09-25 21:57:16,525 - INFO -    Queries com sucesso: 0
2026-09-25 21:57:16,561 - INFO -    🔤 Filtrando 990 repositórios por idioma (português)...
2026-09-25 21:57:18,697 - INFO -    ✅ Filtro de idioma: 890/990 repositórios mantidos (89.9% em português)
2026-09-25 21:57:18,697 - INFO - ✅ UFPI: 890 repositórios em português
2026-09-25 21:57:18,697 - INFO -    Palavras-chave: python, sistema, desenvolvido, dados, sistemas, universidade, federal, trabalho, engenharia, curso
2026-09-25 21:57:21,698 - INFO - 
============================================================
2026-09-25 21:57:21,698 - INFO - 🏛️  Processando UFAM - Universidade Federal do Amazonas
2026-09-25 21:57:21,698 - INFO - ============================================================
2026-09-25 21:57:21,698 - INFO - 
🔄 Iteração 1/3 para UFAM
2026-09-25 21:57:21,698 - INFO -   🔎 Testando: "universidade federal"
2026-09-25 21:57:37,320 - INFO -      ✅ 500 resultados (eficiência: 0.30)
2026-09-25 21:57:38,320 - INFO -   🔎 Testando: "ufam"
2026-09-25 21:58:03,017 - INFO -      ✅ 500 resultados (eficiência: 0.30)
2026-09-25 21:58:06,018 - INFO - 
🔄 Iteração 2/3 para UFAM
2026-09-25 21:58:06,019 - INFO -   ⚠️ Sem novas queries para testar
2026-09-25 21:58:06,019 - INFO - 
📊 Métricas finais para UFAM:
2026-09-25 21:58:06,019 - INFO -    Total de queries testadas: 2
2026-09-25 21:58:06,019 - INFO -    Queries com sucesso: 0
2026-09-25 21:58:06,055 - INFO -    🔤 Filtrando 996 repositórios por idioma (português)...
2026-09-25 21:58:08,157 - INFO -    ✅ Filtro de idioma: 885/996 repositórios mantidos (88.9% em português)
2026-09-25 21:58:08,157 - INFO - ✅ UFAM: 885 repositórios em português
2026-09-25 21:58:08,157 - INFO -    Palavras-chave: sistema, desenvolvido, dados, sistemas, universidade, federal, trabalho, campus, curso, para
2026-09-25 21:58:11,158 - INFO - 
============================================================
2026-09-25 21:58:11,158 - INFO - 🏛️  Processando UFAL - Universidade Federal de Alagoas
2026-09-25 21:58:11,158 - INFO - ============================================================
2026-09-25 21:58:11,158 - INFO - 
🔄 Iteração 1/3 para UFAL
2026-09-25 21:58:11,158 - INFO -   🔎 Testando: "ufal"
2026-09-25 21:58:36,598 - INFO -      ✅ 500 resultados (eficiência: 0.30)
2026-09-25 21:58:37,598 - INFO -   🔎 Testando: "universidade federal"
2026-09-25 21:58:52,533 - INFO -      ✅ 500 resultados (eficiência: 0.30)
2026-09-25 21:58:55,533 - INFO - 
🔄 Iteração 2/3 para UFAL
2026-09-25 21:58:55,534 - INFO -   ⚠️ Sem novas queries para testar
2026-09-25 21:58:55,534 - INFO - 
📊 Métricas finais para UFAL:
2026-09-25 21:58:55,534 - INFO -    Total de queries testadas: 2
2026-09-25 21:58:55,534 - INFO -    Queries com sucesso: 0
2026-09-25 21:58:55,565 - INFO -    🔤 Filtrando 995 repositórios por idioma (português)...
2026-09-25 21:58:57,757 - INFO -    ✅ Filtro de idioma: 825/995 repositórios mantidos (82.9% em português)
2026-09-25 21:58:57,757 - INFO - ✅ UFAL: 825 repositórios em português
2026-09-25 21:58:57,757 - INFO -    Palavras-chave: sistema, desenvolvido, dados, universidade, federal, trabalho, campus, curso, para, engenharia
2026-09-25 21:59:00,757 - INFO - 
============================================================
2026-09-25 21:59:00,758 - INFO - 🏛️  Processando UFMA - Universidade Federal do Maranhão
2026-09-25 21:59:00,758 - INFO - ============================================================
2026-09-25 21:59:00,758 - INFO - 
🔄 Iteração 1/3 para UFMA
2026-09-25 21:59:00,758 - INFO -   🔎 Testando: "ufma"
2026-09-25 21:59:25,323 - INFO -      ✅ 500 resultados (eficiência: 0.30)
2026-09-25 21:59:26,323 - INFO -   🔎 Testando: "universidade federal"
2026-09-25 21:59:41,126 - INFO -      ✅ 500 resultados (eficiência: 0.30)
2026-09-25 21:59:44,127 - INFO - 
🔄 Iteração 2/3 para UFMA
2026-09-25 21:59:44,127 - INFO -   ⚠️ Sem novas queries para testar
2026-09-25 21:59:44,128 - INFO - 
📊 Métricas finais para UFMA:
2026-09-25 21:59:44,128 - INFO -    Total de queries testadas: 2
2026-09-25 21:59:44,128 - INFO -    Queries com sucesso: 0
2026-09-25 21:59:44,166 - INFO -    🔤 Filtrando 998 repositórios por idioma (português)...
2026-09-25 21:59:46,268 - INFO -    ✅ Filtro de idioma: 917/998 repositórios mantidos (91.9% em português)
2026-09-25 21:59:46,268 - INFO - ✅ UFMA: 917 repositórios em português
2026-09-25 21:59:46,268 - INFO -    Palavras-chave: ufma, desenvolvido, dados, sistemas, universidade, federal, trabalho, engenharia, curso, para
2026-09-25 21:59:49,269 - INFO - 
============================================================
2026-09-25 21:59:49,269 - INFO - 🏛️  Processando UFMT - Universidade Federal de Mato Grosso
2026-09-25 21:59:49,269 - INFO - ============================================================
2026-09-25 21:59:49,269 - INFO - 
🔄 Iteração 1/3 para UFMT
2026-09-25 21:59:49,269 - INFO -   🔎 Testando: "ufmt"
2026-09-25 22:00:13,539 - INFO -      ✅ 429 resultados (eficiência: 0.30)
2026-09-25 22:00:14,540 - INFO -   🔎 Testando: "universidade federal"
2026-09-25 22:00:30,378 - INFO -      ✅ 500 resultados (eficiência: 0.30)
2026-09-25 22:00:33,379 - INFO - 
🔄 Iteração 2/3 para UFMT
2026-09-25 22:00:33,380 - INFO -   ⚠️ Sem novas queries para testar
2026-09-25 22:00:33,380 - INFO - 
📊 Métricas finais para UFMT:
2026-09-25 22:00:33,380 - INFO -    Total de queries testadas: 2
2026-09-25 22:00:33,380 - INFO -    Queries com sucesso: 0
2026-09-25 22:00:33,417 - INFO -    🔤 Filtrando 928 repositórios por idioma (português)...
2026-09-25 22:00:35,411 - INFO -    ✅ Filtro de idioma: 838/928 repositórios mantidos (90.3% em português)
2026-09-25 22:00:35,411 - INFO - ✅ UFMT: 838 repositórios em português
2026-09-25 22:00:35,411 - INFO -    Palavras-chave: sistema, desenvolvido, dados, sistemas, universidade, federal, trabalho, engenharia, curso, para
2026-09-25 22:00:38,411 - INFO - 
============================================================
2026-09-25 22:00:38,412 - INFO - 🏛️  Processando UFS - Universidade Federal de Sergipe
2026-09-25 22:00:38,412 - INFO - ============================================================
2026-09-25 22:00:38,412 - INFO - 
🔄 Iteração 1/3 para UFS
2026-09-25 22:00:38,412 - INFO -   🔎 Testando: "universidade federal"
2026-09-25 22:00:53,330 - INFO -      ✅ 500 resultados (eficiência: 0.30)
2026-09-25 22:00:54,331 - INFO -   🔎 Testando: "ufs"
2026-09-25 22:01:15,872 - INFO -      ✅ 500 resultados (eficiência: 0.30)
2026-09-25 22:01:18,873 - INFO - 
🔄 Iteração 2/3 para UFS
2026-09-25 22:01:18,873 - INFO -   ⚠️ Sem novas queries para testar
2026-09-25 22:01:18,874 - INFO - 
📊 Métricas finais para UFS:
2026-09-25 22:01:18,874 - INFO -    Total de queries testadas: 2
2026-09-25 22:01:18,874 - INFO -    Queries com sucesso: 0
2026-09-25 22:01:18,937 - INFO -    🔤 Filtrando 986 repositórios por idioma (português)...
2026-09-25 22:01:21,064 - INFO -    ✅ Filtro de idioma: 718/986 repositórios mantidos (72.8% em português)
2026-09-25 22:01:21,064 - INFO - ✅ UFS: 718 repositórios em português
2026-09-25 22:01:21,064 - INFO -    Palavras-chave: desenvolvido, dados, sistemas, universidade, federal, trabalho, curso, para, ufs, ufsc
2026-09-25 22:01:24,065 - INFO - 
============================================================
2026-09-25 22:01:24,065 - INFO - 🏛️  Processando UFRRJ - Universidade Federal Rural do Rio de Janeiro
2026-09-25 22:01:24,065 - INFO - ============================================================
2026-09-25 22:01:24,065 - INFO - 
🔄 Iteração 1/3 para UFRRJ
2026-09-25 22:01:24,065 - INFO -   🔎 Testando: "universidade federal"
2026-09-25 22:01:39,991 - INFO -      ✅ 500 resultados (eficiência: 0.30)
2026-09-25 22:01:40,992 - INFO -   🔎 Testando: "ufrrj"
2026-09-25 22:02:04,485 - INFO -      ✅ 433 resultados (eficiência: 0.30)
2026-09-25 22:02:07,486 - INFO - 
🔄 Iteração 2/3 para UFRRJ
2026-09-25 22:02:07,486 - INFO -   ⚠️ Sem novas queries para testar
2026-09-25 22:02:07,487 - INFO - 
📊 Métricas finais para UFRRJ:
2026-09-25 22:02:07,487 - INFO -    Total de queries testadas: 2
2026-09-25 22:02:07,487 - INFO -    Queries com sucesso: 0
2026-09-25 22:02:07,525 - INFO -    🔤 Filtrando 932 repositórios por idioma (português)...
2026-09-25 22:02:09,350 - INFO -    ✅ Filtro de idioma: 862/932 repositórios mantidos (92.5% em português)
2026-09-25 22:02:09,350 - INFO - ✅ UFRRJ: 862 repositórios em português
2026-09-25 22:02:09,350 - INFO -    Palavras-chave: sistema, desenvolvido, dados, sistemas, universidade, federal, trabalho, curso, para, ufrrj
2026-09-25 22:02:12,351 - INFO - 
============================================================
2026-09-25 22:02:12,351 - INFO - 🏛️  Processando UFSM - Universidade Federal de Santa Maria
2026-09-25 22:02:12,351 - INFO - ============================================================
2026-09-25 22:02:12,351 - INFO - 
🔄 Iteração 1/3 para UFSM
2026-09-25 22:02:12,351 - INFO -   🔎 Testando: "universidade federal"
2026-09-25 22:02:27,333 - INFO -      ✅ 500 resultados (eficiência: 0.30)
2026-09-25 22:02:28,333 - INFO -   🔎 Testando: "ufsm"
2026-09-25 22:02:53,440 - INFO -      ✅ 500 resultados (eficiência: 0.30)
2026-09-25 22:02:56,441 - INFO - 
🔄 Iteração 2/3 para UFSM
2026-09-25 22:02:56,442 - INFO -   ⚠️ Sem novas queries para testar
2026-09-25 22:02:56,442 - INFO - 
📊 Métricas finais para UFSM:
2026-09-25 22:02:56,443 - INFO -    Total de queries testadas: 2
2026-09-25 22:02:56,443 - INFO -    Queries com sucesso: 0
2026-09-25 22:02:56,475 - INFO -    🔤 Filtrando 997 repositórios por idioma (português)...
2026-09-25 22:02:58,677 - INFO -    ✅ Filtro de idioma: 856/997 repositórios mantidos (85.9% em português)
2026-09-25 22:02:58,678 - INFO - ✅ UFSM: 856 repositórios em português
2026-09-25 22:02:58,678 - INFO -    Palavras-chave: sistema, desenvolvido, dados, sistemas, universidade, federal, trabalho, campus, curso, para
2026-09-25 22:03:01,678 - INFO - 
============================================================
2026-09-25 22:03:01,679 - INFO - 🏛️  Processando UFU - Universidade Federal de Uberlândia
2026-09-25 22:03:01,679 - INFO - ============================================================
2026-09-25 22:03:01,679 - INFO - 
🔄 Iteração 1/3 para UFU
2026-09-25 22:03:01,679 - INFO -   🔎 Testando: "ufu"
2026-09-25 22:03:27,121 - INFO -      ✅ 500 resultados (eficiência: 0.30)
2026-09-25 22:03:28,121 - INFO -   🔎 Testando: "universidade federal"
2026-09-25 22:03:44,816 - INFO -      ✅ 500 resultados (eficiência: 0.30)
2026-09-25 22:03:47,817 - INFO - 
🔄 Iteração 2/3 para UFU
2026-09-25 22:03:47,818 - INFO -   ⚠️ Sem novas queries para testar
2026-09-25 22:03:47,818 - INFO - 
📊 Métricas finais para UFU:
2026-09-25 22:03:47,819 - INFO -    Total de queries testadas: 2
2026-09-25 22:03:47,819 - INFO -    Queries com sucesso: 0
2026-09-25 22:03:47,852 - INFO -    🔤 Filtrando 984 repositórios por idioma (português)...
2026-09-25 22:03:49,935 - INFO -    ✅ Filtro de idioma: 787/984 repositórios mantidos (80.0% em português)
2026-09-25 22:03:49,935 - INFO - ✅ UFU: 787 repositórios em português
2026-09-25 22:03:49,935 - INFO -    Palavras-chave: github, desenvolvido, dados, sistemas, universidade, federal, trabalho, campus, curso, para
2026-09-25 22:03:52,935 - INFO - 
============================================================
2026-09-25 22:03:52,936 - INFO - 🏛️  Processando UEL - Universidade Estadual de Londrina
2026-09-25 22:03:52,936 - INFO - ============================================================
2026-09-25 22:03:52,936 - INFO - 
🔄 Iteração 1/3 para UEL
2026-09-25 22:03:52,936 - INFO -   🔎 Testando: "uel"
2026-09-25 22:04:17,692 - INFO -      ✅ 500 resultados (eficiência: 0.30)
2026-09-25 22:04:18,692 - INFO -   🔎 Testando: "universidade estadual"
2026-09-25 22:04:44,920 - INFO -      ✅ 500 resultados (eficiência: 0.30)
2026-09-25 22:04:47,921 - INFO - 
🔄 Iteração 2/3 para UEL
2026-09-25 22:04:47,922 - INFO -   ⚠️ Sem novas queries para testar
2026-09-25 22:04:47,923 - INFO - 
📊 Métricas finais para UEL:
2026-09-25 22:04:47,923 - INFO -    Total de queries testadas: 2
2026-09-25 22:04:47,923 - INFO -    Queries com sucesso: 0
2026-09-25 22:04:47,956 - INFO -    🔤 Filtrando 993 repositórios por idioma (português)...
2026-09-25 22:04:49,750 - INFO -    ✅ Filtro de idioma: 701/993 repositórios mantidos (70.6% em português)
2026-09-25 22:04:49,750 - INFO - ✅ UEL: 701 repositórios em português
2026-09-25 22:04:49,750 - INFO -    Palavras-chave: abaqus, desenvolvido, estadual, uel, universidade, trabalho, universidade estadual, dados, curso, para
2026-09-25 22:04:52,751 - INFO - 
============================================================
2026-09-25 22:04:52,751 - INFO - 🏛️  Processando UFV - Universidade Federal de Viçosa
2026-09-25 22:04:52,751 - INFO - ============================================================
2026-09-25 22:04:52,751 - INFO - 
🔄 Iteração 1/3 para UFV
2026-09-25 22:04:52,751 - INFO -   🔎 Testando: "ufv"
2026-09-25 22:05:15,705 - INFO -      ✅ 500 resultados (eficiência: 0.30)
2026-09-25 22:05:16,706 - INFO -   🔎 Testando: "universidade federal"
2026-09-25 22:05:33,435 - INFO -      ✅ 500 resultados (eficiência: 0.30)
2026-09-25 22:05:36,435 - INFO - 
🔄 Iteração 2/3 para UFV
2026-09-25 22:05:36,436 - INFO -   ⚠️ Sem novas queries para testar
2026-09-25 22:05:36,437 - INFO - 
📊 Métricas finais para UFV:
2026-09-25 22:05:36,437 - INFO -    Total de queries testadas: 2
2026-09-25 22:05:36,437 - INFO -    Queries com sucesso: 0
2026-09-25 22:05:36,470 - INFO -    🔤 Filtrando 993 repositórios por idioma (português)...
2026-09-25 22:05:38,548 - INFO -    ✅ Filtro de idioma: 870/993 repositórios mantidos (87.6% em português)
2026-09-25 22:05:38,548 - INFO - ✅ UFV: 870 repositórios em português
2026-09-25 22:05:38,548 - INFO -    Palavras-chave: sistema, content, desenvolvido, dados, disciplina, universidade, federal, trabalho, sistemas, curso
2026-09-25 22:05:41,549 - INFO - 
============================================================
2026-09-25 22:05:41,549 - INFO - 🏛️  Processando UFMS - Universidade Federal de Mato Grosso do Sul
2026-09-25 22:05:41,549 - INFO - ============================================================
2026-09-25 22:05:41,549 - INFO - 
🔄 Iteração 1/3 para UFMS
2026-09-25 22:05:41,550 - INFO -   🔎 Testando: "ufms"
2026-09-25 22:06:05,012 - INFO -      ✅ 500 resultados (eficiência: 0.30)
2026-09-25 22:06:06,012 - INFO -   🔎 Testando: "universidade federal"
2026-09-25 22:06:22,091 - INFO -      ✅ 500 resultados (eficiência: 0.30)
2026-09-25 22:06:25,092 - INFO - 
🔄 Iteração 2/3 para UFMS
2026-09-25 22:06:25,092 - INFO -   ⚠️ Sem novas queries para testar
2026-09-25 22:06:25,093 - INFO - 
📊 Métricas finais para UFMS:
2026-09-25 22:06:25,093 - INFO -    Total de queries testadas: 2
2026-09-25 22:06:25,093 - INFO -    Queries com sucesso: 0
2026-09-25 22:06:25,125 - INFO -    🔤 Filtrando 997 repositórios por idioma (português)...
2026-09-25 22:06:27,243 - INFO -    ✅ Filtro de idioma: 864/997 repositórios mantidos (86.7% em português)
2026-09-25 22:06:27,243 - INFO - ✅ UFMS: 864 repositórios em português
2026-09-25 22:06:27,243 - INFO -    Palavras-chave: sistema, desenvolvido, ufms, dados, universidade, federal, trabalho, sistemas, curso, para
2026-09-25 22:06:30,244 - INFO - 
============================================================
2026-09-25 22:06:30,244 - INFO - 🏛️  Processando UNIRIO - Universidade Federal do Estado do Rio de Janeiro
2026-09-25 22:06:30,244 - INFO - ============================================================
2026-09-25 22:06:30,244 - INFO - 
🔄 Iteração 1/3 para UNIRIO
2026-09-25 22:06:30,244 - INFO -   🔎 Testando: "unirio"
2026-09-25 22:06:53,888 - INFO -      ✅ 461 resultados (eficiência: 0.30)
2026-09-25 22:06:54,889 - INFO -   🔎 Testando: "universidade federal"
2026-09-25 22:07:09,477 - INFO -      ✅ 500 resultados (eficiência: 0.30)
2026-09-25 22:07:12,478 - INFO - 
🔄 Iteração 2/3 para UNIRIO
2026-09-25 22:07:12,478 - INFO -   ⚠️ Sem novas queries para testar
2026-09-25 22:07:12,479 - INFO - 
📊 Métricas finais para UNIRIO:
2026-09-25 22:07:12,479 - INFO -    Total de queries testadas: 2
2026-09-25 22:07:12,479 - INFO -    Queries com sucesso: 0
2026-09-25 22:07:12,516 - INFO -    🔤 Filtrando 960 repositórios por idioma (português)...
2026-09-25 22:07:14,465 - INFO -    ✅ Filtro de idioma: 866/960 repositórios mantidos (90.2% em português)
2026-09-25 22:07:14,465 - INFO - ✅ UNIRIO: 866 repositórios em português
2026-09-25 22:07:14,465 - INFO -    Palavras-chave: unirio, unirios, sistema, desenvolvido, dados, sistemas, universidade, federal, trabalho, curso
2026-09-25 22:07:17,466 - INFO - 
============================================================
2026-09-25 22:07:17,466 - INFO - 🏛️  Processando UNIFESP - Universidade Federal de São Paulo
2026-09-25 22:07:17,466 - INFO - ============================================================
2026-09-25 22:07:17,466 - INFO - 
🔄 Iteração 1/3 para UNIFESP
2026-09-25 22:07:17,466 - INFO -   🔎 Testando: "unifesp"
2026-09-25 22:07:42,672 - INFO -      ✅ 500 resultados (eficiência: 0.30)
2026-09-25 22:07:43,673 - INFO -   🔎 Testando: "universidade federal"
2026-09-25 22:07:59,033 - INFO -      ✅ 500 resultados (eficiência: 0.30)
2026-09-25 22:08:02,034 - INFO - 
🔄 Iteração 2/3 para UNIFESP
2026-09-25 22:08:02,034 - INFO -   ⚠️ Sem novas queries para testar
2026-09-25 22:08:02,034 - INFO - 
📊 Métricas finais para UNIFESP:
2026-09-25 22:08:02,035 - INFO -    Total de queries testadas: 2
2026-09-25 22:08:02,035 - INFO -    Queries com sucesso: 0
2026-09-25 22:08:02,065 - INFO -    🔤 Filtrando 994 repositórios por idioma (português)...
2026-09-25 22:08:04,582 - INFO -    ✅ Filtro de idioma: 828/994 repositórios mantidos (83.3% em português)
2026-09-25 22:08:04,582 - INFO - ✅ UNIFESP: 828 repositórios em português
2026-09-25 22:08:04,582 - INFO -    Palavras-chave: desenvolvido, dados, sistemas, universidade, federal, trabalho, campus, curso, para, engenharia
2026-09-25 22:08:07,583 - INFO - 
============================================================
2026-09-25 22:08:07,583 - INFO - 🏛️  Processando UNICAMP - Universidade Estadual de Campinas
2026-09-25 22:08:07,583 - INFO - ============================================================
2026-09-25 22:08:07,583 - INFO - 
🔄 Iteração 1/3 para UNICAMP
2026-09-25 22:08:07,583 - INFO -   🔎 Testando: "unicamp"
2026-09-25 22:08:31,274 - INFO -      ✅ 500 resultados (eficiência: 0.30)
2026-09-25 22:08:32,275 - INFO -   🔎 Testando: "universidade estadual"
2026-09-25 22:08:47,364 - INFO -      ✅ 500 resultados (eficiência: 0.30)
2026-09-25 22:08:50,364 - INFO - 
🔄 Iteração 2/3 para UNICAMP
2026-09-25 22:08:50,365 - INFO -   ⚠️ Sem novas queries para testar
2026-09-25 22:08:50,366 - INFO - 
📊 Métricas finais para UNICAMP:
2026-09-25 22:08:50,366 - INFO -    Total de queries testadas: 2
2026-09-25 22:08:50,366 - INFO -    Queries com sucesso: 0
2026-09-25 22:08:50,406 - INFO -    🔤 Filtrando 987 repositórios por idioma (português)...
2026-09-25 22:08:52,500 - INFO -    ✅ Filtro de idioma: 720/987 repositórios mantidos (72.9% em português)
2026-09-25 22:08:52,500 - INFO - ✅ UNICAMP: 720 repositórios em português
2026-09-25 22:08:52,500 - INFO -    Palavras-chave: sistema, desenvolvido, estadual, dados, universidade, trabalho, universidade estadual, campinas, curso, para
2026-09-25 22:08:55,501 - INFO - 
============================================================
2026-09-25 22:08:55,501 - INFO - 🏛️  Processando UERJ - Universidade do Estado do Rio de Janeiro
2026-09-25 22:08:55,501 - INFO - ============================================================
2026-09-25 22:08:55,501 - INFO - 
🔄 Iteração 1/3 para UERJ
2026-09-25 22:08:55,501 - INFO -   🔎 Testando: "uerj"
2026-09-25 22:09:20,846 - INFO -      ✅ 500 resultados (eficiência: 0.30)
2026-09-25 22:09:21,847 - INFO -   🔎 Testando: "universidade do"
2026-09-25 22:09:46,166 - INFO -      ✅ 500 resultados (eficiência: 0.30)
2026-09-25 22:09:49,166 - INFO - 
🔄 Iteração 2/3 para UERJ
2026-09-25 22:09:49,167 - INFO -   ⚠️ Sem novas queries para testar
2026-09-25 22:09:49,168 - INFO - 
📊 Métricas finais para UERJ:
2026-09-25 22:09:49,168 - INFO -    Total de queries testadas: 2
2026-09-25 22:09:49,168 - INFO -    Queries com sucesso: 0
2026-09-25 22:09:49,195 - INFO -    🔤 Filtrando 991 repositórios por idioma (português)...
2026-09-25 22:09:51,140 - INFO -    ✅ Filtro de idioma: 821/991 repositórios mantidos (82.8% em português)
2026-09-25 22:09:51,140 - INFO - ✅ UERJ: 821 repositórios em português
2026-09-25 22:09:51,140 - INFO -    Palavras-chave: python, universidade minho, minho, disciplina, universidade, trabalho, sistemas, engenharia, curso, para
2026-09-25 22:09:54,141 - INFO - 
============================================================
2026-09-25 22:09:54,141 - INFO - 🏛️  Processando UFJF - Universidade Federal de Juiz de Fora
2026-09-25 22:09:54,141 - INFO - ============================================================
2026-09-25 22:09:54,141 - INFO - 
🔄 Iteração 1/3 para UFJF
2026-09-25 22:09:54,141 - INFO -   🔎 Testando: "ufjf"
2026-09-25 22:10:20,891 - INFO -      ✅ 500 resultados (eficiência: 0.30)
2026-09-25 22:10:21,892 - INFO -   🔎 Testando: "universidade federal"
2026-09-25 22:10:37,616 - INFO -      ✅ 500 resultados (eficiência: 0.30)
2026-09-25 22:10:40,617 - INFO - 
🔄 Iteração 2/3 para UFJF
2026-09-25 22:10:40,618 - INFO -   ⚠️ Sem novas queries para testar
2026-09-25 22:10:40,618 - INFO - 
📊 Métricas finais para UFJF:
2026-09-25 22:10:40,618 - INFO -    Total de queries testadas: 2
2026-09-25 22:10:40,618 - INFO -    Queries com sucesso: 0
2026-09-25 22:10:40,650 - INFO -    🔤 Filtrando 1000 repositórios por idioma (português)...
2026-09-25 22:10:42,883 - INFO -    ✅ Filtro de idioma: 794/1000 repositórios mantidos (79.4% em português)
2026-09-25 22:10:42,883 - INFO - ✅ UFJF: 794 repositórios em português
2026-09-25 22:10:42,883 - INFO -    Palavras-chave: classroom, github, desenvolvido, dados, sistemas, universidade, federal, trabalho, curso, para
2026-09-25 22:10:45,883 - INFO - 
============================================================
2026-09-25 22:10:45,884 - INFO - 🏛️  Processando UFLA - Universidade Federal de Lavras
2026-09-25 22:10:45,884 - INFO - ============================================================
2026-09-25 22:10:45,884 - INFO - 
🔄 Iteração 1/3 para UFLA
2026-09-25 22:10:45,884 - INFO -   🔎 Testando: "universidade federal"
2026-09-25 22:11:01,354 - INFO -      ✅ 500 resultados (eficiência: 0.30)
2026-09-25 22:11:02,355 - INFO -   🔎 Testando: "ufla"
2026-09-25 22:11:27,117 - INFO -      ✅ 500 resultados (eficiência: 0.30)
2026-09-25 22:11:30,117 - INFO - 
🔄 Iteração 2/3 para UFLA
2026-09-25 22:11:30,117 - INFO -   ⚠️ Sem novas queries para testar
2026-09-25 22:11:30,118 - INFO - 
📊 Métricas finais para UFLA:
2026-09-25 22:11:30,118 - INFO -    Total de queries testadas: 2
2026-09-25 22:11:30,118 - INFO -    Queries com sucesso: 0
2026-09-25 22:11:30,153 - INFO -    🔤 Filtrando 998 repositórios por idioma (português)...
2026-09-25 22:11:32,341 - INFO -    ✅ Filtro de idioma: 859/998 repositórios mantidos (86.1% em português)
2026-09-25 22:11:32,341 - INFO - ✅ UFLA: 859 repositórios em português
2026-09-25 22:11:32,341 - INFO -    Palavras-chave: sistema, desenvolvido, dados, sistemas, universidade, federal, trabalho, campus, curso, para
2026-09-25 22:11:35,342 - INFO - 
============================================================
2026-09-25 22:11:35,342 - INFO - 🏛️  Processando UFOP - Universidade Federal de Ouro Preto
2026-09-25 22:11:35,342 - INFO - ============================================================
2026-09-25 22:11:35,342 - INFO - 
🔄 Iteração 1/3 para UFOP
2026-09-25 22:11:35,342 - INFO -   🔎 Testando: "ufop"
2026-09-25 22:12:00,796 - INFO -      ✅ 500 resultados (eficiência: 0.30)
2026-09-25 22:12:01,797 - INFO -   🔎 Testando: "universidade federal"
2026-09-25 22:12:16,748 - INFO -      ✅ 500 resultados (eficiência: 0.30)
2026-09-25 22:12:19,749 - INFO - 
🔄 Iteração 2/3 para UFOP
2026-09-25 22:12:19,749 - INFO -   ⚠️ Sem novas queries para testar
2026-09-25 22:12:19,750 - INFO - 
📊 Métricas finais para UFOP:
2026-09-25 22:12:19,750 - INFO -    Total de queries testadas: 2
2026-09-25 22:12:19,750 - INFO -    Queries com sucesso: 0
2026-09-25 22:12:19,787 - INFO -    🔤 Filtrando 992 repositórios por idioma (português)...
2026-09-25 22:12:21,902 - INFO -    ✅ Filtro de idioma: 873/992 repositórios mantidos (88.0% em português)
2026-09-25 22:12:21,902 - INFO - ✅ UFOP: 873 repositórios em português
2026-09-25 22:12:21,902 - INFO -    Palavras-chave: desenvolvido, dados, sistemas, universidade, federal, trabalho, engenharia, curso, para, campus
2026-09-25 22:12:24,903 - INFO - 
============================================================
2026-09-25 22:12:24,904 - INFO - 🏛️  Processando UFSJ - Universidade Federal de São João del-Rei
2026-09-25 22:12:24,904 - INFO - ============================================================
2026-09-25 22:12:24,904 - INFO - 
🔄 Iteração 1/3 para UFSJ
2026-09-25 22:12:24,904 - INFO -   🔎 Testando: "ufsj"
2026-09-25 22:12:50,185 - INFO -      ✅ 500 resultados (eficiência: 0.30)
2026-09-25 22:12:51,185 - INFO -   🔎 Testando: "universidade federal"
2026-09-25 22:13:06,778 - INFO -      ✅ 500 resultados (eficiência: 0.30)
2026-09-25 22:13:09,778 - INFO - 
🔄 Iteração 2/3 para UFSJ
2026-09-25 22:13:09,779 - INFO -   ⚠️ Sem novas queries para testar
2026-09-25 22:13:09,779 - INFO - 
📊 Métricas finais para UFSJ:
2026-09-25 22:13:09,779 - INFO -    Total de queries testadas: 2
2026-09-25 22:13:09,779 - INFO -    Queries com sucesso: 0
2026-09-25 22:13:09,817 - INFO -    🔤 Filtrando 1000 repositórios por idioma (português)...
2026-09-25 22:13:12,066 - INFO -    ✅ Filtro de idioma: 885/1000 repositórios mantidos (88.5% em português)
2026-09-25 22:13:12,067 - INFO - ✅ UFSJ: 885 repositórios em português
2026-09-25 22:13:12,067 - INFO -    Palavras-chave: sistema, ufsj, dados, desenvolvido, universidade, federal, trabalho, sistemas, curso, para
2026-09-25 22:13:15,067 - INFO - 
============================================================
2026-09-25 22:13:15,068 - INFO - 🏛️  Processando UFTM - Universidade Federal do Triângulo Mineiro
2026-09-25 22:13:15,068 - INFO - ============================================================
2026-09-25 22:13:15,068 - INFO - 
🔄 Iteração 1/3 para UFTM
2026-09-25 22:13:15,068 - INFO -   🔎 Testando: "uftm"
2026-09-25 22:13:18,666 - INFO -      ✅ 71 resultados (eficiência: 0.21)
2026-09-25 22:13:19,666 - INFO -   🔎 Testando: "universidade federal"
2026-09-25 22:13:34,307 - INFO -      ✅ 500 resultados (eficiência: 0.30)
2026-09-25 22:13:37,308 - INFO - 
🔄 Iteração 2/3 para UFTM
2026-09-25 22:13:37,308 - INFO -   ⚠️ Sem novas queries para testar
2026-09-25 22:13:37,309 - INFO - 
📊 Métricas finais para UFTM:
2026-09-25 22:13:37,309 - INFO -    Total de queries testadas: 2
2026-09-25 22:13:37,309 - INFO -    Queries com sucesso: 0
2026-09-25 22:13:37,605 - INFO -    🔤 Filtrando 571 repositórios por idioma (português)...
2026-09-25 22:13:38,842 - INFO -    ✅ Filtro de idioma: 556/571 repositórios mantidos (97.4% em português)
2026-09-25 22:13:38,842 - INFO - ✅ UFTM: 556 repositórios em português
2026-09-25 22:13:38,842 - INFO -    Palavras-chave: uftm, sistema, desenvolvido, dados, sistemas, universidade, federal, trabalho, campus, curso
2026-09-25 22:13:41,842 - INFO - 
============================================================
2026-09-25 22:13:41,843 - INFO - 🏛️  Processando UFABC - Universidade Federal do ABC
2026-09-25 22:13:41,843 - INFO - ============================================================
2026-09-25 22:13:41,843 - INFO - 
🔄 Iteração 1/3 para UFABC
2026-09-25 22:13:41,843 - INFO -   🔎 Testando: "ufabc"
2026-09-25 22:14:06,282 - INFO -      ✅ 500 resultados (eficiência: 0.30)
2026-09-25 22:14:07,282 - INFO -   🔎 Testando: "universidade federal"
2026-09-25 22:14:23,033 - INFO -      ✅ 500 resultados (eficiência: 0.30)
2026-09-25 22:14:26,034 - INFO - 
🔄 Iteração 2/3 para UFABC
2026-09-25 22:14:26,035 - INFO -   ⚠️ Sem novas queries para testar
2026-09-25 22:14:26,035 - INFO - 
📊 Métricas finais para UFABC:
2026-09-25 22:14:26,035 - INFO -    Total de queries testadas: 2
2026-09-25 22:14:26,035 - INFO -    Queries com sucesso: 0
2026-09-25 22:14:26,067 - INFO -    🔤 Filtrando 996 repositórios por idioma (português)...
2026-09-25 22:14:28,180 - INFO -    ✅ Filtro de idioma: 868/996 repositórios mantidos (87.1% em português)
2026-09-25 22:14:28,180 - INFO - ✅ UFABC: 868 repositórios em português
2026-09-25 22:14:28,180 - INFO -    Palavras-chave: sistema, desenvolvido, dados, sistemas, universidade, federal, trabalho, engenharia, curso, para
2026-09-25 22:14:31,180 - INFO - 
============================================================
2026-09-25 22:14:31,181 - INFO - 🏛️  Processando UTFPR - Universidade Tecnológica Federal do Paraná
2026-09-25 22:14:31,181 - INFO - ============================================================
2026-09-25 22:14:31,181 - INFO - 
🔄 Iteração 1/3 para UTFPR
2026-09-25 22:14:31,181 - INFO -   🔎 Testando: "universidade tecnológica"
2026-09-25 22:14:43,613 - INFO -      ✅ 249 resultados (eficiência: 0.30)
2026-09-25 22:14:44,613 - INFO -   🔎 Testando: "utfpr"
2026-09-25 22:15:08,187 - INFO -      ✅ 500 resultados (eficiência: 0.30)
2026-09-25 22:15:11,187 - INFO - 
🔄 Iteração 2/3 para UTFPR
2026-09-25 22:15:11,188 - INFO -   ⚠️ Sem novas queries para testar
2026-09-25 22:15:11,188 - INFO - 
📊 Métricas finais para UTFPR:
2026-09-25 22:15:11,188 - INFO -    Total de queries testadas: 2
2026-09-25 22:15:11,188 - INFO -    Queries com sucesso: 0
2026-09-25 22:15:11,218 - INFO -    🔤 Filtrando 731 repositórios por idioma (português)...
2026-09-25 22:15:12,934 - INFO -    ✅ Filtro de idioma: 579/731 repositórios mantidos (79.2% em português)
2026-09-25 22:15:12,934 - INFO - ✅ UTFPR: 579 repositórios em português
2026-09-25 22:15:12,934 - INFO -    Palavras-chave: utfpr, desenvolvido, dados, sistemas, universidade, federal, trabalho, engenharia, curso, para
2026-09-25 22:15:15,935 - INFO - 
============================================================
2026-09-25 22:15:15,935 - INFO - 🏛️  Processando UNIFAL-MG - Universidade Federal de Alfenas
2026-09-25 22:15:15,935 - INFO - ============================================================
2026-09-25 22:15:15,935 - INFO - 
🔄 Iteração 1/3 para UNIFAL-MG
2026-09-25 22:15:15,935 - INFO -   🔎 Testando: "unifal-mg"
2026-09-25 22:15:18,390 - INFO -      ✅ 50 resultados (eficiência: 0.15)
2026-09-25 22:15:19,390 - INFO -   🔎 Testando: "universidade federal"
2026-09-25 22:15:34,565 - INFO -      ✅ 500 resultados (eficiência: 0.30)
2026-09-25 22:15:37,566 - INFO - 
🔄 Iteração 2/3 para UNIFAL-MG
2026-09-25 22:15:37,566 - INFO -   ⚠️ Sem novas queries para testar
2026-09-25 22:15:37,567 - INFO - 
📊 Métricas finais para UNIFAL-MG:
2026-09-25 22:15:37,567 - INFO -    Total de queries testadas: 2
2026-09-25 22:15:37,567 - INFO -    Queries com sucesso: 0
2026-09-25 22:15:37,595 - INFO -    🔤 Filtrando 550 repositórios por idioma (português)...
2026-09-25 22:15:38,706 - INFO -    ✅ Filtro de idioma: 539/550 repositórios mantidos (98.0% em português)
2026-09-25 22:15:38,706 - INFO - ✅ UNIFAL-MG: 539 repositórios em português
2026-09-25 22:15:38,706 - INFO -    Palavras-chave: sistema, desenvolvido, dados, sistemas, universidade, federal, trabalho, campus, curso, para
2026-09-25 22:15:41,707 - INFO - 
============================================================
2026-09-25 22:15:41,707 - INFO - 🏛️  Processando UFSCAR - Universidade Federal de São Carlos
2026-09-25 22:15:41,707 - INFO - ============================================================
2026-09-25 22:15:41,707 - INFO - 
🔄 Iteração 1/3 para UFSCAR
2026-09-25 22:15:41,707 - INFO -   🔎 Testando: "ufscar"
2026-09-25 22:16:04,512 - INFO -      ✅ 500 resultados (eficiência: 0.30)
2026-09-25 22:16:05,513 - INFO -   🔎 Testando: "universidade federal"
2026-09-25 22:16:21,428 - INFO -      ✅ 500 resultados (eficiência: 0.30)
2026-09-25 22:16:24,428 - INFO - 
🔄 Iteração 2/3 para UFSCAR
2026-09-25 22:16:24,429 - INFO -   ⚠️ Sem novas queries para testar
2026-09-25 22:16:24,429 - INFO - 
📊 Métricas finais para UFSCAR:
2026-09-25 22:16:24,429 - INFO -    Total de queries testadas: 2
2026-09-25 22:16:24,429 - INFO -    Queries com sucesso: 0
2026-09-25 22:16:24,464 - INFO -    🔤 Filtrando 992 repositórios por idioma (português)...
2026-09-25 22:16:26,856 - INFO -    ✅ Filtro de idioma: 861/992 repositórios mantidos (86.8% em português)
2026-09-25 22:16:26,856 - INFO - ✅ UFSCAR: 861 repositórios em português
2026-09-25 22:16:26,856 - INFO -    Palavras-chave: desenvolvido, dados, sistemas, universidade, federal, trabalho, universidade federal, curso, para, engenharia
2026-09-25 22:16:29,857 - INFO - 
============================================================
2026-09-25 22:16:29,857 - INFO - 🏛️  Processando UEM - Universidade Estadual de Maringá
2026-09-25 22:16:29,857 - INFO - ============================================================
2026-09-25 22:16:29,857 - INFO - 
🔄 Iteração 1/3 para UEM
2026-09-25 22:16:29,857 - INFO -   🔎 Testando: "uem"
2026-09-25 22:16:53,211 - INFO -      ✅ 500 resultados (eficiência: 0.30)
2026-09-25 22:16:54,211 - INFO -   🔎 Testando: "universidade estadual"
2026-09-25 22:17:10,431 - INFO -      ✅ 500 resultados (eficiência: 0.30)
2026-09-25 22:17:13,432 - INFO - 
🔄 Iteração 2/3 para UEM
2026-09-25 22:17:13,432 - INFO -   ⚠️ Sem novas queries para testar
2026-09-25 22:17:13,433 - INFO - 
📊 Métricas finais para UEM:
2026-09-25 22:17:13,433 - INFO -    Total de queries testadas: 2
2026-09-25 22:17:13,433 - INFO -    Queries com sucesso: 0
2026-09-25 22:17:13,469 - INFO -    🔤 Filtrando 983 repositórios por idioma (português)...
2026-09-25 22:17:15,309 - INFO -    ✅ Filtro de idioma: 657/983 repositórios mantidos (66.8% em português)
2026-09-25 22:17:15,309 - INFO - ✅ UEM: 657 repositórios em português
2026-09-25 22:17:15,309 - INFO -    Palavras-chave: uem, sistema, desenvolvido, estadual, dados, universidade, trabalho, universidade estadual, sistemas, curso
2026-09-25 22:17:18,310 - INFO - 
============================================================
2026-09-25 22:17:18,310 - INFO - 🏛️  Processando UEPG - Universidade Estadual de Ponta Grossa
2026-09-25 22:17:18,310 - INFO - ============================================================
2026-09-25 22:17:18,310 - INFO - 
🔄 Iteração 1/3 para UEPG
2026-09-25 22:17:18,310 - INFO -   🔎 Testando: "uepg"
2026-09-25 22:17:29,556 - INFO -      ✅ 212 resultados (eficiência: 0.30)
2026-09-25 22:17:30,557 - INFO -   🔎 Testando: "universidade estadual"
2026-09-25 22:17:45,758 - INFO -      ✅ 500 resultados (eficiência: 0.30)
2026-09-25 22:17:48,758 - INFO - 
🔄 Iteração 2/3 para UEPG
2026-09-25 22:17:48,759 - INFO -   ⚠️ Sem novas queries para testar
2026-09-25 22:17:48,759 - INFO - 
📊 Métricas finais para UEPG:
2026-09-25 22:17:48,759 - INFO -    Total de queries testadas: 2
2026-09-25 22:17:48,760 - INFO -    Queries com sucesso: 0
2026-09-25 22:17:48,788 - INFO -    🔤 Filtrando 704 repositórios por idioma (português)...
2026-09-25 22:17:50,108 - INFO -    ✅ Filtro de idioma: 642/704 repositórios mantidos (91.2% em português)
2026-09-25 22:17:50,108 - INFO - ✅ UEPG: 642 repositórios em português
2026-09-25 22:17:50,108 - INFO -    Palavras-chave: sistema, desenvolvido, estadual, dados, universidade, trabalho, universidade estadual, engenharia, curso, para
2026-09-25 22:17:53,109 - INFO - 
============================================================
2026-09-25 22:17:53,109 - INFO - 🏛️  Processando UNIOESTE - Universidade Estadual do Oeste do Paraná
2026-09-25 22:17:53,109 - INFO - ============================================================
2026-09-25 22:17:53,109 - INFO - 
🔄 Iteração 1/3 para UNIOESTE
2026-09-25 22:17:53,109 - INFO -   🔎 Testando: "unioeste"
2026-09-25 22:18:01,171 - INFO -      ✅ 171 resultados (eficiência: 0.30)
2026-09-25 22:18:02,172 - INFO -   🔎 Testando: "universidade estadual"
2026-09-25 22:18:17,752 - INFO -      ✅ 500 resultados (eficiência: 0.30)
2026-09-25 22:18:20,753 - INFO - 
🔄 Iteração 2/3 para UNIOESTE
2026-09-25 22:18:20,753 - INFO -   ⚠️ Sem novas queries para testar
2026-09-25 22:18:20,753 - INFO - 
📊 Métricas finais para UNIOESTE:
2026-09-25 22:18:20,754 - INFO -    Total de queries testadas: 2
2026-09-25 22:18:20,754 - INFO -    Queries com sucesso: 0
2026-09-25 22:18:20,782 - INFO -    🔤 Filtrando 669 repositórios por idioma (português)...
2026-09-25 22:18:22,089 - INFO -    ✅ Filtro de idioma: 626/669 repositórios mantidos (93.6% em português)
2026-09-25 22:18:22,089 - INFO - ✅ UNIOESTE: 626 repositórios em português
2026-09-25 22:18:22,089 - INFO -    Palavras-chave: sistema, desenvolvido, estadual, disciplina, universidade, trabalho, universidade estadual, dados, curso, para
2026-09-25 22:18:25,090 - INFO - 
============================================================
2026-09-25 22:18:25,090 - INFO - 🏛️  Processando UENF - Universidade Estadual do Norte Fluminense Darcy Ribeiro
2026-09-25 22:18:25,090 - INFO - ============================================================
2026-09-25 22:18:25,090 - INFO - 
🔄 Iteração 1/3 para UENF
2026-09-25 22:18:25,090 - INFO -   🔎 Testando: "uenf"
2026-09-25 22:18:33,319 - INFO -      ✅ 174 resultados (eficiência: 0.30)
2026-09-25 22:18:34,320 - INFO -   🔎 Testando: "universidade estadual"
2026-09-25 22:18:50,152 - INFO -      ✅ 500 resultados (eficiência: 0.30)
2026-09-25 22:18:53,153 - INFO - 
🔄 Iteração 2/3 para UENF
2026-09-25 22:18:53,153 - INFO -   ⚠️ Sem novas queries para testar
2026-09-25 22:18:53,154 - INFO - 
📊 Métricas finais para UENF:
2026-09-25 22:18:53,154 - INFO -    Total de queries testadas: 2
2026-09-25 22:18:53,154 - INFO -    Queries com sucesso: 0
2026-09-25 22:18:53,178 - INFO -    🔤 Filtrando 666 repositórios por idioma (português)...
2026-09-25 22:18:54,453 - INFO -    ✅ Filtro de idioma: 599/666 repositórios mantidos (89.9% em português)
2026-09-25 22:18:54,453 - INFO - ✅ UENF: 599 repositórios em português
2026-09-25 22:18:54,453 - INFO -    Palavras-chave: sistema, desenvolvido, estadual, uenf, universidade, trabalho, universidade estadual, dados, curso, para
2026-09-25 22:18:57,453 - INFO - 
============================================================
2026-09-25 22:18:57,454 - INFO - 🏛️  Processando UFRRJ - Universidade Federal Rural do Rio de Janeiro
2026-09-25 22:18:57,454 - INFO - ============================================================
2026-09-25 22:18:57,454 - INFO - 
🔄 Iteração 1/3 para UFRRJ
2026-09-25 22:18:57,454 - INFO -   🔎 Testando: "universidade federal"
2026-09-25 22:19:12,228 - INFO -      ✅ 500 resultados (eficiência: 0.30)
2026-09-25 22:19:13,229 - INFO -   🔎 Testando: "ufrrj"
2026-09-25 22:19:27,002 - INFO -      ✅ 433 resultados (eficiência: 0.30)
2026-09-25 22:19:30,002 - INFO - 
🔄 Iteração 2/3 para UFRRJ
2026-09-25 22:19:30,003 - INFO -   ⚠️ Sem novas queries para testar
2026-09-25 22:19:30,003 - INFO - 
📊 Métricas finais para UFRRJ:
2026-09-25 22:19:30,003 - INFO -    Total de queries testadas: 2
2026-09-25 22:19:30,003 - INFO -    Queries com sucesso: 0
2026-09-25 22:19:30,039 - INFO -    🔤 Filtrando 932 repositórios por idioma (português)...
2026-09-25 22:19:31,855 - INFO -    ✅ Filtro de idioma: 862/932 repositórios mantidos (92.5% em português)
2026-09-25 22:19:31,855 - INFO - ✅ UFRRJ: 862 repositórios em português
2026-09-25 22:19:31,855 - INFO -    Palavras-chave: sistema, desenvolvido, dados, sistemas, universidade, federal, trabalho, curso, para, ufrrj
2026-09-25 22:19:34,856 - INFO - 
============================================================
2026-09-25 22:19:34,856 - INFO - 🏛️  Processando UFSB - Universidade Federal do Sul da Bahia
2026-09-25 22:19:34,856 - INFO - ============================================================
2026-09-25 22:19:34,856 - INFO - 
🔄 Iteração 1/3 para UFSB
2026-09-25 22:19:34,856 - INFO -   🔎 Testando: "ufsb"
2026-09-25 22:19:36,828 - INFO -      ✅ 42 resultados (eficiência: 0.13)
2026-09-25 22:19:37,828 - INFO -   🔎 Testando: "universidade federal"
2026-09-25 22:19:53,735 - INFO -      ✅ 500 resultados (eficiência: 0.30)
2026-09-25 22:19:56,736 - INFO - 
🔄 Iteração 2/3 para UFSB
2026-09-25 22:19:56,737 - INFO -   ⚠️ Sem novas queries para testar
2026-09-25 22:19:56,737 - INFO - 
📊 Métricas finais para UFSB:
2026-09-25 22:19:56,737 - INFO -    Total de queries testadas: 2
2026-09-25 22:19:56,737 - INFO -    Queries com sucesso: 0
2026-09-25 22:19:56,763 - INFO -    🔤 Filtrando 542 repositórios por idioma (português)...
2026-09-25 22:19:57,858 - INFO -    ✅ Filtro de idioma: 531/542 repositórios mantidos (98.0% em português)
2026-09-25 22:19:57,858 - INFO - ✅ UFSB: 531 repositórios em português
2026-09-25 22:19:57,858 - INFO -    Palavras-chave: sistema, desenvolvido, dados, sistemas, universidade, federal, trabalho, campus, curso, para
2026-09-25 22:20:00,859 - INFO - 
============================================================
2026-09-25 22:20:00,859 - INFO - 🏛️  Processando UFOB - Universidade Federal do Oeste da Bahia
2026-09-25 22:20:00,859 - INFO - ============================================================
2026-09-25 22:20:00,859 - INFO - 
🔄 Iteração 1/3 para UFOB
2026-09-25 22:20:00,859 - INFO -   🔎 Testando: "ufob"
2026-09-25 22:20:05,010 - INFO -      ✅ 92 resultados (eficiência: 0.28)
2026-09-25 22:20:06,010 - INFO -   🔎 Testando: "universidade federal"
2026-09-25 22:20:21,167 - INFO -      ✅ 500 resultados (eficiência: 0.30)
2026-09-25 22:20:24,168 - INFO - 
🔄 Iteração 2/3 para UFOB
2026-09-25 22:20:24,168 - INFO -   ⚠️ Sem novas queries para testar
2026-09-25 22:20:24,169 - INFO - 
📊 Métricas finais para UFOB:
2026-09-25 22:20:24,169 - INFO -    Total de queries testadas: 2
2026-09-25 22:20:24,169 - INFO -    Queries com sucesso: 0
2026-09-25 22:20:24,192 - INFO -    🔤 Filtrando 592 repositórios por idioma (português)...
2026-09-25 22:20:25,383 - INFO -    ✅ Filtro de idioma: 562/592 repositórios mantidos (94.9% em português)
2026-09-25 22:20:25,383 - INFO - ✅ UFOB: 562 repositórios em português
2026-09-25 22:20:25,383 - INFO -    Palavras-chave: sistema, desenvolvido, dados, ufob, universidade, federal, trabalho, campus, curso, para
2026-09-25 22:20:28,383 - INFO - 
============================================================
2026-09-25 22:20:28,383 - INFO - 🏛️  Processando UFRB - Universidade Federal do Recôncavo da Bahia
2026-09-25 22:20:28,383 - INFO - ============================================================
2026-09-25 22:20:28,383 - INFO - 
🔄 Iteração 1/3 para UFRB
2026-09-25 22:20:28,383 - INFO -   🔎 Testando: "ufrb"
2026-09-25 22:20:35,808 - INFO -      ✅ 139 resultados (eficiência: 0.30)
2026-09-25 22:20:36,809 - INFO -   🔎 Testando: "universidade federal"
2026-09-25 22:20:51,545 - INFO -      ✅ 500 resultados (eficiência: 0.30)
2026-09-25 22:20:54,546 - INFO - 
🔄 Iteração 2/3 para UFRB
2026-09-25 22:20:54,546 - INFO -   ⚠️ Sem novas queries para testar
2026-09-25 22:20:54,547 - INFO - 
📊 Métricas finais para UFRB:
2026-09-25 22:20:54,547 - INFO -    Total de queries testadas: 2
2026-09-25 22:20:54,547 - INFO -    Queries com sucesso: 0
2026-09-25 22:20:54,573 - INFO -    🔤 Filtrando 639 repositórios por idioma (português)...
2026-09-25 22:20:55,956 - INFO -    ✅ Filtro de idioma: 610/639 repositórios mantidos (95.5% em português)
2026-09-25 22:20:55,956 - INFO - ✅ UFRB: 610 repositórios em português
2026-09-25 22:20:55,956 - INFO -    Palavras-chave: sistema, desenvolvido, dados, sistemas, universidade, federal, trabalho, campus, curso, para
2026-09-25 22:20:58,957 - INFO - 
============================================================
2026-09-25 22:20:58,957 - INFO - 🏛️  Processando UNIVASF - Universidade Federal do Vale do São Francisco
2026-09-25 22:20:58,957 - INFO - ============================================================
2026-09-25 22:20:58,957 - INFO - 
🔄 Iteração 1/3 para UNIVASF
2026-09-25 22:20:58,957 - INFO -   🔎 Testando: "univasf"
2026-09-25 22:21:07,319 - INFO -      ✅ 186 resultados (eficiência: 0.30)
2026-09-25 22:21:08,319 - INFO -   🔎 Testando: "universidade federal"
2026-09-25 22:21:24,314 - INFO -      ✅ 500 resultados (eficiência: 0.30)
2026-09-25 22:21:27,315 - INFO - 
🔄 Iteração 2/3 para UNIVASF
2026-09-25 22:21:27,315 - INFO -   ⚠️ Sem novas queries para testar
2026-09-25 22:21:27,316 - INFO - 
📊 Métricas finais para UNIVASF:
2026-09-25 22:21:27,316 - INFO -    Total de queries testadas: 2
2026-09-25 22:21:27,316 - INFO -    Queries com sucesso: 0
2026-09-25 22:21:27,347 - INFO -    🔤 Filtrando 684 repositórios por idioma (português)...
2026-09-25 22:21:28,854 - INFO -    ✅ Filtro de idioma: 653/684 repositórios mantidos (95.5% em português)
2026-09-25 22:21:28,854 - INFO - ✅ UNIVASF: 653 repositórios em português
2026-09-25 22:21:28,854 - INFO -    Palavras-chave: desenvolvido, dados, univasf, universidade, federal, trabalho, engenharia, curso, para, sistemas
2026-09-25 22:21:31,855 - INFO - 
============================================================
2026-09-25 22:21:31,855 - INFO - 🏛️  Processando UNIFEI - Universidade Federal de Itajubá
2026-09-25 22:21:31,855 - INFO - ============================================================
2026-09-25 22:21:31,855 - INFO - 
🔄 Iteração 1/3 para UNIFEI
2026-09-25 22:21:31,855 - INFO -   🔎 Testando: "unifei"
2026-09-25 22:21:57,130 - INFO -      ✅ 500 resultados (eficiência: 0.30)
2026-09-25 22:21:58,131 - INFO -   🔎 Testando: "universidade federal"
2026-09-25 22:22:12,968 - INFO -      ✅ 500 resultados (eficiência: 0.30)
2026-09-25 22:22:15,969 - INFO - 
🔄 Iteração 2/3 para UNIFEI
2026-09-25 22:22:15,969 - INFO -   ⚠️ Sem novas queries para testar
2026-09-25 22:22:15,970 - INFO - 
📊 Métricas finais para UNIFEI:
2026-09-25 22:22:15,970 - INFO -    Total de queries testadas: 2
2026-09-25 22:22:15,970 - INFO -    Queries com sucesso: 0
2026-09-25 22:22:16,007 - INFO -    🔤 Filtrando 996 repositórios por idioma (português)...
2026-09-25 22:22:18,352 - INFO -    ✅ Filtro de idioma: 780/996 repositórios mantidos (78.3% em português)
2026-09-25 22:22:18,352 - INFO - ✅ UNIFEI: 780 repositórios em português
2026-09-25 22:22:18,352 - INFO -    Palavras-chave: sistema, desenvolvido, dados, sistemas, universidade, federal, trabalho, unifei, curso, para
2026-09-25 22:22:21,353 - INFO - 
============================================================
2026-09-25 22:22:21,353 - INFO - 🏛️  Processando UNILAB - Universidade da Integração Internacional da Lusofonia Afro-Brasileira
2026-09-25 22:22:21,353 - INFO - ============================================================
2026-09-25 22:22:21,353 - INFO - 
🔄 Iteração 1/3 para UNILAB
2026-09-25 22:22:21,353 - INFO -   🔎 Testando: "unilab"
2026-09-25 22:22:48,032 - INFO -      ✅ 500 resultados (eficiência: 0.30)
2026-09-25 22:22:49,032 - INFO -   🔎 Testando: "universidade da"
2026-09-25 22:22:58,145 - INFO -      ✅ 190 resultados (eficiência: 0.30)
2026-09-25 22:23:01,146 - INFO - 
🔄 Iteração 2/3 para UNILAB
2026-09-25 22:23:01,146 - INFO -   ⚠️ Sem novas queries para testar
2026-09-25 22:23:01,147 - INFO - 
📊 Métricas finais para UNILAB:
2026-09-25 22:23:01,147 - INFO -    Total de queries testadas: 2
2026-09-25 22:23:01,147 - INFO -    Queries com sucesso: 0
2026-09-25 22:23:01,168 - INFO -    🔤 Filtrando 690 repositórios por idioma (português)...
2026-09-25 22:23:02,492 - INFO -    ✅ Filtro de idioma: 451/690 repositórios mantidos (65.4% em português)
2026-09-25 22:23:02,492 - INFO - ✅ UNILAB: 451 repositórios em português
2026-09-25 22:23:02,492 - INFO -    Palavras-chave: interior, github, homework, dados, universidade, trabalho, curso, para, https, unilabs
2026-09-25 22:23:05,493 - INFO - 
============================================================
2026-09-25 22:23:05,493 - INFO - 🏛️  Processando UNIR - Universidade Federal de Rondônia
2026-09-25 22:23:05,493 - INFO - ============================================================
2026-09-25 22:23:05,493 - INFO - 
🔄 Iteração 1/3 para UNIR
2026-09-25 22:23:05,494 - INFO -   🔎 Testando: "universidade federal"
2026-09-25 22:23:21,059 - INFO -      ✅ 500 resultados (eficiência: 0.30)
2026-09-25 22:23:22,060 - INFO -   🔎 Testando: "unir"
2026-09-25 22:23:44,327 - INFO -      ✅ 500 resultados (eficiência: 0.30)
2026-09-25 22:23:47,328 - INFO - 
🔄 Iteração 2/3 para UNIR
2026-09-25 22:23:47,328 - INFO -   ⚠️ Sem novas queries para testar
2026-09-25 22:23:47,329 - INFO - 
📊 Métricas finais para UNIR:
2026-09-25 22:23:47,329 - INFO -    Total de queries testadas: 2
2026-09-25 22:23:47,329 - INFO -    Queries com sucesso: 0
2026-09-25 22:23:47,407 - INFO -    🔤 Filtrando 999 repositórios por idioma (português)...
2026-09-25 22:23:49,518 - INFO -    ✅ Filtro de idioma: 658/999 repositórios mantidos (65.9% em português)
2026-09-25 22:23:49,518 - INFO - ✅ UNIR: 658 repositórios em português
2026-09-25 22:23:49,518 - INFO -    Palavras-chave: thumb, channel, http, universidade, federal, unir, trabalho, curso, para, sources
2026-09-25 22:23:52,519 - INFO - 
============================================================
2026-09-25 22:23:52,519 - INFO - 🏛️  Processando UFRR - Universidade Federal de Roraima
2026-09-25 22:23:52,519 - INFO - ============================================================
2026-09-25 22:23:52,519 - INFO - 
🔄 Iteração 1/3 para UFRR
2026-09-25 22:23:52,519 - INFO -   🔎 Testando: "ufrr"
2026-09-25 22:24:15,881 - INFO -      ✅ 500 resultados (eficiência: 0.30)
2026-09-25 22:24:16,882 - INFO -   🔎 Testando: "universidade federal"
2026-09-25 22:24:33,209 - INFO -      ✅ 500 resultados (eficiência: 0.30)
2026-09-25 22:24:36,210 - INFO - 
🔄 Iteração 2/3 para UFRR
2026-09-25 22:24:36,211 - INFO -   ⚠️ Sem novas queries para testar
2026-09-25 22:24:36,211 - INFO - 
📊 Métricas finais para UFRR:
2026-09-25 22:24:36,211 - INFO -    Total de queries testadas: 2
2026-09-25 22:24:36,211 - INFO -    Queries com sucesso: 0
2026-09-25 22:24:36,243 - INFO -    🔤 Filtrando 1000 repositórios por idioma (português)...
2026-09-25 22:24:38,613 - INFO -    ✅ Filtro de idioma: 865/1000 repositórios mantidos (86.5% em português)
2026-09-25 22:24:38,613 - INFO - ✅ UFRR: 865 repositórios em português
2026-09-25 22:24:38,613 - INFO -    Palavras-chave: desenvolvido, dados, sistemas, universidade, federal, trabalho, campus, curso, para, ufrrj
2026-09-25 22:24:41,614 - INFO - 
============================================================
2026-09-25 22:24:41,614 - INFO - 🏛️  Processando UNIFAP - Universidade Federal do Amapá
2026-09-25 22:24:41,614 - INFO - ============================================================
2026-09-25 22:24:41,614 - INFO - 
🔄 Iteração 1/3 para UNIFAP
2026-09-25 22:24:41,614 - INFO -   🔎 Testando: "universidade federal"
2026-09-25 22:24:56,945 - INFO -      ✅ 500 resultados (eficiência: 0.30)
2026-09-25 22:24:57,945 - INFO -   🔎 Testando: "unifap"
2026-09-25 22:25:06,405 - INFO -      ✅ 177 resultados (eficiência: 0.30)
2026-09-25 22:25:09,406 - INFO - 
🔄 Iteração 2/3 para UNIFAP
2026-09-25 22:25:09,406 - INFO -   ⚠️ Sem novas queries para testar
2026-09-25 22:25:09,407 - INFO - 
📊 Métricas finais para UNIFAP:
2026-09-25 22:25:09,407 - INFO -    Total de queries testadas: 2
2026-09-25 22:25:09,407 - INFO -    Queries com sucesso: 0
2026-09-25 22:25:09,433 - INFO -    🔤 Filtrando 676 repositórios por idioma (português)...
2026-09-25 22:25:11,006 - INFO -    ✅ Filtro de idioma: 622/676 repositórios mantidos (92.0% em português)
2026-09-25 22:25:11,006 - INFO - ✅ UNIFAP: 622 repositórios em português
2026-09-25 22:25:11,006 - INFO -    Palavras-chave: desenvolvido, dados, sistemas, universidade, federal, trabalho, campus, unifap, para, curso
2026-09-25 22:25:14,007 - INFO - 
============================================================
2026-09-25 22:25:14,007 - INFO - 🏛️  Processando UFAC - Universidade Federal do Acre
2026-09-25 22:25:14,007 - INFO - ============================================================
2026-09-25 22:25:14,007 - INFO - 
🔄 Iteração 1/3 para UFAC
2026-09-25 22:25:14,007 - INFO -   🔎 Testando: "ufac"
2026-09-25 22:25:31,007 - INFO -      ✅ 335 resultados (eficiência: 0.30)
2026-09-25 22:25:32,007 - INFO -   🔎 Testando: "universidade federal"
2026-09-25 22:25:47,791 - INFO -      ✅ 500 resultados (eficiência: 0.30)
2026-09-25 22:25:50,792 - INFO - 
🔄 Iteração 2/3 para UFAC
2026-09-25 22:25:50,792 - INFO -   ⚠️ Sem novas queries para testar
2026-09-25 22:25:50,793 - INFO - 
📊 Métricas finais para UFAC:
2026-09-25 22:25:50,793 - INFO -    Total de queries testadas: 2
2026-09-25 22:25:50,793 - INFO -    Queries com sucesso: 0
2026-09-25 22:25:50,821 - INFO -    🔤 Filtrando 834 repositórios por idioma (português)...
2026-09-25 22:25:52,504 - INFO -    ✅ Filtro de idioma: 688/834 repositórios mantidos (82.5% em português)
2026-09-25 22:25:52,504 - INFO - ✅ UFAC: 688 repositórios em português
2026-09-25 22:25:52,504 - INFO -    Palavras-chave: sistema, desenvolvido, dados, sistemas, universidade, federal, trabalho, curso, para, ufactory
2026-09-25 22:25:55,505 - INFO - 
============================================================
2026-09-25 22:25:55,505 - INFO - 🏛️  Processando UFT - Universidade Federal do Tocantins
2026-09-25 22:25:55,506 - INFO - ============================================================
2026-09-25 22:25:55,506 - INFO - 
🔄 Iteração 1/3 para UFT
2026-09-25 22:25:55,506 - INFO -   🔎 Testando: "universidade federal"
2026-09-25 22:26:10,835 - INFO -      ✅ 500 resultados (eficiência: 0.30)
2026-09-25 22:26:11,835 - INFO -   🔎 Testando: "uft"
2026-09-25 22:26:37,192 - INFO -      ✅ 500 resultados (eficiência: 0.30)
2026-09-25 22:26:40,193 - INFO - 
🔄 Iteração 2/3 para UFT
2026-09-25 22:26:40,193 - INFO -   ⚠️ Sem novas queries para testar
2026-09-25 22:26:40,194 - INFO - 
📊 Métricas finais para UFT:
2026-09-25 22:26:40,194 - INFO -    Total de queries testadas: 2
2026-09-25 22:26:40,194 - INFO -    Queries com sucesso: 0
2026-09-25 22:26:40,227 - INFO -    🔤 Filtrando 998 repositórios por idioma (português)...
2026-09-25 22:26:42,383 - INFO -    ✅ Filtro de idioma: 709/998 repositórios mantidos (71.0% em português)
2026-09-25 22:26:42,383 - INFO - ✅ UFT: 709 repositórios em português
2026-09-25 22:26:42,383 - INFO -    Palavras-chave: desenvolvido, dados, sistemas, universidade, federal, trabalho, universidade federal, curso, para, campus
2026-09-25 22:26:45,383 - INFO - 
============================================================
2026-09-25 22:26:45,383 - INFO - 🏛️  Processando UFCA - Universidade Federal do Cariri
2026-09-25 22:26:45,383 - INFO - ============================================================
2026-09-25 22:26:45,383 - INFO - 
🔄 Iteração 1/3 para UFCA
2026-09-25 22:26:45,383 - INFO -   🔎 Testando: "universidade federal"
2026-09-25 22:27:00,574 - INFO -      ✅ 500 resultados (eficiência: 0.30)
2026-09-25 22:27:01,575 - INFO -   🔎 Testando: "ufca"
2026-09-25 22:27:20,529 - INFO -      ✅ 369 resultados (eficiência: 0.30)
2026-09-25 22:27:23,529 - INFO - 
🔄 Iteração 2/3 para UFCA
2026-09-25 22:27:23,530 - INFO -   ⚠️ Sem novas queries para testar
2026-09-25 22:27:23,530 - INFO - 
📊 Métricas finais para UFCA:
2026-09-25 22:27:23,530 - INFO -    Total de queries testadas: 2
2026-09-25 22:27:23,530 - INFO -    Queries com sucesso: 0
2026-09-25 22:27:23,562 - INFO -    🔤 Filtrando 865 repositórios por idioma (português)...
2026-09-25 22:27:25,317 - INFO -    ✅ Filtro de idioma: 786/865 repositórios mantidos (90.9% em português)
2026-09-25 22:27:25,318 - INFO - ✅ UFCA: 786 repositórios em português
2026-09-25 22:27:25,318 - INFO -    Palavras-chave: sistema, desenvolvido, dados, disciplina, universidade, federal, trabalho, sistemas, curso, para
2026-09-25 22:27:28,318 - INFO - 
============================================================
2026-09-25 22:27:28,318 - INFO - 🏛️  Processando UFAPE - Universidade Federal do Agreste de Pernambuco
2026-09-25 22:27:28,318 - INFO - ============================================================
2026-09-25 22:27:28,318 - INFO - 
🔄 Iteração 1/3 para UFAPE
2026-09-25 22:27:28,318 - INFO -   🔎 Testando: "ufape"
2026-09-25 22:27:39,006 - INFO -      ✅ 196 resultados (eficiência: 0.30)
2026-09-25 22:27:40,007 - INFO -   🔎 Testando: "universidade federal"
2026-09-25 22:27:55,435 - INFO -      ✅ 500 resultados (eficiência: 0.30)
2026-09-25 22:27:58,436 - INFO - 
🔄 Iteração 2/3 para UFAPE
2026-09-25 22:27:58,436 - INFO -   ⚠️ Sem novas queries para testar
2026-09-25 22:27:58,437 - INFO - 
📊 Métricas finais para UFAPE:
2026-09-25 22:27:58,437 - INFO -    Total de queries testadas: 2
2026-09-25 22:27:58,437 - INFO -    Queries com sucesso: 0
2026-09-25 22:27:58,465 - INFO -    🔤 Filtrando 692 repositórios por idioma (português)...
2026-09-25 22:27:59,978 - INFO -    ✅ Filtro de idioma: 670/692 repositórios mantidos (96.8% em português)
2026-09-25 22:27:59,978 - INFO - ✅ UFAPE: 670 repositórios em português
2026-09-25 22:27:59,978 - INFO -    Palavras-chave: sistema, ufape, dados, desenvolvido, universidade, federal, trabalho, engenharia, curso, para
2026-09-25 22:28:02,979 - INFO - 
============================================================
2026-09-25 22:28:02,979 - INFO - 🏛️  Processando UFRPE - Universidade Federal Rural de Pernambuco
2026-09-25 22:28:02,979 - INFO - ============================================================
2026-09-25 22:28:02,979 - INFO - 
🔄 Iteração 1/3 para UFRPE
2026-09-25 22:28:02,979 - INFO -   🔎 Testando: "ufrpe"
2026-09-25 22:28:27,842 - INFO -      ✅ 500 resultados (eficiência: 0.30)
2026-09-25 22:28:28,842 - INFO -   🔎 Testando: "universidade federal"
2026-09-25 22:28:43,769 - INFO -      ✅ 500 resultados (eficiência: 0.30)
2026-09-25 22:28:46,770 - INFO - 
🔄 Iteração 2/3 para UFRPE
2026-09-25 22:28:46,770 - INFO -   ⚠️ Sem novas queries para testar
2026-09-25 22:28:46,771 - INFO - 
📊 Métricas finais para UFRPE:
2026-09-25 22:28:46,771 - INFO -    Total de queries testadas: 2
2026-09-25 22:28:46,771 - INFO -    Queries com sucesso: 0
2026-09-25 22:28:46,812 - INFO -    🔤 Filtrando 999 repositórios por idioma (português)...
2026-09-25 22:28:48,988 - INFO -    ✅ Filtro de idioma: 888/999 repositórios mantidos (88.9% em português)
2026-09-25 22:28:48,988 - INFO - ✅ UFRPE: 888 repositórios em português
2026-09-25 22:28:48,988 - INFO -    Palavras-chave: ufrpe, sistema, desenvolvido, dados, sistemas, universidade, federal, trabalho, campus, curso
2026-09-25 22:28:51,989 - INFO - 
============================================================
2026-09-25 22:28:51,990 - INFO - 🏛️  Processando UFRA - Universidade Federal Rural da Amazônia
2026-09-25 22:28:51,990 - INFO - ============================================================
2026-09-25 22:28:51,990 - INFO - 
🔄 Iteração 1/3 para UFRA
2026-09-25 22:28:51,990 - INFO -   🔎 Testando: "universidade federal"
2026-09-25 22:29:06,781 - INFO -      ✅ 500 resultados (eficiência: 0.30)
2026-09-25 22:29:07,782 - INFO -   🔎 Testando: "ufra"
2026-09-25 22:29:26,387 - INFO -      ✅ 374 resultados (eficiência: 0.30)
2026-09-25 22:29:29,388 - INFO - 
🔄 Iteração 2/3 para UFRA
2026-09-25 22:29:29,389 - INFO -   ⚠️ Sem novas queries para testar
2026-09-25 22:29:29,389 - INFO - 
📊 Métricas finais para UFRA:
2026-09-25 22:29:29,389 - INFO -    Total de queries testadas: 2
2026-09-25 22:29:29,389 - INFO -    Queries com sucesso: 0
2026-09-25 22:29:29,422 - INFO -    🔤 Filtrando 874 repositórios por idioma (português)...
2026-09-25 22:29:31,479 - INFO -    ✅ Filtro de idioma: 721/874 repositórios mantidos (82.5% em português)
2026-09-25 22:29:31,479 - INFO - ✅ UFRA: 721 repositórios em português
2026-09-25 22:29:31,479 - INFO -    Palavras-chave: sistema, desenvolvido, dados, disciplina, universidade, federal, trabalho, campus, curso, para
2026-09-25 22:29:34,480 - INFO - 
============================================================
2026-09-25 22:29:34,480 - INFO - 🏛️  Processando UNILA - Universidade Federal da Integração Latino-Americana
2026-09-25 22:29:34,480 - INFO - ============================================================
2026-09-25 22:29:34,480 - INFO - 
🔄 Iteração 1/3 para UNILA
2026-09-25 22:29:34,481 - INFO -   🔎 Testando: "unila"
2026-09-25 22:29:55,993 - INFO -      ✅ 500 resultados (eficiência: 0.30)
2026-09-25 22:29:56,994 - INFO -   🔎 Testando: "universidade federal"
2026-09-25 22:30:12,565 - INFO -      ✅ 500 resultados (eficiência: 0.30)
2026-09-25 22:30:15,566 - INFO - 
🔄 Iteração 2/3 para UNILA
2026-09-25 22:30:15,567 - INFO -   ⚠️ Sem novas queries para testar
2026-09-25 22:30:15,567 - INFO - 
📊 Métricas finais para UNILA:
2026-09-25 22:30:15,567 - INFO -    Total de queries testadas: 2
2026-09-25 22:30:15,568 - INFO -    Queries com sucesso: 0
2026-09-25 22:30:15,600 - INFO -    🔤 Filtrando 999 repositórios por idioma (português)...
2026-09-25 22:30:17,757 - INFO -    ✅ Filtro de idioma: 741/999 repositórios mantidos (74.2% em português)
2026-09-25 22:30:17,757 - INFO - ✅ UNILA: 741 repositórios em português
2026-09-25 22:30:17,757 - INFO -    Palavras-chave: desenvolvido, dados, universidade, federal, trabalho, campus, curso, para, unilag, unila
2026-09-25 22:30:20,758 - INFO - 
============================================================
2026-09-25 22:30:20,758 - INFO - 🏛️  Processando UNIPAMPA - Universidade Federal do Pampa
2026-09-25 22:30:20,758 - INFO - ============================================================
2026-09-25 22:30:20,758 - INFO - 
🔄 Iteração 1/3 para UNIPAMPA
2026-09-25 22:30:20,758 - INFO -   🔎 Testando: "universidade federal"
2026-09-25 22:30:35,992 - INFO -      ✅ 500 resultados (eficiência: 0.30)
2026-09-25 22:30:36,993 - INFO -   🔎 Testando: "unipampa"
2026-09-25 22:30:48,415 - INFO -      ✅ 205 resultados (eficiência: 0.30)
2026-09-25 22:30:51,416 - INFO - 
🔄 Iteração 2/3 para UNIPAMPA
2026-09-25 22:30:51,416 - INFO -   ⚠️ Sem novas queries para testar
2026-09-25 22:30:51,417 - INFO - 
📊 Métricas finais para UNIPAMPA:
2026-09-25 22:30:51,417 - INFO -    Total de queries testadas: 2
2026-09-25 22:30:51,417 - INFO -    Queries com sucesso: 0
2026-09-25 22:30:51,445 - INFO -    🔤 Filtrando 704 repositórios por idioma (português)...
2026-09-25 22:30:52,919 - INFO -    ✅ Filtro de idioma: 666/704 repositórios mantidos (94.6% em português)
2026-09-25 22:30:52,919 - INFO - ✅ UNIPAMPA: 666 repositórios em português
2026-09-25 22:30:52,919 - INFO -    Palavras-chave: sistema, desenvolvido, dados, universidade, federal, trabalho, engenharia, curso, para, campus
2026-09-25 22:30:55,920 - INFO - 
============================================================
2026-09-25 22:30:55,920 - INFO - 🏛️  Processando FURG - Universidade Federal do Rio Grande
2026-09-25 22:30:55,920 - INFO - ============================================================
2026-09-25 22:30:55,920 - INFO - 
🔄 Iteração 1/3 para FURG
2026-09-25 22:30:55,920 - INFO -   🔎 Testando: "universidade federal"
2026-09-25 22:31:12,488 - INFO -      ✅ 500 resultados (eficiência: 0.30)
2026-09-25 22:31:13,489 - INFO -   🔎 Testando: "furg"
2026-09-25 22:31:39,488 - INFO -      ✅ 500 resultados (eficiência: 0.30)
2026-09-25 22:31:42,489 - INFO - 
🔄 Iteração 2/3 para FURG
2026-09-25 22:31:42,489 - INFO -   ⚠️ Sem novas queries para testar
2026-09-25 22:31:42,490 - INFO - 
📊 Métricas finais para FURG:
2026-09-25 22:31:42,490 - INFO -    Total de queries testadas: 2
2026-09-25 22:31:42,490 - INFO -    Queries com sucesso: 0
2026-09-25 22:31:42,522 - INFO -    🔤 Filtrando 995 repositórios por idioma (português)...
2026-09-25 22:31:44,916 - INFO -    ✅ Filtro de idioma: 835/995 repositórios mantidos (83.9% em português)
2026-09-25 22:31:44,916 - INFO - ✅ FURG: 835 repositórios em português
2026-09-25 22:31:44,916 - INFO -    Palavras-chave: furg, dados, http, universidade, federal, trabalho, streamlock, curso, para, https
2026-09-25 22:31:47,917 - INFO - 
============================================================
2026-09-25 22:31:47,918 - INFO - 🏛️  Processando UFCSPA - Universidade Federal de Ciências da Saúde de Porto Alegre
2026-09-25 22:31:47,918 - INFO - ============================================================
2026-09-25 22:31:47,918 - INFO - 
🔄 Iteração 1/3 para UFCSPA
2026-09-25 22:31:47,918 - INFO -   🔎 Testando: "ufcspa"
2026-09-25 22:31:52,297 - INFO -      ✅ 91 resultados (eficiência: 0.27)
2026-09-25 22:31:53,298 - INFO -   🔎 Testando: "universidade federal"
2026-09-25 22:32:09,327 - INFO -      ✅ 500 resultados (eficiência: 0.30)
2026-09-25 22:32:12,328 - INFO - 
🔄 Iteração 2/3 para UFCSPA
2026-09-25 22:32:12,328 - INFO -   ⚠️ Sem novas queries para testar
2026-09-25 22:32:12,329 - INFO - 
📊 Métricas finais para UFCSPA:
2026-09-25 22:32:12,329 - INFO -    Total de queries testadas: 2
2026-09-25 22:32:12,329 - INFO -    Queries com sucesso: 0
2026-09-25 22:32:12,358 - INFO -    🔤 Filtrando 591 repositórios por idioma (português)...
2026-09-25 22:32:13,607 - INFO -    ✅ Filtro de idioma: 567/591 repositórios mantidos (95.9% em português)
2026-09-25 22:32:13,607 - INFO - ✅ UFCSPA: 567 repositórios em português
2026-09-25 22:32:13,607 - INFO -    Palavras-chave: desenvolvido, dados, sistemas, ufcspa, federal, universidade, trabalho, curso, para, campus
2026-09-25 22:32:16,608 - INFO - 
============================================================
2026-09-25 22:32:16,608 - INFO - 🏛️  Processando UNIFESSPA - Universidade Federal do Sul e Sudeste do Pará
2026-09-25 22:32:16,608 - INFO - ============================================================
2026-09-25 22:32:16,608 - INFO - 
🔄 Iteração 1/3 para UNIFESSPA
2026-09-25 22:32:16,608 - INFO -   🔎 Testando: "unifesspa"
2026-09-25 22:32:20,015 - INFO -      ✅ 69 resultados (eficiência: 0.21)
2026-09-25 22:32:21,015 - INFO -   🔎 Testando: "universidade federal"
2026-09-25 22:32:37,665 - INFO -      ✅ 500 resultados (eficiência: 0.30)
2026-09-25 22:32:40,666 - INFO - 
🔄 Iteração 2/3 para UNIFESSPA
2026-09-25 22:32:40,666 - INFO -   ⚠️ Sem novas queries para testar
2026-09-25 22:32:40,667 - INFO - 
📊 Métricas finais para UNIFESSPA:
2026-09-25 22:32:40,667 - INFO -    Total de queries testadas: 2
2026-09-25 22:32:40,667 - INFO -    Queries com sucesso: 0
2026-09-25 22:32:40,693 - INFO -    🔤 Filtrando 569 repositórios por idioma (português)...
2026-09-25 22:32:41,900 - INFO -    ✅ Filtro de idioma: 553/569 repositórios mantidos (97.2% em português)
2026-09-25 22:32:41,900 - INFO - ✅ UNIFESSPA: 553 repositórios em português
2026-09-25 22:32:41,900 - INFO -    Palavras-chave: sistema, desenvolvido, dados, sistemas, universidade, federal, unifesspa, trabalho, curso, para
2026-09-25 22:32:44,901 - INFO - 
============================================================
2026-09-25 22:32:44,901 - INFO - 🏛️  Processando UFVJM - Universidade Federal dos Vales do Jequitinhonha e Mucuri
2026-09-25 22:32:44,901 - INFO - ============================================================
2026-09-25 22:32:44,901 - INFO - 
🔄 Iteração 1/3 para UFVJM
2026-09-25 22:32:44,901 - INFO -   🔎 Testando: "ufvjm"
2026-09-25 22:32:50,726 - INFO -      ✅ 117 resultados (eficiência: 0.30)
2026-09-25 22:32:51,726 - INFO -   🔎 Testando: "universidade federal"
2026-09-25 22:33:06,648 - INFO -      ✅ 500 resultados (eficiência: 0.30)
2026-09-25 22:33:09,649 - INFO - 
🔄 Iteração 2/3 para UFVJM
2026-09-25 22:33:09,649 - INFO -   ⚠️ Sem novas queries para testar
2026-09-25 22:33:09,650 - INFO - 
📊 Métricas finais para UFVJM:
2026-09-25 22:33:09,650 - INFO -    Total de queries testadas: 2
2026-09-25 22:33:09,650 - INFO -    Queries com sucesso: 0
2026-09-25 22:33:09,681 - INFO -    🔤 Filtrando 617 repositórios por idioma (português)...
2026-09-25 22:33:10,919 - INFO -    ✅ Filtro de idioma: 602/617 repositórios mantidos (97.6% em português)
2026-09-25 22:33:10,919 - INFO - ✅ UFVJM: 602 repositórios em português
2026-09-25 22:33:10,919 - INFO -    Palavras-chave: ufvjm, sistema, desenvolvido, dados, sistemas, universidade, federal, trabalho, campus, curso
2026-09-25 22:33:13,920 - INFO - 
============================================================
2026-09-25 22:33:13,920 - INFO - 🏛️  Processando UFGD - Universidade Federal da Grande Dourados
2026-09-25 22:33:13,920 - INFO - ============================================================
2026-09-25 22:33:13,920 - INFO - 
🔄 Iteração 1/3 para UFGD
2026-09-25 22:33:13,920 - INFO -   🔎 Testando: "ufgd"
2026-09-25 22:33:19,710 - INFO -      ✅ 122 resultados (eficiência: 0.30)
2026-09-25 22:33:20,710 - INFO -   🔎 Testando: "universidade federal"
2026-09-25 22:33:38,406 - INFO -      ✅ 500 resultados (eficiência: 0.30)
2026-09-25 22:33:41,407 - INFO - 
🔄 Iteração 2/3 para UFGD
2026-09-25 22:33:41,407 - INFO -   ⚠️ Sem novas queries para testar
2026-09-25 22:33:41,408 - INFO - 
📊 Métricas finais para UFGD:
2026-09-25 22:33:41,408 - INFO -    Total de queries testadas: 2
2026-09-25 22:33:41,408 - INFO -    Queries com sucesso: 0
2026-09-25 22:33:41,437 - INFO -    🔤 Filtrando 622 repositórios por idioma (português)...
2026-09-25 22:33:42,698 - INFO -    ✅ Filtro de idioma: 600/622 repositórios mantidos (96.5% em português)
2026-09-25 22:33:42,698 - INFO - ✅ UFGD: 600 repositórios em português
2026-09-25 22:33:42,698 - INFO -    Palavras-chave: sistema, desenvolvido, dados, disciplina, universidade, federal, trabalho, sistemas, curso, para
2026-09-25 22:33:45,699 - INFO - 
============================================================
2026-09-25 22:33:45,699 - INFO - 🏛️  Processando UFERSA - Universidade Federal Rural do Semi-Árido
2026-09-25 22:33:45,699 - INFO - ============================================================
2026-09-25 22:33:45,699 - INFO - 
🔄 Iteração 1/3 para UFERSA
2026-09-25 22:33:45,699 - INFO -   🔎 Testando: "ufersa"
2026-09-25 22:34:08,213 - INFO -      ✅ 447 resultados (eficiência: 0.30)
2026-09-25 22:34:09,213 - INFO -   🔎 Testando: "universidade federal"
2026-09-25 22:34:25,708 - INFO -      ✅ 500 resultados (eficiência: 0.30)
2026-09-25 22:34:28,709 - INFO - 
🔄 Iteração 2/3 para UFERSA
2026-09-25 22:34:28,709 - INFO -   ⚠️ Sem novas queries para testar
2026-09-25 22:34:28,710 - INFO - 
📊 Métricas finais para UFERSA:
2026-09-25 22:34:28,710 - INFO -    Total de queries testadas: 2
2026-09-25 22:34:28,710 - INFO -    Queries com sucesso: 0
2026-09-25 22:34:28,743 - INFO -    🔤 Filtrando 943 repositórios por idioma (português)...
2026-09-25 22:34:30,812 - INFO -    ✅ Filtro de idioma: 856/943 repositórios mantidos (90.8% em português)
2026-09-25 22:34:30,812 - INFO - ✅ UFERSA: 856 repositórios em português
2026-09-25 22:34:30,812 - INFO -    Palavras-chave: sistema, desenvolvido, dados, sistemas, universidade, federal, trabalho, campus, curso, para
2026-09-25 22:34:33,813 - INFO - 
============================================================
2026-09-25 22:34:33,813 - INFO - 🏛️  Processando UFJ - Universidade Federal de Jataí
2026-09-25 22:34:33,813 - INFO - ============================================================
2026-09-25 22:34:33,813 - INFO - 
🔄 Iteração 1/3 para UFJ
2026-09-25 22:34:33,813 - INFO -   🔎 Testando: "ufj"
2026-09-25 22:34:55,913 - INFO -      ✅ 500 resultados (eficiência: 0.30)
2026-09-25 22:34:56,913 - INFO -   🔎 Testando: "universidade federal"
2026-09-25 22:35:11,623 - INFO -      ✅ 500 resultados (eficiência: 0.30)
2026-09-25 22:35:14,624 - INFO - 
🔄 Iteração 2/3 para UFJ
2026-09-25 22:35:14,624 - INFO -   ⚠️ Sem novas queries para testar
2026-09-25 22:35:14,625 - INFO - 
📊 Métricas finais para UFJ:
2026-09-25 22:35:14,625 - INFO -    Total de queries testadas: 2
2026-09-25 22:35:14,625 - INFO -    Queries com sucesso: 0
2026-09-25 22:35:14,653 - INFO -    🔤 Filtrando 1000 repositórios por idioma (português)...
2026-09-25 22:35:16,866 - INFO -    ✅ Filtro de idioma: 884/1000 repositórios mantidos (88.4% em português)
2026-09-25 22:35:16,866 - INFO - ✅ UFJ: 884 repositórios em português
2026-09-25 22:35:16,866 - INFO -    Palavras-chave: github, ufj, content, dados, desenvolvido, universidade, federal, trabalho, campus, curso
2026-09-25 22:35:19,867 - INFO - 
============================================================
2026-09-25 22:35:19,867 - INFO - 🏛️  Processando UFCAT - Universidade Federal de Catalão
2026-09-25 22:35:19,867 - INFO - ============================================================
2026-09-25 22:35:19,867 - INFO - 
🔄 Iteração 1/3 para UFCAT
2026-09-25 22:35:19,867 - INFO -   🔎 Testando: "ufcat"
2026-09-25 22:35:21,781 - INFO -      ✅ 51 resultados (eficiência: 0.15)
2026-09-25 22:35:22,781 - INFO -   🔎 Testando: "universidade federal"
2026-09-25 22:35:37,423 - INFO -      ✅ 500 resultados (eficiência: 0.30)
2026-09-25 22:35:40,424 - INFO - 
🔄 Iteração 2/3 para UFCAT
2026-09-25 22:35:40,424 - INFO -   ⚠️ Sem novas queries para testar
2026-09-25 22:35:40,425 - INFO - 
📊 Métricas finais para UFCAT:
2026-09-25 22:35:40,425 - INFO -    Total de queries testadas: 2
2026-09-25 22:35:40,425 - INFO -    Queries com sucesso: 0
2026-09-25 22:35:40,452 - INFO -    🔤 Filtrando 549 repositórios por idioma (português)...
2026-09-25 22:35:41,535 - INFO -    ✅ Filtro de idioma: 537/549 repositórios mantidos (97.8% em português)
2026-09-25 22:35:41,535 - INFO - ✅ UFCAT: 537 repositórios em português
2026-09-25 22:35:41,535 - INFO -    Palavras-chave: sistema, desenvolvido, dados, sistemas, universidade, federal, trabalho, campus, curso, para
2026-09-25 22:35:41,537 - INFO - 
🔄 Realizando desduplicação global...
2026-09-25 22:35:41,668 - INFO - 
📊 Antes do filtro final: 32105 repositórios totais
2026-09-25 22:35:42,255 - INFO - 
======================================================================
2026-09-25 22:35:42,255 - INFO - ✅ PROCESSO CONCLUÍDO!
2026-09-25 22:35:42,255 - INFO - ======================================================================
2026-09-25 22:35:42,255 - INFO - 📁 Arquivo para frontend: repositorios_federais_filtrado_idioma.json
2026-09-25 22:35:42,255 - INFO - 📁 Arquivo para série histórica: repositorios_federais_20260925_184740.json
2026-09-25 22:35:42,255 - INFO - 📊 Total de instituições: 496
2026-09-25 22:35:42,255 - INFO - 📊 Total de repositórios em português: 32105
2026-09-25 22:35:42,255 - INFO - 📊 Redução do filtro: 0 repositórios removidos
2026-09-25 22:35:42,255 - INFO - 📊 Palavras-chave: palavras_chave_inteligentes_20260925_184740.json
2026-09-25 22:35:42,255 - INFO - ======================================================================
