2026-02-15 18:42:23,968 - INFO - ======================================================================
2026-02-15 18:42:23,968 - INFO - 🚀 INICIANDO BUSCA INTELIGENTE COM FEEDBACK LOOP
2026-02-15 18:42:23,968 - INFO - ======================================================================
2026-02-15 18:42:23,977 - INFO - 
📚 Processando Institutos Federais...
2026-02-15 18:42:23,978 - INFO - 
============================================================
2026-02-15 18:42:23,978 - INFO - 🏛️  Processando IFBA - Instituto Federal da Bahia
2026-02-15 18:42:23,978 - INFO - ============================================================
2026-02-15 18:42:23,978 - INFO - 
🔄 Iteração 1/3 para IFBA
2026-02-15 18:42:23,978 - INFO -   🔎 Testando: "ifba"
2026-02-15 18:42:39,039 - INFO -      ✅ 500 resultados (eficiência: 0.30)
2026-02-15 18:42:40,040 - INFO -   🔎 Testando: "instituto federal"
2026-02-15 18:42:57,426 - INFO -      ✅ 500 resultados (eficiência: 0.30)
2026-02-15 18:43:00,429 - INFO - 
🔄 Iteração 2/3 para IFBA
2026-02-15 18:43:00,430 - INFO -   ⚠️ Sem novas queries para testar
2026-02-15 18:43:00,431 - INFO - 
📊 Métricas finais para IFBA:
2026-02-15 18:43:00,432 - INFO -    Total de queries testadas: 2
2026-02-15 18:43:00,432 - INFO -    Queries com sucesso: 0
2026-02-15 18:43:00,832 - INFO - ✅ IFBA: 991 repositórios
2026-02-15 18:43:00,833 - INFO -    Palavras-chave: trabalho, instituto, desenvolvido, sistema, projeto, federal, curso, ifba, para, sistemas
2026-02-15 18:43:03,833 - INFO - 
============================================================
2026-02-15 18:43:03,833 - INFO - 🏛️  Processando IFB - Instituto Federal de Brasília
2026-02-15 18:43:03,833 - INFO - ============================================================
2026-02-15 18:43:03,833 - INFO - 
🔄 Iteração 1/3 para IFB
2026-02-15 18:43:03,833 - INFO -   🔎 Testando: "ifb"
2026-02-15 18:43:20,431 - INFO -      ✅ 500 resultados (eficiência: 0.30)
2026-02-15 18:43:21,433 - INFO -   🔎 Testando: "instituto federal"
2026-02-15 18:43:38,247 - INFO -      ✅ 500 resultados (eficiência: 0.30)
2026-02-15 18:43:41,249 - INFO - 
🔄 Iteração 2/3 para IFB
2026-02-15 18:43:41,251 - INFO -   ⚠️ Sem novas queries para testar
2026-02-15 18:43:41,253 - INFO - 
📊 Métricas finais para IFB:
2026-02-15 18:43:41,253 - INFO -    Total de queries testadas: 2
2026-02-15 18:43:41,254 - INFO -    Queries com sucesso: 0
2026-02-15 18:43:41,678 - INFO - ✅ IFB: 992 repositórios
2026-02-15 18:43:41,679 - INFO -    Palavras-chave: trabalho, instituto, firmware, projeto, federal, curso, ifba, para, sistemas, ifb
2026-02-15 18:43:44,683 - INFO - 
============================================================
2026-02-15 18:43:44,683 - INFO - 🏛️  Processando IFES - Instituto Federal do Espírito Santo
2026-02-15 18:43:44,683 - INFO - ============================================================
2026-02-15 18:43:44,683 - INFO - 
🔄 Iteração 1/3 para IFES
2026-02-15 18:43:44,684 - INFO -   🔎 Testando: "instituto federal"
2026-02-15 18:44:02,810 - INFO -      ✅ 500 resultados (eficiência: 0.30)
2026-02-15 18:44:03,811 - INFO -   🔎 Testando: "ifes"
2026-02-15 18:44:23,944 - INFO -      ✅ 500 resultados (eficiência: 0.30)
2026-02-15 18:44:26,947 - INFO - 
🔄 Iteração 2/3 para IFES
2026-02-15 18:44:26,947 - INFO -   ⚠️ Sem novas queries para testar
2026-02-15 18:44:26,948 - INFO - 
📊 Métricas finais para IFES:
2026-02-15 18:44:26,948 - INFO -    Total de queries testadas: 2
2026-02-15 18:44:26,948 - INFO -    Queries com sucesso: 0
2026-02-15 18:44:27,171 - INFO - ✅ IFES: 994 repositórios
2026-02-15 18:44:27,172 - INFO -    Palavras-chave: trabalho, instituto, ifes, projeto, federal, baidu, curso, para, sistemas, tecnologia
2026-02-15 18:44:30,175 - INFO - 
============================================================
2026-02-15 18:44:30,175 - INFO - 🏛️  Processando IFRN - Instituto Federal do Rio Grande do Norte
2026-02-15 18:44:30,175 - INFO - ============================================================
2026-02-15 18:44:30,175 - INFO - 
🔄 Iteração 1/3 para IFRN
2026-02-15 18:44:30,175 - INFO -   🔎 Testando: "instituto federal"
2026-02-15 18:44:48,081 - INFO -      ✅ 500 resultados (eficiência: 0.30)
2026-02-15 18:44:49,082 - INFO -   🔎 Testando: "ifrn"
2026-02-15 18:45:03,960 - INFO -      ✅ 500 resultados (eficiência: 0.30)
2026-02-15 18:45:06,963 - INFO - 
🔄 Iteração 2/3 para IFRN
2026-02-15 18:45:06,964 - INFO -   ⚠️ Sem novas queries para testar
2026-02-15 18:45:06,966 - INFO - 
📊 Métricas finais para IFRN:
2026-02-15 18:45:06,968 - INFO -    Total de queries testadas: 2
2026-02-15 18:45:06,968 - INFO -    Queries com sucesso: 0
2026-02-15 18:45:07,100 - INFO - ✅ IFRN: 999 repositórios
2026-02-15 18:45:07,100 - INFO -    Palavras-chave: trabalho, instituto, desenvolvido, sistema, ifrn, projeto, federal, curso, para, sistemas
2026-02-15 18:45:10,105 - INFO - 
============================================================
2026-02-15 18:45:10,105 - INFO - 🏛️  Processando IFRR - Instituto Federal de Roraima
2026-02-15 18:45:10,105 - INFO - ============================================================
2026-02-15 18:45:10,105 - INFO - 
🔄 Iteração 1/3 para IFRR
2026-02-15 18:45:10,105 - INFO -   🔎 Testando: "instituto federal"
2026-02-15 18:45:26,350 - INFO -      ✅ 500 resultados (eficiência: 0.30)
2026-02-15 18:45:27,351 - INFO -   🔎 Testando: "ifrr"
2026-02-15 18:45:28,975 - INFO -      ✅ 41 resultados (eficiência: 0.12)
2026-02-15 18:45:31,980 - INFO - 
🔄 Iteração 2/3 para IFRR
2026-02-15 18:45:31,980 - INFO -   ⚠️ Sem novas queries para testar
2026-02-15 18:45:31,981 - INFO - 
📊 Métricas finais para IFRR:
2026-02-15 18:45:31,981 - INFO -    Total de queries testadas: 2
2026-02-15 18:45:31,981 - INFO -    Queries com sucesso: 0
2026-02-15 18:45:32,099 - INFO - ✅ IFRR: 540 repositórios
2026-02-15 18:45:32,102 - INFO -    Palavras-chave: trabalho, instituto, desenvolvido, sistema, desenvolvimento, projeto, federal, curso, para, sistemas
2026-02-15 18:45:35,105 - INFO - 
============================================================
2026-02-15 18:45:35,105 - INFO - 🏛️  Processando IFMG - Instituto Federal de Minas Gerais
2026-02-15 18:45:35,105 - INFO - ============================================================
2026-02-15 18:45:35,105 - INFO - 
🔄 Iteração 1/3 para IFMG
2026-02-15 18:45:35,106 - INFO -   🔎 Testando: "instituto federal"
2026-02-15 18:45:49,522 - INFO -      ✅ 500 resultados (eficiência: 0.30)
2026-02-15 18:45:50,524 - INFO -   🔎 Testando: "ifmg"
2026-02-15 18:46:08,257 - INFO -      ✅ 500 resultados (eficiência: 0.30)
2026-02-15 18:46:11,261 - INFO - 
🔄 Iteração 2/3 para IFMG
2026-02-15 18:46:11,261 - INFO -   ⚠️ Sem novas queries para testar
2026-02-15 18:46:11,263 - INFO - 
📊 Métricas finais para IFMG:
2026-02-15 18:46:11,265 - INFO -    Total de queries testadas: 2
2026-02-15 18:46:11,265 - INFO -    Queries com sucesso: 0
2026-02-15 18:46:11,482 - INFO - ✅ IFMG: 976 repositórios
2026-02-15 18:46:11,482 - INFO -    Palavras-chave: trabalho, instituto, ifmg, sistema, site, projeto, federal, curso, para, sistemas
2026-02-15 18:46:14,486 - INFO - 
============================================================
2026-02-15 18:46:14,486 - INFO - 🏛️  Processando IFSUL - Instituto Federal Sul-rio-grandense
2026-02-15 18:46:14,486 - INFO - ============================================================
2026-02-15 18:46:14,487 - INFO - 
🔄 Iteração 1/3 para IFSUL
2026-02-15 18:46:14,487 - INFO -   🔎 Testando: "instituto federal"
2026-02-15 18:46:29,587 - INFO -      ✅ 500 resultados (eficiência: 0.30)
2026-02-15 18:46:30,588 - INFO -   🔎 Testando: "ifsul"
2026-02-15 18:46:46,653 - INFO -      ✅ 500 resultados (eficiência: 0.30)
2026-02-15 18:46:49,657 - INFO - 
🔄 Iteração 2/3 para IFSUL
2026-02-15 18:46:49,657 - INFO -   ⚠️ Sem novas queries para testar
2026-02-15 18:46:49,658 - INFO - 
📊 Métricas finais para IFSUL:
2026-02-15 18:46:49,658 - INFO -    Total de queries testadas: 2
2026-02-15 18:46:49,658 - INFO -    Queries com sucesso: 0
2026-02-15 18:46:49,786 - INFO - ✅ IFSUL: 995 repositórios
2026-02-15 18:46:49,787 - INFO -    Palavras-chave: trabalho, instituto, sistema, projeto, federal, curso, ifsul, para, sistemas, tecnologia
2026-02-15 18:46:52,789 - INFO - 
============================================================
2026-02-15 18:46:52,789 - INFO - 🏛️  Processando IFRJ - Instituto Federal do Rio de Janeiro
2026-02-15 18:46:52,789 - INFO - ============================================================
2026-02-15 18:46:52,789 - INFO - 
🔄 Iteração 1/3 para IFRJ
2026-02-15 18:46:52,790 - INFO -   🔎 Testando: "ifrj"
2026-02-15 18:47:04,640 - INFO -      ✅ 302 resultados (eficiência: 0.30)
2026-02-15 18:47:05,641 - INFO -   🔎 Testando: "instituto federal"
2026-02-15 18:47:19,838 - INFO -      ✅ 500 resultados (eficiência: 0.30)
2026-02-15 18:47:22,842 - INFO - 
🔄 Iteração 2/3 para IFRJ
2026-02-15 18:47:22,842 - INFO -   ⚠️ Sem novas queries para testar
2026-02-15 18:47:22,842 - INFO - 
📊 Métricas finais para IFRJ:
2026-02-15 18:47:22,843 - INFO -    Total de queries testadas: 2
2026-02-15 18:47:22,843 - INFO -    Queries com sucesso: 0
2026-02-15 18:47:22,952 - INFO - ✅ IFRJ: 801 repositórios
2026-02-15 18:47:22,954 - INFO -    Palavras-chave: trabalho, instituto, desenvolvido, sistema, projeto, ifrj, federal, curso, paulo, para
2026-02-15 18:47:25,969 - INFO - 
============================================================
2026-02-15 18:47:25,969 - INFO - 🏛️  Processando IFAL - Instituto Federal de Alagoas
2026-02-15 18:47:25,969 - INFO - ============================================================
2026-02-15 18:47:25,969 - INFO - 
🔄 Iteração 1/3 para IFAL
2026-02-15 18:47:25,970 - INFO -   🔎 Testando: "instituto federal"
2026-02-15 18:47:40,374 - INFO -      ✅ 500 resultados (eficiência: 0.30)
2026-02-15 18:47:41,375 - INFO -   🔎 Testando: "ifal"
2026-02-15 18:47:56,976 - INFO -      ✅ 500 resultados (eficiência: 0.30)
2026-02-15 18:47:59,979 - INFO - 
🔄 Iteração 2/3 para IFAL
2026-02-15 18:47:59,979 - INFO -   ⚠️ Sem novas queries para testar
2026-02-15 18:47:59,980 - INFO - 
📊 Métricas finais para IFAL:
2026-02-15 18:47:59,980 - INFO -    Total de queries testadas: 2
2026-02-15 18:47:59,980 - INFO -    Queries com sucesso: 0
2026-02-15 18:48:00,123 - INFO - ✅ IFAL: 992 repositórios
2026-02-15 18:48:00,129 - INFO -    Palavras-chave: trabalho, instituto, sistema, projeto, federal, github, curso, para, sistemas, tecnologia
2026-02-15 18:48:03,137 - INFO - 
============================================================
2026-02-15 18:48:03,137 - INFO - 🏛️  Processando IFMA - Instituto Federal do Maranhão
2026-02-15 18:48:03,137 - INFO - ============================================================
2026-02-15 18:48:03,137 - INFO - 
🔄 Iteração 1/3 para IFMA
2026-02-15 18:48:03,137 - INFO -   🔎 Testando: "ifma"
2026-02-15 18:48:20,611 - INFO -      ✅ 500 resultados (eficiência: 0.30)
2026-02-15 18:48:21,613 - INFO -   🔎 Testando: "instituto federal"
2026-02-15 18:48:36,164 - INFO -      ✅ 500 resultados (eficiência: 0.30)
2026-02-15 18:48:39,165 - INFO - 
🔄 Iteração 2/3 para IFMA
2026-02-15 18:48:39,166 - INFO -   ⚠️ Sem novas queries para testar
2026-02-15 18:48:39,167 - INFO - 
📊 Métricas finais para IFMA:
2026-02-15 18:48:39,167 - INFO -    Total de queries testadas: 2
2026-02-15 18:48:39,168 - INFO -    Queries com sucesso: 0
2026-02-15 18:48:39,378 - INFO - ✅ IFMA: 999 repositórios
2026-02-15 18:48:39,379 - INFO -    Palavras-chave: trabalho, instituto, desenvolvido, ifma, sistema, projeto, federal, curso, para, sistemas
2026-02-15 18:48:42,381 - INFO - 
============================================================
2026-02-15 18:48:42,382 - INFO - 🏛️  Processando IFPE - Instituto Federal de Pernambuco
2026-02-15 18:48:42,382 - INFO - ============================================================
2026-02-15 18:48:42,382 - INFO - 
🔄 Iteração 1/3 para IFPE
2026-02-15 18:48:42,382 - INFO -   🔎 Testando: "instituto federal"
2026-02-15 18:48:59,192 - INFO -      ✅ 500 resultados (eficiência: 0.30)
2026-02-15 18:49:00,198 - INFO -   🔎 Testando: "ifpe"
2026-02-15 18:49:19,568 - INFO -      ✅ 500 resultados (eficiência: 0.30)
2026-02-15 18:49:22,572 - INFO - 
🔄 Iteração 2/3 para IFPE
2026-02-15 18:49:22,572 - INFO -   ⚠️ Sem novas queries para testar
2026-02-15 18:49:22,572 - INFO - 
📊 Métricas finais para IFPE:
2026-02-15 18:49:22,573 - INFO -    Total de queries testadas: 2
2026-02-15 18:49:22,573 - INFO -    Queries com sucesso: 0
2026-02-15 18:49:22,745 - INFO - ✅ IFPE: 997 repositórios
2026-02-15 18:49:22,752 - INFO -    Palavras-chave: trabalho, instituto, desenvolvido, sistema, projeto, ifpe, federal, curso, para, sistemas
2026-02-15 18:49:25,753 - INFO - 
============================================================
2026-02-15 18:49:25,753 - INFO - 🏛️  Processando IFPI - Instituto Federal do Piauí
2026-02-15 18:49:25,753 - INFO - ============================================================
2026-02-15 18:49:25,753 - INFO - 
🔄 Iteração 1/3 para IFPI
2026-02-15 18:49:25,754 - INFO -   🔎 Testando: "ifpi"
2026-02-15 18:49:44,479 - INFO -      ✅ 500 resultados (eficiência: 0.30)
2026-02-15 18:49:45,480 - INFO -   🔎 Testando: "instituto federal"
2026-02-15 18:50:02,984 - INFO -      ✅ 500 resultados (eficiência: 0.30)
2026-02-15 18:50:05,987 - INFO - 
🔄 Iteração 2/3 para IFPI
2026-02-15 18:50:05,987 - INFO -   ⚠️ Sem novas queries para testar
2026-02-15 18:50:05,988 - INFO - 
📊 Métricas finais para IFPI:
2026-02-15 18:50:05,988 - INFO -    Total de queries testadas: 2
2026-02-15 18:50:05,988 - INFO -    Queries com sucesso: 0
2026-02-15 18:50:06,164 - INFO - ✅ IFPI: 992 repositórios
2026-02-15 18:50:06,164 - INFO -    Palavras-chave: trabalho, instituto, desenvolvido, sistema, projeto, federal, curso, para, sistemas, tecnologia
2026-02-15 18:50:09,165 - INFO - 
============================================================
2026-02-15 18:50:09,165 - INFO - 🏛️  Processando IFRO - Instituto Federal de Rondônia
2026-02-15 18:50:09,165 - INFO - ============================================================
2026-02-15 18:50:09,165 - INFO - 
🔄 Iteração 1/3 para IFRO
2026-02-15 18:50:09,166 - INFO -   🔎 Testando: "instituto federal"
2026-02-15 18:50:24,773 - INFO -      ✅ 500 resultados (eficiência: 0.30)
2026-02-15 18:50:25,775 - INFO -   🔎 Testando: "ifro"
2026-02-15 18:50:44,457 - INFO -      ✅ 500 resultados (eficiência: 0.30)
2026-02-15 18:50:47,460 - INFO - 
🔄 Iteração 2/3 para IFRO
2026-02-15 18:50:47,461 - INFO -   ⚠️ Sem novas queries para testar
2026-02-15 18:50:47,463 - INFO - 
📊 Métricas finais para IFRO:
2026-02-15 18:50:47,465 - INFO -    Total de queries testadas: 2
2026-02-15 18:50:47,466 - INFO -    Queries com sucesso: 0
2026-02-15 18:50:47,743 - INFO - ✅ IFRO: 996 repositórios
2026-02-15 18:50:47,743 - INFO -    Palavras-chave: trabalho, instituto, desenvolvido, sistema, ifro, projeto, federal, curso, para, sistemas
2026-02-15 18:50:50,747 - INFO - 
============================================================
2026-02-15 18:50:50,747 - INFO - 🏛️  Processando IFPB - Instituto Federal da Paraíba
2026-02-15 18:50:50,747 - INFO - ============================================================
2026-02-15 18:50:50,747 - INFO - 
🔄 Iteração 1/3 para IFPB
2026-02-15 18:50:50,747 - INFO -   🔎 Testando: "instituto federal"
2026-02-15 18:51:06,232 - INFO -      ✅ 500 resultados (eficiência: 0.30)
2026-02-15 18:51:07,233 - INFO -   🔎 Testando: "ifpb"
2026-02-15 18:51:29,586 - INFO -      ✅ 500 resultados (eficiência: 0.30)
2026-02-15 18:51:32,589 - INFO - 
🔄 Iteração 2/3 para IFPB
2026-02-15 18:51:32,589 - INFO -   ⚠️ Sem novas queries para testar
2026-02-15 18:51:32,590 - INFO - 
📊 Métricas finais para IFPB:
2026-02-15 18:51:32,590 - INFO -    Total de queries testadas: 2
2026-02-15 18:51:32,590 - INFO -    Queries com sucesso: 0
2026-02-15 18:51:32,879 - INFO - ✅ IFPB: 994 repositórios
2026-02-15 18:51:32,885 - INFO -    Palavras-chave: trabalho, instituto, sistema, projeto, dados, federal, curso, para, sistemas, tecnologia
2026-02-15 18:51:35,889 - INFO - 
============================================================
2026-02-15 18:51:35,889 - INFO - 🏛️  Processando IFPA - Instituto Federal do Pará
2026-02-15 18:51:35,889 - INFO - ============================================================
2026-02-15 18:51:35,889 - INFO - 
🔄 Iteração 1/3 para IFPA
2026-02-15 18:51:35,890 - INFO -   🔎 Testando: "instituto federal"
2026-02-15 18:51:50,884 - INFO -      ✅ 500 resultados (eficiência: 0.30)
2026-02-15 18:51:51,885 - INFO -   🔎 Testando: "ifpa"
2026-02-15 18:52:02,737 - INFO -      ✅ 364 resultados (eficiência: 0.30)
2026-02-15 18:52:05,740 - INFO - 
🔄 Iteração 2/3 para IFPA
2026-02-15 18:52:05,740 - INFO -   ⚠️ Sem novas queries para testar
2026-02-15 18:52:05,740 - INFO - 
📊 Métricas finais para IFPA:
2026-02-15 18:52:05,740 - INFO -    Total de queries testadas: 2
2026-02-15 18:52:05,741 - INFO -    Queries com sucesso: 0
2026-02-15 18:52:05,848 - INFO - ✅ IFPA: 862 repositórios
2026-02-15 18:52:05,848 - INFO -    Palavras-chave: trabalho, instituto, sistema, site, projeto, ifpa, federal, curso, para, sistemas
2026-02-15 18:52:08,849 - INFO - 
============================================================
2026-02-15 18:52:08,849 - INFO - 🏛️  Processando IFCE - Instituto Federal do Ceará
2026-02-15 18:52:08,849 - INFO - ============================================================
2026-02-15 18:52:08,849 - INFO - 
🔄 Iteração 1/3 para IFCE
2026-02-15 18:52:08,849 - INFO -   🔎 Testando: "ifce"
2026-02-15 18:52:25,225 - INFO -      ✅ 500 resultados (eficiência: 0.30)
2026-02-15 18:52:26,227 - INFO -   🔎 Testando: "instituto federal"
2026-02-15 18:52:40,702 - INFO -      ✅ 500 resultados (eficiência: 0.30)
2026-02-15 18:52:43,705 - INFO - 
🔄 Iteração 2/3 para IFCE
2026-02-15 18:52:43,705 - INFO -   ⚠️ Sem novas queries para testar
2026-02-15 18:52:43,706 - INFO - 
📊 Métricas finais para IFCE:
2026-02-15 18:52:43,706 - INFO -    Total de queries testadas: 2
2026-02-15 18:52:43,706 - INFO -    Queries com sucesso: 0
2026-02-15 18:52:43,933 - INFO - ✅ IFCE: 994 repositórios
2026-02-15 18:52:43,933 - INFO -    Palavras-chave: trabalho, instituto, desenvolvido, sistema, ifce, projeto, federal, curso, para, sistemas
2026-02-15 18:52:46,936 - INFO - 
============================================================
2026-02-15 18:52:46,936 - INFO - 🏛️  Processando IFPR - Instituto Federal do Paraná
2026-02-15 18:52:46,936 - INFO - ============================================================
2026-02-15 18:52:46,936 - INFO - 
🔄 Iteração 1/3 para IFPR
2026-02-15 18:52:46,936 - INFO -   🔎 Testando: "instituto federal"
2026-02-15 18:53:02,356 - INFO -      ✅ 500 resultados (eficiência: 0.30)
2026-02-15 18:53:03,357 - INFO -   🔎 Testando: "ifpr"
2026-02-15 18:53:22,742 - INFO -      ✅ 500 resultados (eficiência: 0.30)
2026-02-15 18:53:25,745 - INFO - 
🔄 Iteração 2/3 para IFPR
2026-02-15 18:53:25,746 - INFO -   ⚠️ Sem novas queries para testar
2026-02-15 18:53:25,747 - INFO - 
📊 Métricas finais para IFPR:
2026-02-15 18:53:25,747 - INFO -    Total de queries testadas: 2
2026-02-15 18:53:25,747 - INFO -    Queries com sucesso: 0
2026-02-15 18:53:26,038 - INFO - ✅ IFPR: 998 repositórios
2026-02-15 18:53:26,038 - INFO -    Palavras-chave: trabalho, instituto, sistema, projeto, federal, ifpr, curso, para, sistemas, tecnologia
2026-02-15 18:53:29,041 - INFO - 
============================================================
2026-02-15 18:53:29,041 - INFO - 🏛️  Processando IFSP - Instituto Federal de São Paulo
2026-02-15 18:53:29,041 - INFO - ============================================================
2026-02-15 18:53:29,041 - INFO - 
🔄 Iteração 1/3 para IFSP
2026-02-15 18:53:29,042 - INFO -   🔎 Testando: "ifsp"
2026-02-15 18:53:46,510 - INFO -      ✅ 500 resultados (eficiência: 0.30)
2026-02-15 18:53:47,511 - INFO -   🔎 Testando: "instituto federal"
2026-02-15 18:54:01,570 - INFO -      ✅ 500 resultados (eficiência: 0.30)
2026-02-15 18:54:04,573 - INFO - 
🔄 Iteração 2/3 para IFSP
2026-02-15 18:54:04,573 - INFO -   ⚠️ Sem novas queries para testar
2026-02-15 18:54:04,574 - INFO - 
📊 Métricas finais para IFSP:
2026-02-15 18:54:04,574 - INFO -    Total de queries testadas: 2
2026-02-15 18:54:04,575 - INFO -    Queries com sucesso: 0
2026-02-15 18:54:04,763 - INFO - ✅ IFSP: 977 repositórios
2026-02-15 18:54:04,776 - INFO -    Palavras-chave: trabalho, instituto, desenvolvido, sistema, ifsp, projeto, federal, curso, para, sistemas
2026-02-15 18:54:07,780 - INFO - 
============================================================
2026-02-15 18:54:07,781 - INFO - 🏛️  Processando IFSC - Instituto Federal de Santa Catarina
2026-02-15 18:54:07,781 - INFO - ============================================================
2026-02-15 18:54:07,781 - INFO - 
🔄 Iteração 1/3 para IFSC
2026-02-15 18:54:07,781 - INFO -   🔎 Testando: "instituto federal"
2026-02-15 18:54:22,920 - INFO -      ✅ 500 resultados (eficiência: 0.30)
2026-02-15 18:54:23,921 - INFO -   🔎 Testando: "ifsc"
2026-02-15 18:54:43,342 - INFO -      ✅ 500 resultados (eficiência: 0.30)
2026-02-15 18:54:46,346 - INFO - 
🔄 Iteração 2/3 para IFSC
2026-02-15 18:54:46,347 - INFO -   ⚠️ Sem novas queries para testar
2026-02-15 18:54:46,348 - INFO - 
📊 Métricas finais para IFSC:
2026-02-15 18:54:46,348 - INFO -    Total de queries testadas: 2
2026-02-15 18:54:46,349 - INFO -    Queries com sucesso: 0
2026-02-15 18:54:46,582 - INFO - ✅ IFSC: 989 repositórios
2026-02-15 18:54:46,584 - INFO -    Palavras-chave: trabalho, instituto, sistema, projeto, federal, curso, para, sistemas, code, campus
2026-02-15 18:54:49,589 - INFO - 
============================================================
2026-02-15 18:54:49,589 - INFO - 🏛️  Processando IFTM - Instituto Federal do Triângulo Mineiro
2026-02-15 18:54:49,589 - INFO - ============================================================
2026-02-15 18:54:49,589 - INFO - 
🔄 Iteração 1/3 para IFTM
2026-02-15 18:54:49,589 - INFO -   🔎 Testando: "iftm"
2026-02-15 18:55:09,354 - INFO -      ✅ 500 resultados (eficiência: 0.30)
2026-02-15 18:55:10,355 - INFO -   🔎 Testando: "instituto federal"
2026-02-15 18:55:26,400 - INFO -      ✅ 500 resultados (eficiência: 0.30)
2026-02-15 18:55:29,403 - INFO - 
🔄 Iteração 2/3 para IFTM
2026-02-15 18:55:29,404 - INFO -   ⚠️ Sem novas queries para testar
2026-02-15 18:55:29,406 - INFO - 
📊 Métricas finais para IFTM:
2026-02-15 18:55:29,406 - INFO -    Total de queries testadas: 2
2026-02-15 18:55:29,407 - INFO -    Queries com sucesso: 0
2026-02-15 18:55:29,621 - INFO - ✅ IFTM: 996 repositórios
2026-02-15 18:55:29,621 - INFO -    Palavras-chave: trabalho, instituto, desenvolvido, sistema, projeto, federal, iftm, curso, para, sistemas
2026-02-15 18:55:32,626 - INFO - 
============================================================
2026-02-15 18:55:32,626 - INFO - 🏛️  Processando IFNMG - Instituto Federal do Norte de Minas Gerais
2026-02-15 18:55:32,628 - INFO - ============================================================
2026-02-15 18:55:32,628 - INFO - 
🔄 Iteração 1/3 para IFNMG
2026-02-15 18:55:32,628 - INFO -   🔎 Testando: "instituto federal"
2026-02-15 18:55:46,816 - INFO -      ✅ 500 resultados (eficiência: 0.30)
2026-02-15 18:55:47,818 - INFO -   🔎 Testando: "ifnmg"
2026-02-15 18:56:02,114 - INFO -      ✅ 418 resultados (eficiência: 0.30)
2026-02-15 18:56:05,117 - INFO - 
🔄 Iteração 2/3 para IFNMG
2026-02-15 18:56:05,118 - INFO -   ⚠️ Sem novas queries para testar
2026-02-15 18:56:05,119 - INFO - 
📊 Métricas finais para IFNMG:
2026-02-15 18:56:05,119 - INFO -    Total de queries testadas: 2
2026-02-15 18:56:05,119 - INFO -    Queries com sucesso: 0
2026-02-15 18:56:05,324 - INFO - ✅ IFNMG: 913 repositórios
2026-02-15 18:56:05,326 - INFO -    Palavras-chave: trabalho, instituto, desenvolvido, sistema, projeto, ifnmg, federal, curso, para, sistemas
2026-02-15 18:56:08,329 - INFO - 
============================================================
2026-02-15 18:56:08,329 - INFO - 🏛️  Processando IFSULDEMINAS - Instituto Federal do Sul de Minas Gerais
2026-02-15 18:56:08,329 - INFO - ============================================================
2026-02-15 18:56:08,330 - INFO - 
🔄 Iteração 1/3 para IFSULDEMINAS
2026-02-15 18:56:08,330 - INFO -   🔎 Testando: "instituto federal"
2026-02-15 18:56:22,815 - INFO -      ✅ 500 resultados (eficiência: 0.30)
2026-02-15 18:56:23,816 - INFO -   🔎 Testando: "ifsuldeminas"
2026-02-15 18:56:33,277 - INFO -      ✅ 231 resultados (eficiência: 0.30)
2026-02-15 18:56:36,280 - INFO - 
🔄 Iteração 2/3 para IFSULDEMINAS
2026-02-15 18:56:36,280 - INFO -   ⚠️ Sem novas queries para testar
2026-02-15 18:56:36,282 - INFO - 
📊 Métricas finais para IFSULDEMINAS:
2026-02-15 18:56:36,282 - INFO -    Total de queries testadas: 2
2026-02-15 18:56:36,282 - INFO -    Queries com sucesso: 0
2026-02-15 18:56:36,455 - INFO - ✅ IFSULDEMINAS: 731 repositórios
2026-02-15 18:56:36,458 - INFO -    Palavras-chave: trabalho, instituto, ifsuldeminas, desenvolvido, sistema, projeto, federal, curso, para, sistemas
2026-02-15 18:56:39,463 - INFO - 
============================================================
2026-02-15 18:56:39,463 - INFO - 🏛️  Processando IFGoiano - Instituto Federal Goiano
2026-02-15 18:56:39,463 - INFO - ============================================================
2026-02-15 18:56:39,463 - INFO - 
🔄 Iteração 1/3 para IFGoiano
2026-02-15 18:56:39,463 - INFO -   🔎 Testando: "instituto federal"
2026-02-15 18:56:53,471 - INFO -      ✅ 500 resultados (eficiência: 0.30)
2026-02-15 18:56:54,472 - INFO -   🔎 Testando: "ifgoiano"
2026-02-15 18:56:56,957 - INFO -      ✅ 90 resultados (eficiência: 0.27)
2026-02-15 18:56:59,961 - INFO - 
🔄 Iteração 2/3 para IFGoiano
2026-02-15 18:56:59,962 - INFO -   ⚠️ Sem novas queries para testar
2026-02-15 18:56:59,963 - INFO - 
📊 Métricas finais para IFGoiano:
2026-02-15 18:56:59,963 - INFO -    Total de queries testadas: 2
2026-02-15 18:56:59,963 - INFO -    Queries com sucesso: 0
2026-02-15 18:57:00,149 - INFO - ✅ IFGoiano: 588 repositórios
2026-02-15 18:57:00,150 - INFO -    Palavras-chave: trabalho, instituto, sistema, projeto, federal, curso, para, sistemas, ifgoiano, campus
2026-02-15 18:57:03,153 - INFO - 
============================================================
2026-02-15 18:57:03,153 - INFO - 🏛️  Processando IFG - Instituto Federal de Goiás
2026-02-15 18:57:03,153 - INFO - ============================================================
2026-02-15 18:57:03,153 - INFO - 
🔄 Iteração 1/3 para IFG
2026-02-15 18:57:03,154 - INFO -   🔎 Testando: "ifg"
2026-02-15 18:57:23,339 - INFO -      ✅ 500 resultados (eficiência: 0.30)
2026-02-15 18:57:24,339 - INFO -   🔎 Testando: "instituto federal"
2026-02-15 18:57:38,287 - INFO -      ✅ 500 resultados (eficiência: 0.30)
2026-02-15 18:57:41,289 - INFO - 
🔄 Iteração 2/3 para IFG
2026-02-15 18:57:41,289 - INFO -   ⚠️ Sem novas queries para testar
2026-02-15 18:57:41,290 - INFO - 
📊 Métricas finais para IFG:
2026-02-15 18:57:41,290 - INFO -    Total de queries testadas: 2
2026-02-15 18:57:41,290 - INFO -    Queries com sucesso: 0
2026-02-15 18:57:41,480 - INFO - ✅ IFG: 995 repositórios
2026-02-15 18:57:41,480 - INFO -    Palavras-chave: trabalho, instituto, desenvolvido, sistema, projeto, ifg, federal, curso, para, sistemas
2026-02-15 18:57:44,482 - INFO - 
============================================================
2026-02-15 18:57:44,482 - INFO - 🏛️  Processando IFSEMG - Instituto Federal do Sudeste de Minas Gerais
2026-02-15 18:57:44,482 - INFO - ============================================================
2026-02-15 18:57:44,482 - INFO - 
🔄 Iteração 1/3 para IFSEMG
2026-02-15 18:57:44,483 - INFO -   🔎 Testando: "instituto federal"
2026-02-15 18:57:58,576 - INFO -      ✅ 500 resultados (eficiência: 0.30)
2026-02-15 18:57:59,577 - INFO -   🔎 Testando: "ifsemg"
2026-02-15 18:58:00,704 - INFO -      ✅ 24 resultados (eficiência: 0.07)
2026-02-15 18:58:03,705 - INFO - 
🔄 Iteração 2/3 para IFSEMG
2026-02-15 18:58:03,705 - INFO -   ⚠️ Sem novas queries para testar
2026-02-15 18:58:03,706 - INFO - 
📊 Métricas finais para IFSEMG:
2026-02-15 18:58:03,706 - INFO -    Total de queries testadas: 2
2026-02-15 18:58:03,707 - INFO -    Queries com sucesso: 0
2026-02-15 18:58:03,820 - INFO - ✅ IFSEMG: 523 repositórios
2026-02-15 18:58:03,820 - INFO -    Palavras-chave: trabalho, instituto, desenvolvido, sistema, projeto, federal, curso, para, sistemas, tecnologia
2026-02-15 18:58:06,822 - INFO - 
============================================================
2026-02-15 18:58:06,822 - INFO - 🏛️  Processando IFMS - Instituto Federal de Mato Grosso do Sul
2026-02-15 18:58:06,822 - INFO - ============================================================
2026-02-15 18:58:06,822 - INFO - 
🔄 Iteração 1/3 para IFMS
2026-02-15 18:58:06,822 - INFO -   🔎 Testando: "ifms"
2026-02-15 18:58:25,669 - INFO -      ✅ 500 resultados (eficiência: 0.30)
2026-02-15 18:58:26,671 - INFO -   🔎 Testando: "instituto federal"
2026-02-15 18:58:41,792 - INFO -      ✅ 500 resultados (eficiência: 0.30)
2026-02-15 18:58:44,795 - INFO - 
🔄 Iteração 2/3 para IFMS
2026-02-15 18:58:44,795 - INFO -   ⚠️ Sem novas queries para testar
2026-02-15 18:58:44,796 - INFO - 
📊 Métricas finais para IFMS:
2026-02-15 18:58:44,796 - INFO -    Total de queries testadas: 2
2026-02-15 18:58:44,796 - INFO -    Queries com sucesso: 0
2026-02-15 18:58:44,955 - INFO - ✅ IFMS: 993 repositórios
2026-02-15 18:58:44,956 - INFO -    Palavras-chave: trabalho, instituto, sistema, projeto, ifms, federal, curso, para, sistemas, tecnologia
2026-02-15 18:58:47,957 - INFO - 
============================================================
2026-02-15 18:58:47,957 - INFO - 🏛️  Processando IFAP - Instituto Federal do Amapá
2026-02-15 18:58:47,957 - INFO - ============================================================
2026-02-15 18:58:47,958 - INFO - 
🔄 Iteração 1/3 para IFAP
2026-02-15 18:58:47,958 - INFO -   🔎 Testando: "ifap"
2026-02-15 18:58:52,234 - INFO -      ✅ 139 resultados (eficiência: 0.30)
2026-02-15 18:58:53,235 - INFO -   🔎 Testando: "instituto federal"
2026-02-15 18:59:08,079 - INFO -      ✅ 500 resultados (eficiência: 0.30)
2026-02-15 18:59:11,082 - INFO - 
🔄 Iteração 2/3 para IFAP
2026-02-15 18:59:11,082 - INFO -   ⚠️ Sem novas queries para testar
2026-02-15 18:59:11,083 - INFO - 
📊 Métricas finais para IFAP:
2026-02-15 18:59:11,083 - INFO -    Total de queries testadas: 2
2026-02-15 18:59:11,083 - INFO -    Queries com sucesso: 0
2026-02-15 18:59:11,243 - INFO - ✅ IFAP: 639 repositórios
2026-02-15 18:59:11,245 - INFO -    Palavras-chave: trabalho, instituto, sistema, projeto, federal, curso, ifap, para, sistemas, tecnologia
2026-02-15 18:59:14,249 - INFO - 
============================================================
2026-02-15 18:59:14,249 - INFO - 🏛️  Processando IFAM - Instituto Federal do Amazonas
2026-02-15 18:59:14,249 - INFO - ============================================================
2026-02-15 18:59:14,249 - INFO - 
🔄 Iteração 1/3 para IFAM
2026-02-15 18:59:14,249 - INFO -   🔎 Testando: "ifam"
2026-02-15 18:59:28,050 - INFO -      ✅ 481 resultados (eficiência: 0.30)
2026-02-15 18:59:29,051 - INFO -   🔎 Testando: "instituto federal"
2026-02-15 18:59:45,711 - INFO -      ✅ 500 resultados (eficiência: 0.30)
2026-02-15 18:59:48,713 - INFO - 
🔄 Iteração 2/3 para IFAM
2026-02-15 18:59:48,713 - INFO -   ⚠️ Sem novas queries para testar
2026-02-15 18:59:48,714 - INFO - 
📊 Métricas finais para IFAM:
2026-02-15 18:59:48,714 - INFO -    Total de queries testadas: 2
2026-02-15 18:59:48,714 - INFO -    Queries com sucesso: 0
2026-02-15 18:59:48,857 - INFO - ✅ IFAM: 980 repositórios
2026-02-15 18:59:48,858 - INFO -    Palavras-chave: trabalho, instituto, desenvolvido, sistema, ifam, projeto, federal, curso, para, sistemas
2026-02-15 18:59:51,861 - INFO - 
============================================================
2026-02-15 18:59:51,861 - INFO - 🏛️  Processando IFMT - Instituto Federal de Mato Grosso
2026-02-15 18:59:51,861 - INFO - ============================================================
2026-02-15 18:59:51,862 - INFO - 
🔄 Iteração 1/3 para IFMT
2026-02-15 18:59:51,862 - INFO -   🔎 Testando: "instituto federal"
2026-02-15 19:00:08,978 - INFO -      ✅ 500 resultados (eficiência: 0.30)
2026-02-15 19:00:09,980 - INFO -   🔎 Testando: "ifmt"
2026-02-15 19:00:27,075 - INFO -      ✅ 452 resultados (eficiência: 0.30)
2026-02-15 19:00:30,077 - INFO - 
🔄 Iteração 2/3 para IFMT
2026-02-15 19:00:30,077 - INFO -   ⚠️ Sem novas queries para testar
2026-02-15 19:00:30,078 - INFO - 
📊 Métricas finais para IFMT:
2026-02-15 19:00:30,078 - INFO -    Total de queries testadas: 2
2026-02-15 19:00:30,078 - INFO -    Queries com sucesso: 0
2026-02-15 19:00:30,443 - INFO - ✅ IFMT: 952 repositórios
2026-02-15 19:00:30,444 - INFO -    Palavras-chave: trabalho, instituto, desenvolvido, sistema, projeto, federal, curso, para, sistemas, tecnologia
2026-02-15 19:00:33,448 - INFO - 
============================================================
2026-02-15 19:00:33,448 - INFO - 🏛️  Processando IFTO - Instituto Federal do Tocantins
2026-02-15 19:00:33,448 - INFO - ============================================================
2026-02-15 19:00:33,448 - INFO - 
🔄 Iteração 1/3 para IFTO
2026-02-15 19:00:33,448 - INFO -   🔎 Testando: "ifto"
2026-02-15 19:00:49,019 - INFO -      ✅ 500 resultados (eficiência: 0.30)
2026-02-15 19:00:50,020 - INFO -   🔎 Testando: "instituto federal"
2026-02-15 19:01:04,697 - INFO -      ✅ 500 resultados (eficiência: 0.30)
2026-02-15 19:01:07,701 - INFO - 
🔄 Iteração 2/3 para IFTO
2026-02-15 19:01:07,701 - INFO -   ⚠️ Sem novas queries para testar
2026-02-15 19:01:07,702 - INFO - 
📊 Métricas finais para IFTO:
2026-02-15 19:01:07,702 - INFO -    Total de queries testadas: 2
2026-02-15 19:01:07,702 - INFO -    Queries com sucesso: 0
2026-02-15 19:01:07,846 - INFO - ✅ IFTO: 999 repositórios
2026-02-15 19:01:07,847 - INFO -    Palavras-chave: trabalho, instituto, sistema, ifto, projeto, federal, curso, iftop, para, sistemas
2026-02-15 19:01:10,851 - INFO - 
============================================================
2026-02-15 19:01:10,851 - INFO - 🏛️  Processando IFAC - Instituto Federal do Acre
2026-02-15 19:01:10,851 - INFO - ============================================================
2026-02-15 19:01:10,851 - INFO - 
🔄 Iteração 1/3 para IFAC
2026-02-15 19:01:10,851 - INFO -   🔎 Testando: "instituto federal"
2026-02-15 19:01:25,555 - INFO -      ✅ 500 resultados (eficiência: 0.30)
2026-02-15 19:01:26,556 - INFO -   🔎 Testando: "ifac"
2026-02-15 19:01:44,000 - INFO -      ✅ 500 resultados (eficiência: 0.30)
2026-02-15 19:01:47,003 - INFO - 
🔄 Iteração 2/3 para IFAC
2026-02-15 19:01:47,003 - INFO -   ⚠️ Sem novas queries para testar
2026-02-15 19:01:47,004 - INFO - 
📊 Métricas finais para IFAC:
2026-02-15 19:01:47,004 - INFO -    Total de queries testadas: 2
2026-02-15 19:01:47,004 - INFO -    Queries com sucesso: 0
2026-02-15 19:01:47,179 - INFO - ✅ IFAC: 1000 repositórios
2026-02-15 19:01:47,179 - INFO -    Palavras-chave: trabalho, instituto, sistema, projeto, ifactory, federal, curso, ifac, para, sistemas
2026-02-15 19:01:50,181 - INFO - 
============================================================
2026-02-15 19:01:50,181 - INFO - 🏛️  Processando IFFar - Instituto Federal Farroupilha
2026-02-15 19:01:50,181 - INFO - ============================================================
2026-02-15 19:01:50,182 - INFO - 
🔄 Iteração 1/3 para IFFar
2026-02-15 19:01:50,182 - INFO -   🔎 Testando: "instituto federal"
2026-02-15 19:02:06,157 - INFO -      ✅ 500 resultados (eficiência: 0.30)
2026-02-15 19:02:07,159 - INFO -   🔎 Testando: "iffar"
2026-02-15 19:02:12,216 - INFO -      ✅ 150 resultados (eficiência: 0.30)
2026-02-15 19:02:15,219 - INFO - 
🔄 Iteração 2/3 para IFFar
2026-02-15 19:02:15,219 - INFO -   ⚠️ Sem novas queries para testar
2026-02-15 19:02:15,220 - INFO - 
📊 Métricas finais para IFFar:
2026-02-15 19:02:15,220 - INFO -    Total de queries testadas: 2
2026-02-15 19:02:15,220 - INFO -    Queries com sucesso: 0
2026-02-15 19:02:15,421 - INFO - ✅ IFFar: 648 repositórios
2026-02-15 19:02:15,422 - INFO -    Palavras-chave: iffar, instituto, trabalho, desenvolvido, sistema, projeto, federal, curso, para, sistemas
2026-02-15 19:02:18,425 - INFO - 
============================================================
2026-02-15 19:02:18,425 - INFO - 🏛️  Processando IFS - Instituto Federal de Sergipe
2026-02-15 19:02:18,425 - INFO - ============================================================
2026-02-15 19:02:18,425 - INFO - 
🔄 Iteração 1/3 para IFS
2026-02-15 19:02:18,426 - INFO -   🔎 Testando: "ifs"
2026-02-15 19:02:35,956 - INFO -      ✅ 500 resultados (eficiência: 0.30)
2026-02-15 19:02:36,957 - INFO -   🔎 Testando: "instituto federal"
2026-02-15 19:03:13,210 - ERROR -       ❌ Erro: HTTPSConnectionPool(host='api.github.com', port=443): Read timed out. (read timeout=30)
2026-02-15 19:03:13,211 - INFO -      ✅ 200 resultados (eficiência: 0.30)
2026-02-15 19:03:16,213 - INFO - 
🔄 Iteração 2/3 para IFS
2026-02-15 19:03:16,213 - INFO -   ⚠️ Sem novas queries para testar
2026-02-15 19:03:16,214 - INFO - 
📊 Métricas finais para IFS:
2026-02-15 19:03:16,214 - INFO -    Total de queries testadas: 2
2026-02-15 19:03:16,214 - INFO -    Queries com sucesso: 0
2026-02-15 19:03:16,542 - INFO - ✅ IFS: 690 repositórios
2026-02-15 19:03:16,544 - INFO -    Palavras-chave: instituto, echo, ifsp, ifs, data, projeto, federal, curso, yellow, then
2026-02-15 19:03:19,549 - INFO - 
============================================================
2026-02-15 19:03:19,549 - INFO - 🏛️  Processando IFRS - Instituto Federal do Rio Grande do Sul
2026-02-15 19:03:19,549 - INFO - ============================================================
2026-02-15 19:03:19,549 - INFO - 
🔄 Iteração 1/3 para IFRS
2026-02-15 19:03:19,549 - INFO -   🔎 Testando: "ifrs"
2026-02-15 19:03:35,222 - INFO -      ✅ 500 resultados (eficiência: 0.30)
2026-02-15 19:03:36,223 - INFO -   🔎 Testando: "instituto federal"
2026-02-15 19:03:50,124 - INFO -      ✅ 500 resultados (eficiência: 0.30)
2026-02-15 19:03:53,127 - INFO - 
🔄 Iteração 2/3 para IFRS
2026-02-15 19:03:53,135 - INFO -   ⚠️ Sem novas queries para testar
2026-02-15 19:03:53,136 - INFO - 
📊 Métricas finais para IFRS:
2026-02-15 19:03:53,136 - INFO -    Total de queries testadas: 2
2026-02-15 19:03:53,136 - INFO -    Queries com sucesso: 0
2026-02-15 19:03:53,543 - INFO - ✅ IFRS: 996 repositórios
2026-02-15 19:03:53,544 - INFO -    Palavras-chave: trabalho, instituto, document, sistema, projeto, federal, curso, para, sistemas, tecnologia
2026-02-15 19:03:56,545 - INFO - 
============================================================
2026-02-15 19:03:56,546 - INFO - 🏛️  Processando IFC - Instituto Federal Catarinense
2026-02-15 19:03:56,546 - INFO - ============================================================
2026-02-15 19:03:56,546 - INFO - 
🔄 Iteração 1/3 para IFC
2026-02-15 19:03:56,546 - INFO -   🔎 Testando: "ifc"
2026-02-15 19:04:16,976 - INFO -      ✅ 500 resultados (eficiência: 0.30)
2026-02-15 19:04:17,977 - INFO -   🔎 Testando: "instituto federal"
2026-02-15 19:04:32,321 - INFO -      ✅ 500 resultados (eficiência: 0.30)
2026-02-15 19:04:35,325 - INFO - 
🔄 Iteração 2/3 para IFC
2026-02-15 19:04:35,325 - INFO -   ⚠️ Sem novas queries para testar
2026-02-15 19:04:35,326 - INFO - 
📊 Métricas finais para IFC:
2026-02-15 19:04:35,326 - INFO -    Total de queries testadas: 2
2026-02-15 19:04:35,326 - INFO -    Queries com sucesso: 0
2026-02-15 19:04:35,619 - INFO - ✅ IFC: 997 repositórios
2026-02-15 19:04:35,620 - INFO -    Palavras-chave: trabalho, instituto, files, projeto, federal, curso, ifc, para, sistemas, tecnologia
2026-02-15 19:04:38,621 - INFO - 
============================================================
2026-02-15 19:04:38,621 - INFO - 🏛️  Processando IFBAIANO - Instituto Federal Baiano
2026-02-15 19:04:38,621 - INFO - ============================================================
2026-02-15 19:04:38,621 - INFO - 
🔄 Iteração 1/3 para IFBAIANO
2026-02-15 19:04:38,622 - INFO -   🔎 Testando: "instituto federal"
2026-02-15 19:04:52,672 - INFO -      ✅ 500 resultados (eficiência: 0.30)
2026-02-15 19:04:53,673 - INFO -   🔎 Testando: "ifbaiano"
2026-02-15 19:04:56,108 - INFO -      ✅ 81 resultados (eficiência: 0.24)
2026-02-15 19:04:59,111 - INFO - 
🔄 Iteração 2/3 para IFBAIANO
2026-02-15 19:04:59,111 - INFO -   ⚠️ Sem novas queries para testar
2026-02-15 19:04:59,112 - INFO - 
📊 Métricas finais para IFBAIANO:
2026-02-15 19:04:59,112 - INFO -    Total de queries testadas: 2
2026-02-15 19:04:59,112 - INFO -    Queries com sucesso: 0
2026-02-15 19:04:59,240 - INFO - ✅ IFBAIANO: 578 repositórios
2026-02-15 19:04:59,242 - INFO -    Palavras-chave: trabalho, instituto, desenvolvido, sistema, projeto, federal, curso, para, instituto federal, tecnologia
2026-02-15 19:05:02,246 - INFO - 
============================================================
2026-02-15 19:05:02,246 - INFO - 🏛️  Processando IFAC - Campus Rio Branco
2026-02-15 19:05:02,246 - INFO - ============================================================
2026-02-15 19:05:02,247 - INFO - 
🔄 Iteração 1/3 para IFAC
2026-02-15 19:05:02,247 - INFO -   🔎 Testando: "ifac"
2026-02-15 19:05:18,197 - INFO -      ✅ 500 resultados (eficiência: 0.30)
2026-02-15 19:05:19,198 - INFO -   🔎 Testando: "campus rio"
2026-02-15 19:05:25,439 - INFO -      ✅ 143 resultados (eficiência: 0.30)
2026-02-15 19:05:28,441 - INFO - 
🔄 Iteração 2/3 para IFAC
2026-02-15 19:05:28,441 - INFO -   ⚠️ Sem novas queries para testar
2026-02-15 19:05:28,442 - INFO - 
📊 Métricas finais para IFAC:
2026-02-15 19:05:28,442 - INFO -    Total de queries testadas: 2
2026-02-15 19:05:28,442 - INFO -    Queries com sucesso: 0
2026-02-15 19:05:28,503 - INFO - ✅ IFAC: 640 repositórios
2026-02-15 19:05:28,504 - INFO -    Palavras-chave: interface, projeto, ifactory, federal, curso, ifac, grande, para, code, campus
2026-02-15 19:05:31,509 - INFO - 
============================================================
2026-02-15 19:05:31,510 - INFO - 🏛️  Processando IFAC - Campus Cruzeiro do Sul
2026-02-15 19:05:31,510 - INFO - ============================================================
2026-02-15 19:05:31,510 - INFO - 
🔄 Iteração 1/3 para IFAC
2026-02-15 19:05:31,511 - INFO -   🔎 Testando: "ifac"
2026-02-15 19:05:49,083 - INFO -      ✅ 500 resultados (eficiência: 0.30)
2026-02-15 19:05:50,084 - INFO -   🔎 Testando: "campus cruzeiro"
2026-02-15 19:05:50,656 - INFO -      ✅ 0 resultados (eficiência: 0.00)
2026-02-15 19:05:53,657 - INFO - 
🔄 Iteração 2/3 para IFAC
2026-02-15 19:05:53,658 - INFO -   ⚠️ Sem novas queries para testar
2026-02-15 19:05:53,658 - INFO - 
📊 Métricas finais para IFAC:
2026-02-15 19:05:53,659 - INFO -    Total de queries testadas: 2
2026-02-15 19:05:53,659 - INFO -    Queries com sucesso: 0
2026-02-15 19:05:53,753 - INFO - ✅ IFAC: 500 repositórios
2026-02-15 19:05:53,754 - INFO -    Palavras-chave: interface, paper, control, projeto, ifactory, conference, ifac, model, code, interfaces
2026-02-15 19:05:56,758 - INFO - 
============================================================
2026-02-15 19:05:56,758 - INFO - 🏛️  Processando IFAC - Campus Sena Madureira
2026-02-15 19:05:56,758 - INFO - ============================================================
2026-02-15 19:05:56,758 - INFO - 
🔄 Iteração 1/3 para IFAC
2026-02-15 19:05:56,758 - INFO -   🔎 Testando: "ifac"
2026-02-15 19:06:11,923 - INFO -      ✅ 500 resultados (eficiência: 0.30)
2026-02-15 19:06:12,924 - INFO -   🔎 Testando: "campus sena"
2026-02-15 19:06:13,648 - INFO -      ✅ 0 resultados (eficiência: 0.00)
2026-02-15 19:06:16,651 - INFO - 
🔄 Iteração 2/3 para IFAC
2026-02-15 19:06:16,651 - INFO -   ⚠️ Sem novas queries para testar
2026-02-15 19:06:16,652 - INFO - 
📊 Métricas finais para IFAC:
2026-02-15 19:06:16,652 - INFO -    Total de queries testadas: 2
2026-02-15 19:06:16,652 - INFO -    Queries com sucesso: 0
2026-02-15 19:06:16,719 - INFO - ✅ IFAC: 500 repositórios
2026-02-15 19:06:16,723 - INFO -    Palavras-chave: interface, paper, control, projeto, ifactory, conference, ifac, model, code, interfaces
2026-02-15 19:06:19,729 - INFO - 
============================================================
2026-02-15 19:06:19,729 - INFO - 🏛️  Processando IFAC - Campus Tarauacá
2026-02-15 19:06:19,729 - INFO - ============================================================
2026-02-15 19:06:19,729 - INFO - 
🔄 Iteração 1/3 para IFAC
2026-02-15 19:06:19,729 - INFO -   🔎 Testando: "ifac"
2026-02-15 19:06:35,832 - INFO -      ✅ 500 resultados (eficiência: 0.30)
2026-02-15 19:06:38,835 - INFO - 
🔄 Iteração 2/3 para IFAC
2026-02-15 19:06:38,835 - INFO -   ⚠️ Sem novas queries para testar
2026-02-15 19:06:38,836 - INFO - 
📊 Métricas finais para IFAC:
2026-02-15 19:06:38,836 - INFO -    Total de queries testadas: 1
2026-02-15 19:06:38,836 - INFO -    Queries com sucesso: 0
2026-02-15 19:06:38,896 - INFO - ✅ IFAC: 500 repositórios
2026-02-15 19:06:38,896 - INFO -    Palavras-chave: interface, paper, control, projeto, ifactory, conference, ifac, model, code, interfaces
2026-02-15 19:06:41,897 - INFO - 
============================================================
2026-02-15 19:06:41,897 - INFO - 🏛️  Processando IFAC - Campus Xapuri
2026-02-15 19:06:41,897 - INFO - ============================================================
2026-02-15 19:06:41,897 - INFO - 
🔄 Iteração 1/3 para IFAC
2026-02-15 19:06:41,897 - INFO -   🔎 Testando: "ifac"
2026-02-15 19:06:58,322 - INFO -      ✅ 500 resultados (eficiência: 0.30)
2026-02-15 19:07:01,325 - INFO - 
🔄 Iteração 2/3 para IFAC
2026-02-15 19:07:01,325 - INFO -   ⚠️ Sem novas queries para testar
2026-02-15 19:07:01,326 - INFO - 
📊 Métricas finais para IFAC:
2026-02-15 19:07:01,327 - INFO -    Total de queries testadas: 1
2026-02-15 19:07:01,327 - INFO -    Queries com sucesso: 0
2026-02-15 19:07:01,427 - INFO - ✅ IFAC: 500 repositórios
2026-02-15 19:07:01,427 - INFO -    Palavras-chave: interface, paper, control, projeto, ifactory, conference, ifac, model, code, interfaces
2026-02-15 19:07:04,431 - INFO - 
============================================================
2026-02-15 19:07:04,431 - INFO - 🏛️  Processando IFAC - Campus Feijó
2026-02-15 19:07:04,431 - INFO - ============================================================
2026-02-15 19:07:04,431 - INFO - 
🔄 Iteração 1/3 para IFAC
2026-02-15 19:07:04,431 - INFO -   🔎 Testando: "ifac"
2026-02-15 19:07:20,265 - INFO -      ✅ 500 resultados (eficiência: 0.30)
2026-02-15 19:07:23,269 - INFO - 
🔄 Iteração 2/3 para IFAC
2026-02-15 19:07:23,270 - INFO -   ⚠️ Sem novas queries para testar
2026-02-15 19:07:23,271 - INFO - 
📊 Métricas finais para IFAC:
2026-02-15 19:07:23,272 - INFO -    Total de queries testadas: 1
2026-02-15 19:07:23,272 - INFO -    Queries com sucesso: 0
2026-02-15 19:07:23,363 - INFO - ✅ IFAC: 500 repositórios
2026-02-15 19:07:23,365 - INFO -    Palavras-chave: interface, paper, control, projeto, ifactory, conference, ifac, model, code, interfaces
2026-02-15 19:07:26,369 - INFO - 
============================================================
2026-02-15 19:07:26,369 - INFO - 🏛️  Processando IFAL - Campus Maceió
2026-02-15 19:07:26,369 - INFO - ============================================================
2026-02-15 19:07:26,369 - INFO - 
🔄 Iteração 1/3 para IFAL
2026-02-15 19:07:26,369 - INFO -   🔎 Testando: "ifal"
2026-02-15 19:07:42,062 - INFO -      ✅ 500 resultados (eficiência: 0.30)
2026-02-15 19:07:45,065 - INFO - 
🔄 Iteração 2/3 para IFAL
2026-02-15 19:07:45,065 - INFO -   ⚠️ Sem novas queries para testar
2026-02-15 19:07:45,065 - INFO - 
📊 Métricas finais para IFAL:
2026-02-15 19:07:45,066 - INFO -    Total de queries testadas: 1
2026-02-15 19:07:45,066 - INFO -    Queries com sucesso: 0
2026-02-15 19:07:45,109 - INFO - ✅ IFAL: 500 repositórios
2026-02-15 19:07:45,111 - INFO -    Palavras-chave: trabalho, ifall, profile, projeto, github, curso, para, config, campus, native
2026-02-15 19:07:48,113 - INFO - 
============================================================
2026-02-15 19:07:48,113 - INFO - 🏛️  Processando IFAL - Campus Satuba
2026-02-15 19:07:48,114 - INFO - ============================================================
2026-02-15 19:07:48,114 - INFO - 
🔄 Iteração 1/3 para IFAL
2026-02-15 19:07:48,114 - INFO -   🔎 Testando: "ifal"
2026-02-15 19:08:03,366 - INFO -      ✅ 500 resultados (eficiência: 0.30)
2026-02-15 19:08:06,369 - INFO - 
🔄 Iteração 2/3 para IFAL
2026-02-15 19:08:06,370 - INFO -   ⚠️ Sem novas queries para testar
2026-02-15 19:08:06,371 - INFO - 
📊 Métricas finais para IFAL:
2026-02-15 19:08:06,371 - INFO -    Total de queries testadas: 1
2026-02-15 19:08:06,371 - INFO -    Queries com sucesso: 0
2026-02-15 19:08:06,488 - INFO - ✅ IFAL: 500 repositórios
2026-02-15 19:08:06,489 - INFO -    Palavras-chave: trabalho, ifall, profile, projeto, github, curso, para, config, campus, native
2026-02-15 19:08:09,494 - INFO - 
============================================================
2026-02-15 19:08:09,494 - INFO - 🏛️  Processando IFAL - Campus Palmeira dos Índios
2026-02-15 19:08:09,494 - INFO - ============================================================
2026-02-15 19:08:09,495 - INFO - 
🔄 Iteração 1/3 para IFAL
2026-02-15 19:08:09,495 - INFO -   🔎 Testando: "ifal"
2026-02-15 19:08:23,873 - INFO -      ✅ 500 resultados (eficiência: 0.30)
2026-02-15 19:08:24,873 - INFO -   🔎 Testando: "campus palmeira"
2026-02-15 19:08:26,229 - INFO -      ✅ 7 resultados (eficiência: 0.02)
2026-02-15 19:08:29,242 - INFO - 
🔄 Iteração 2/3 para IFAL
2026-02-15 19:08:29,242 - INFO -   ⚠️ Sem novas queries para testar
2026-02-15 19:08:29,242 - INFO - 
📊 Métricas finais para IFAL:
2026-02-15 19:08:29,242 - INFO -    Total de queries testadas: 2
2026-02-15 19:08:29,242 - INFO -    Queries com sucesso: 0
2026-02-15 19:08:29,343 - INFO - ✅ IFAL: 506 repositórios
2026-02-15 19:08:29,344 - INFO -    Palavras-chave: trabalho, ifall, profile, projeto, alagoas, github, curso, para, config, campus
2026-02-15 19:08:32,350 - INFO - 
============================================================
2026-02-15 19:08:32,350 - INFO - 🏛️  Processando IFAL - Campus Marechal Deodoro
2026-02-15 19:08:32,350 - INFO - ============================================================
2026-02-15 19:08:32,350 - INFO - 
🔄 Iteração 1/3 para IFAL
2026-02-15 19:08:32,350 - INFO -   🔎 Testando: "campus marechal"
2026-02-15 19:08:33,159 - INFO -      ✅ 0 resultados (eficiência: 0.00)
2026-02-15 19:08:34,164 - INFO -   🔎 Testando: "ifal"
2026-02-15 19:08:50,487 - INFO -      ✅ 500 resultados (eficiência: 0.30)
2026-02-15 19:08:53,489 - INFO - 
🔄 Iteração 2/3 para IFAL
2026-02-15 19:08:53,490 - INFO -   ⚠️ Sem novas queries para testar
2026-02-15 19:08:53,490 - INFO - 
📊 Métricas finais para IFAL:
2026-02-15 19:08:53,491 - INFO -    Total de queries testadas: 2
2026-02-15 19:08:53,491 - INFO -    Queries com sucesso: 0
2026-02-15 19:08:53,629 - INFO - ✅ IFAL: 500 repositórios
2026-02-15 19:08:53,631 - INFO -    Palavras-chave: trabalho, ifall, profile, projeto, github, curso, para, config, campus, native
2026-02-15 19:08:56,634 - INFO - 
============================================================
2026-02-15 19:08:56,634 - INFO - 🏛️  Processando IFAL - Campus Penedo
2026-02-15 19:08:56,635 - INFO - ============================================================
2026-02-15 19:08:56,635 - INFO - 
🔄 Iteração 1/3 para IFAL
2026-02-15 19:08:56,635 - INFO -   🔎 Testando: "ifal"
2026-02-15 19:09:12,483 - INFO -      ✅ 500 resultados (eficiência: 0.30)
2026-02-15 19:09:15,485 - INFO - 
🔄 Iteração 2/3 para IFAL
2026-02-15 19:09:15,487 - INFO -   ⚠️ Sem novas queries para testar
2026-02-15 19:09:15,488 - INFO - 
📊 Métricas finais para IFAL:
2026-02-15 19:09:15,489 - INFO -    Total de queries testadas: 1
2026-02-15 19:09:15,489 - INFO -    Queries com sucesso: 0
2026-02-15 19:09:15,613 - INFO - ✅ IFAL: 500 repositórios
2026-02-15 19:09:15,614 - INFO -    Palavras-chave: trabalho, ifall, profile, projeto, github, curso, para, config, campus, native
2026-02-15 19:09:18,617 - INFO - 
============================================================
2026-02-15 19:09:18,618 - INFO - 🏛️  Processando IFAL - Campus Piranhas
2026-02-15 19:09:18,618 - INFO - ============================================================
2026-02-15 19:09:18,618 - INFO - 
🔄 Iteração 1/3 para IFAL
2026-02-15 19:09:18,618 - INFO -   🔎 Testando: "ifal"
2026-02-15 19:09:33,949 - INFO -      ✅ 500 resultados (eficiência: 0.30)
2026-02-15 19:09:36,953 - INFO - 
🔄 Iteração 2/3 para IFAL
2026-02-15 19:09:36,954 - INFO -   ⚠️ Sem novas queries para testar
2026-02-15 19:09:36,956 - INFO - 
📊 Métricas finais para IFAL:
2026-02-15 19:09:36,956 - INFO -    Total de queries testadas: 1
2026-02-15 19:09:36,957 - INFO -    Queries com sucesso: 0
2026-02-15 19:09:37,009 - INFO - ✅ IFAL: 500 repositórios
2026-02-15 19:09:37,010 - INFO -    Palavras-chave: trabalho, ifall, profile, projeto, github, curso, para, config, campus, native
2026-02-15 19:09:40,014 - INFO - 
============================================================
2026-02-15 19:09:40,014 - INFO - 🏛️  Processando IFAL - Campus Arapiraca
2026-02-15 19:09:40,015 - INFO - ============================================================
2026-02-15 19:09:40,015 - INFO - 
🔄 Iteração 1/3 para IFAL
2026-02-15 19:09:40,015 - INFO -   🔎 Testando: "ifal"
2026-02-15 19:09:55,722 - INFO -      ✅ 500 resultados (eficiência: 0.30)
2026-02-15 19:09:58,725 - INFO - 
🔄 Iteração 2/3 para IFAL
2026-02-15 19:09:58,725 - INFO -   ⚠️ Sem novas queries para testar
2026-02-15 19:09:58,725 - INFO - 
📊 Métricas finais para IFAL:
2026-02-15 19:09:58,726 - INFO -    Total de queries testadas: 1
2026-02-15 19:09:58,726 - INFO -    Queries com sucesso: 0
2026-02-15 19:09:58,780 - INFO - ✅ IFAL: 500 repositórios
2026-02-15 19:09:58,782 - INFO -    Palavras-chave: trabalho, ifall, profile, projeto, github, curso, para, config, campus, native
2026-02-15 19:10:01,787 - INFO - 
============================================================
2026-02-15 19:10:01,787 - INFO - 🏛️  Processando IFAL - Campus Maragogi
2026-02-15 19:10:01,788 - INFO - ============================================================
2026-02-15 19:10:01,788 - INFO - 
🔄 Iteração 1/3 para IFAL
2026-02-15 19:10:01,788 - INFO -   🔎 Testando: "ifal"
2026-02-15 19:10:17,559 - INFO -      ✅ 500 resultados (eficiência: 0.30)
2026-02-15 19:10:20,561 - INFO - 
🔄 Iteração 2/3 para IFAL
2026-02-15 19:10:20,562 - INFO -   ⚠️ Sem novas queries para testar
2026-02-15 19:10:20,563 - INFO - 
📊 Métricas finais para IFAL:
2026-02-15 19:10:20,564 - INFO -    Total de queries testadas: 1
2026-02-15 19:10:20,564 - INFO -    Queries com sucesso: 0
2026-02-15 19:10:20,610 - INFO - ✅ IFAL: 500 repositórios
2026-02-15 19:10:20,611 - INFO -    Palavras-chave: trabalho, ifall, profile, projeto, github, curso, para, config, campus, native
2026-02-15 19:10:23,615 - INFO - 
============================================================
2026-02-15 19:10:23,615 - INFO - 🏛️  Processando IFAM - Campus Manaus Centro
2026-02-15 19:10:23,615 - INFO - ============================================================
2026-02-15 19:10:23,615 - INFO - 
🔄 Iteração 1/3 para IFAM
2026-02-15 19:10:23,615 - INFO -   🔎 Testando: "ifam"
2026-02-15 19:10:37,334 - INFO -      ✅ 481 resultados (eficiência: 0.30)
2026-02-15 19:10:38,336 - INFO -   🔎 Testando: "campus manaus"
2026-02-15 19:10:39,091 - INFO -      ✅ 6 resultados (eficiência: 0.02)
2026-02-15 19:10:42,095 - INFO - 
🔄 Iteração 2/3 para IFAM
2026-02-15 19:10:42,096 - INFO -   ⚠️ Sem novas queries para testar
2026-02-15 19:10:42,097 - INFO - 
📊 Métricas finais para IFAM:
2026-02-15 19:10:42,098 - INFO -    Total de queries testadas: 2
2026-02-15 19:10:42,098 - INFO -    Queries com sucesso: 0
2026-02-15 19:10:42,230 - INFO - ✅ IFAM: 484 repositórios
2026-02-15 19:10:42,230 - INFO -    Palavras-chave: desenvolvido, sistema, ifam, projeto, dados, github, curso, para, ifamily, campus
2026-02-15 19:10:45,234 - INFO - 
============================================================
2026-02-15 19:10:45,235 - INFO - 🏛️  Processando IFAM - Campus Manaus Distrito Industrial
2026-02-15 19:10:45,235 - INFO - ============================================================
2026-02-15 19:10:45,236 - INFO - 
🔄 Iteração 1/3 para IFAM
2026-02-15 19:10:45,236 - INFO -   🔎 Testando: "ifam"
2026-02-15 19:10:59,691 - INFO -      ✅ 481 resultados (eficiência: 0.30)
2026-02-15 19:11:00,692 - INFO -   🔎 Testando: "campus manaus"
2026-02-15 19:11:01,406 - INFO -      ✅ 6 resultados (eficiência: 0.02)
2026-02-15 19:11:04,409 - INFO - 
🔄 Iteração 2/3 para IFAM
2026-02-15 19:11:04,411 - INFO -   ⚠️ Sem novas queries para testar
2026-02-15 19:11:04,413 - INFO - 
📊 Métricas finais para IFAM:
2026-02-15 19:11:04,413 - INFO -    Total de queries testadas: 2
2026-02-15 19:11:04,419 - INFO -    Queries com sucesso: 0
2026-02-15 19:11:04,522 - INFO - ✅ IFAM: 484 repositórios
2026-02-15 19:11:04,522 - INFO -    Palavras-chave: desenvolvido, sistema, ifam, projeto, dados, github, curso, para, ifamily, campus
2026-02-15 19:11:07,526 - INFO - 
============================================================
2026-02-15 19:11:07,526 - INFO - 🏛️  Processando IFAM - Campus Coari
2026-02-15 19:11:07,527 - INFO - ============================================================
2026-02-15 19:11:07,527 - INFO - 
🔄 Iteração 1/3 para IFAM
2026-02-15 19:11:07,527 - INFO -   🔎 Testando: "ifam"
2026-02-15 19:11:25,293 - INFO -      ✅ 481 resultados (eficiência: 0.30)
2026-02-15 19:11:28,297 - INFO - 
🔄 Iteração 2/3 para IFAM
2026-02-15 19:11:28,298 - INFO -   ⚠️ Sem novas queries para testar
2026-02-15 19:11:28,299 - INFO - 
📊 Métricas finais para IFAM:
2026-02-15 19:11:28,300 - INFO -    Total de queries testadas: 1
2026-02-15 19:11:28,300 - INFO -    Queries com sucesso: 0
2026-02-15 19:11:28,347 - INFO - ✅ IFAM: 481 repositórios
2026-02-15 19:11:28,347 - INFO -    Palavras-chave: software, sistema, ifam, projeto, dados, github, curso, para, ifamily, campus
2026-02-15 19:11:31,350 - INFO - 
============================================================
2026-02-15 19:11:31,351 - INFO - 🏛️  Processando IFAM - Campus São Gabriel da Cachoeira
2026-02-15 19:11:31,351 - INFO - ============================================================
2026-02-15 19:11:31,352 - INFO - 
🔄 Iteração 1/3 para IFAM
2026-02-15 19:11:31,352 - INFO -   🔎 Testando: "ifam"
2026-02-15 19:11:45,123 - INFO -      ✅ 481 resultados (eficiência: 0.30)
2026-02-15 19:11:46,125 - INFO -   🔎 Testando: "campus são"
2026-02-15 19:11:57,030 - INFO -      ✅ 268 resultados (eficiência: 0.30)
2026-02-15 19:12:00,034 - INFO - 
🔄 Iteração 2/3 para IFAM
2026-02-15 19:12:00,035 - INFO -   ⚠️ Sem novas queries para testar
2026-02-15 19:12:00,037 - INFO - 
📊 Métricas finais para IFAM:
2026-02-15 19:12:00,037 - INFO -    Total de queries testadas: 2
2026-02-15 19:12:00,038 - INFO -    Queries com sucesso: 0
2026-02-15 19:12:00,113 - INFO - ✅ IFAM: 749 repositórios
2026-02-15 19:12:00,113 - INFO -    Palavras-chave: instituto, engenharia, ifsp, ifam, projeto, dados, federal, curso, paulo, para
2026-02-15 19:12:03,113 - INFO - 
============================================================
2026-02-15 19:12:03,113 - INFO - 🏛️  Processando IFAM - Campus Presidente Figueiredo
2026-02-15 19:12:03,114 - INFO - ============================================================
2026-02-15 19:12:03,114 - INFO - 
🔄 Iteração 1/3 para IFAM
2026-02-15 19:12:03,114 - INFO -   🔎 Testando: "ifam"
2026-02-15 19:12:18,183 - INFO -      ✅ 481 resultados (eficiência: 0.30)
2026-02-15 19:12:19,185 - INFO -   🔎 Testando: "campus presidente"
2026-02-15 19:12:19,839 - INFO -      ✅ 2 resultados (eficiência: 0.01)
2026-02-15 19:12:22,844 - INFO - 
🔄 Iteração 2/3 para IFAM
2026-02-15 19:12:22,845 - INFO -   ⚠️ Sem novas queries para testar
2026-02-15 19:12:22,846 - INFO - 
📊 Métricas finais para IFAM:
2026-02-15 19:12:22,846 - INFO -    Total de queries testadas: 2
2026-02-15 19:12:22,847 - INFO -    Queries com sucesso: 0
2026-02-15 19:12:22,893 - INFO - ✅ IFAM: 483 repositórios
2026-02-15 19:12:22,894 - INFO -    Palavras-chave: software, sistema, ifam, projeto, dados, github, curso, para, ifamily, campus
2026-02-15 19:12:25,898 - INFO - 
============================================================
2026-02-15 19:12:25,899 - INFO - 🏛️  Processando IFAM - Campus Lábrea
2026-02-15 19:12:25,899 - INFO - ============================================================
2026-02-15 19:12:25,900 - INFO - 
🔄 Iteração 1/3 para IFAM
2026-02-15 19:12:25,900 - INFO -   🔎 Testando: "ifam"
2026-02-15 19:12:40,027 - INFO -      ✅ 481 resultados (eficiência: 0.30)
2026-02-15 19:12:43,029 - INFO - 
🔄 Iteração 2/3 para IFAM
2026-02-15 19:12:43,030 - INFO -   ⚠️ Sem novas queries para testar
2026-02-15 19:12:43,031 - INFO - 
📊 Métricas finais para IFAM:
2026-02-15 19:12:43,031 - INFO -    Total de queries testadas: 1
2026-02-15 19:12:43,031 - INFO -    Queries com sucesso: 0
2026-02-15 19:12:43,191 - INFO - ✅ IFAM: 481 repositórios
2026-02-15 19:12:43,191 - INFO -    Palavras-chave: software, sistema, ifam, projeto, dados, github, curso, para, ifamily, campus
2026-02-15 19:12:46,194 - INFO - 
============================================================
2026-02-15 19:12:46,195 - INFO - 🏛️  Processando IFAM - Campus Maués
2026-02-15 19:12:46,195 - INFO - ============================================================
2026-02-15 19:12:46,196 - INFO - 
🔄 Iteração 1/3 para IFAM
2026-02-15 19:12:46,196 - INFO -   🔎 Testando: "ifam"
2026-02-15 19:12:59,688 - INFO -      ✅ 481 resultados (eficiência: 0.30)
2026-02-15 19:13:02,691 - INFO - 
🔄 Iteração 2/3 para IFAM
2026-02-15 19:13:02,693 - INFO -   ⚠️ Sem novas queries para testar
2026-02-15 19:13:02,695 - INFO - 
📊 Métricas finais para IFAM:
2026-02-15 19:13:02,696 - INFO -    Total de queries testadas: 1
2026-02-15 19:13:02,696 - INFO -    Queries com sucesso: 0
2026-02-15 19:13:02,780 - INFO - ✅ IFAM: 481 repositórios
2026-02-15 19:13:02,782 - INFO -    Palavras-chave: software, sistema, ifam, projeto, dados, github, curso, para, ifamily, campus
2026-02-15 19:13:05,786 - INFO - 
============================================================
2026-02-15 19:13:05,786 - INFO - 🏛️  Processando IFAM - Campus Tabatinga
2026-02-15 19:13:05,786 - INFO - ============================================================
2026-02-15 19:13:05,786 - INFO - 
🔄 Iteração 1/3 para IFAM
2026-02-15 19:13:05,786 - INFO -   🔎 Testando: "ifam"
2026-02-15 19:13:20,720 - INFO -      ✅ 481 resultados (eficiência: 0.30)
2026-02-15 19:13:23,723 - INFO - 
🔄 Iteração 2/3 para IFAM
2026-02-15 19:13:23,724 - INFO -   ⚠️ Sem novas queries para testar
2026-02-15 19:13:23,725 - INFO - 
📊 Métricas finais para IFAM:
2026-02-15 19:13:23,726 - INFO -    Total de queries testadas: 1
2026-02-15 19:13:23,726 - INFO -    Queries com sucesso: 0
2026-02-15 19:13:23,843 - INFO - ✅ IFAM: 481 repositórios
2026-02-15 19:13:23,844 - INFO -    Palavras-chave: software, sistema, ifam, projeto, dados, github, curso, para, ifamily, campus
2026-02-15 19:13:26,846 - INFO - 
============================================================
2026-02-15 19:13:26,846 - INFO - 🏛️  Processando IFAM - Campus Parintins
2026-02-15 19:13:26,846 - INFO - ============================================================
2026-02-15 19:13:26,846 - INFO - 
🔄 Iteração 1/3 para IFAM
2026-02-15 19:13:26,846 - INFO -   🔎 Testando: "ifam"
2026-02-15 19:13:42,047 - INFO -      ✅ 481 resultados (eficiência: 0.30)
2026-02-15 19:13:45,053 - INFO - 
🔄 Iteração 2/3 para IFAM
2026-02-15 19:13:45,053 - INFO -   ⚠️ Sem novas queries para testar
2026-02-15 19:13:45,054 - INFO - 
📊 Métricas finais para IFAM:
2026-02-15 19:13:45,056 - INFO -    Total de queries testadas: 1
2026-02-15 19:13:45,056 - INFO -    Queries com sucesso: 0
2026-02-15 19:13:45,122 - INFO - ✅ IFAM: 481 repositórios
2026-02-15 19:13:45,124 - INFO -    Palavras-chave: software, sistema, ifam, projeto, dados, github, curso, para, ifamily, campus
2026-02-15 19:13:48,129 - INFO - 
============================================================
2026-02-15 19:13:48,129 - INFO - 🏛️  Processando IFAM - Campus Agrotécnico de Manaus
2026-02-15 19:13:48,129 - INFO - ============================================================
2026-02-15 19:13:48,129 - INFO - 
🔄 Iteração 1/3 para IFAM
2026-02-15 19:13:48,129 - INFO -   🔎 Testando: "ifam"
2026-02-15 19:14:02,290 - INFO -      ✅ 481 resultados (eficiência: 0.30)
2026-02-15 19:14:03,293 - INFO -   🔎 Testando: "campus agrotécnico"
2026-02-15 19:14:03,986 - INFO -      ✅ 0 resultados (eficiência: 0.00)
2026-02-15 19:14:06,989 - INFO - 
🔄 Iteração 2/3 para IFAM
2026-02-15 19:14:06,989 - INFO -   ⚠️ Sem novas queries para testar
2026-02-15 19:14:06,990 - INFO - 
📊 Métricas finais para IFAM:
2026-02-15 19:14:06,990 - INFO -    Total de queries testadas: 2
2026-02-15 19:14:06,990 - INFO -    Queries com sucesso: 0
2026-02-15 19:14:07,108 - INFO - ✅ IFAM: 481 repositórios
2026-02-15 19:14:07,112 - INFO -    Palavras-chave: software, sistema, ifam, projeto, dados, github, curso, para, ifamily, campus
2026-02-15 19:14:10,117 - INFO - 
============================================================
2026-02-15 19:14:10,118 - INFO - 🏛️  Processando IFAM - Campus Distrito Industrial
2026-02-15 19:14:10,118 - INFO - ============================================================
2026-02-15 19:14:10,118 - INFO - 
🔄 Iteração 1/3 para IFAM
2026-02-15 19:14:10,119 - INFO -   🔎 Testando: "ifam"
2026-02-15 19:14:24,156 - INFO -      ✅ 481 resultados (eficiência: 0.30)
2026-02-15 19:14:25,157 - INFO -   🔎 Testando: "campus distrito"
2026-02-15 19:14:25,656 - INFO -      ✅ 0 resultados (eficiência: 0.00)
2026-02-15 19:14:28,660 - INFO - 
🔄 Iteração 2/3 para IFAM
2026-02-15 19:14:28,661 - INFO -   ⚠️ Sem novas queries para testar
2026-02-15 19:14:28,662 - INFO - 
📊 Métricas finais para IFAM:
2026-02-15 19:14:28,663 - INFO -    Total de queries testadas: 2
2026-02-15 19:14:28,664 - INFO -    Queries com sucesso: 0
2026-02-15 19:14:28,749 - INFO - ✅ IFAM: 481 repositórios
2026-02-15 19:14:28,750 - INFO -    Palavras-chave: software, sistema, ifam, projeto, dados, github, curso, para, ifamily, campus
2026-02-15 19:14:31,754 - INFO - 
============================================================
2026-02-15 19:14:31,754 - INFO - 🏛️  Processando IFAM - Campus Boca do Acre
2026-02-15 19:14:31,755 - INFO - ============================================================
2026-02-15 19:14:31,755 - INFO - 
🔄 Iteração 1/3 para IFAM
2026-02-15 19:14:31,755 - INFO -   🔎 Testando: "ifam"
2026-02-15 19:14:45,420 - INFO -      ✅ 481 resultados (eficiência: 0.30)
2026-02-15 19:14:46,421 - INFO -   🔎 Testando: "campus boca"
2026-02-15 19:14:46,988 - INFO -      ✅ 1 resultados (eficiência: 0.00)
2026-02-15 19:14:49,992 - INFO - 
🔄 Iteração 2/3 para IFAM
2026-02-15 19:14:49,993 - INFO -   ⚠️ Sem novas queries para testar
2026-02-15 19:14:49,994 - INFO - 
📊 Métricas finais para IFAM:
2026-02-15 19:14:49,994 - INFO -    Total de queries testadas: 2
2026-02-15 19:14:49,995 - INFO -    Queries com sucesso: 0
2026-02-15 19:14:50,147 - INFO - ✅ IFAM: 482 repositórios
2026-02-15 19:14:50,148 - INFO -    Palavras-chave: software, sistema, ifam, projeto, dados, github, curso, para, ifamily, campus
2026-02-15 19:14:53,152 - INFO - 
============================================================
2026-02-15 19:14:53,152 - INFO - 🏛️  Processando IFAM - Campus Borba
2026-02-15 19:14:53,152 - INFO - ============================================================
2026-02-15 19:14:53,152 - INFO - 
🔄 Iteração 1/3 para IFAM
2026-02-15 19:14:53,152 - INFO -   🔎 Testando: "ifam"
2026-02-15 19:15:06,947 - INFO -      ✅ 481 resultados (eficiência: 0.30)
2026-02-15 19:15:09,949 - INFO - 
🔄 Iteração 2/3 para IFAM
2026-02-15 19:15:09,949 - INFO -   ⚠️ Sem novas queries para testar
2026-02-15 19:15:09,950 - INFO - 
📊 Métricas finais para IFAM:
2026-02-15 19:15:09,950 - INFO -    Total de queries testadas: 1
2026-02-15 19:15:09,950 - INFO -    Queries com sucesso: 0
2026-02-15 19:15:10,001 - INFO - ✅ IFAM: 481 repositórios
2026-02-15 19:15:10,003 - INFO -    Palavras-chave: software, sistema, ifam, projeto, dados, github, curso, para, ifamily, campus
2026-02-15 19:15:13,006 - INFO - 
============================================================
2026-02-15 19:15:13,006 - INFO - 🏛️  Processando IFAM - Campus Carauari
2026-02-15 19:15:13,006 - INFO - ============================================================
2026-02-15 19:15:13,007 - INFO - 
🔄 Iteração 1/3 para IFAM
2026-02-15 19:15:13,007 - INFO -   🔎 Testando: "ifam"
2026-02-15 19:15:28,125 - INFO -      ✅ 481 resultados (eficiência: 0.30)
2026-02-15 19:15:31,128 - INFO - 
🔄 Iteração 2/3 para IFAM
2026-02-15 19:15:31,129 - INFO -   ⚠️ Sem novas queries para testar
2026-02-15 19:15:31,129 - INFO - 
📊 Métricas finais para IFAM:
2026-02-15 19:15:31,129 - INFO -    Total de queries testadas: 1
2026-02-15 19:15:31,129 - INFO -    Queries com sucesso: 0
2026-02-15 19:15:31,201 - INFO - ✅ IFAM: 481 repositórios
2026-02-15 19:15:31,203 - INFO -    Palavras-chave: software, sistema, ifam, projeto, dados, github, curso, para, ifamily, campus
2026-02-15 19:15:34,205 - INFO - 
============================================================
2026-02-15 19:15:34,206 - INFO - 🏛️  Processando IFAM - Campus Careiro
2026-02-15 19:15:34,206 - INFO - ============================================================
2026-02-15 19:15:34,206 - INFO - 
🔄 Iteração 1/3 para IFAM
2026-02-15 19:15:34,206 - INFO -   🔎 Testando: "ifam"
2026-02-15 19:15:47,561 - INFO -      ✅ 481 resultados (eficiência: 0.30)
2026-02-15 19:15:50,565 - INFO - 
🔄 Iteração 2/3 para IFAM
2026-02-15 19:15:50,566 - INFO -   ⚠️ Sem novas queries para testar
2026-02-15 19:15:50,568 - INFO - 
📊 Métricas finais para IFAM:
2026-02-15 19:15:50,568 - INFO -    Total de queries testadas: 1
2026-02-15 19:15:50,568 - INFO -    Queries com sucesso: 0
2026-02-15 19:15:50,704 - INFO - ✅ IFAM: 481 repositórios
2026-02-15 19:15:50,704 - INFO -    Palavras-chave: software, sistema, ifam, projeto, dados, github, curso, para, ifamily, campus
2026-02-15 19:15:53,705 - INFO - 
============================================================
2026-02-15 19:15:53,706 - INFO - 🏛️  Processando IFAM - Campus Eirunepé
2026-02-15 19:15:53,706 - INFO - ============================================================
2026-02-15 19:15:53,706 - INFO - 
🔄 Iteração 1/3 para IFAM
2026-02-15 19:15:53,706 - INFO -   🔎 Testando: "ifam"
2026-02-15 19:16:07,516 - INFO -      ✅ 481 resultados (eficiência: 0.30)
2026-02-15 19:16:10,519 - INFO - 
🔄 Iteração 2/3 para IFAM
2026-02-15 19:16:10,520 - INFO -   ⚠️ Sem novas queries para testar
2026-02-15 19:16:10,522 - INFO - 
📊 Métricas finais para IFAM:
2026-02-15 19:16:10,522 - INFO -    Total de queries testadas: 1
2026-02-15 19:16:10,523 - INFO -    Queries com sucesso: 0
2026-02-15 19:16:10,631 - INFO - ✅ IFAM: 481 repositórios
2026-02-15 19:16:10,632 - INFO -    Palavras-chave: software, sistema, ifam, projeto, dados, github, curso, para, ifamily, campus
2026-02-15 19:16:13,633 - INFO - 
============================================================
2026-02-15 19:16:13,633 - INFO - 🏛️  Processando IFAM - Campus Humaitá
2026-02-15 19:16:13,633 - INFO - ============================================================
2026-02-15 19:16:13,633 - INFO - 
🔄 Iteração 1/3 para IFAM
2026-02-15 19:16:13,633 - INFO -   🔎 Testando: "ifam"
2026-02-15 19:16:29,901 - INFO -      ✅ 481 resultados (eficiência: 0.30)
2026-02-15 19:16:32,905 - INFO - 
🔄 Iteração 2/3 para IFAM
2026-02-15 19:16:32,906 - INFO -   ⚠️ Sem novas queries para testar
2026-02-15 19:16:32,907 - INFO - 
📊 Métricas finais para IFAM:
2026-02-15 19:16:32,907 - INFO -    Total de queries testadas: 1
2026-02-15 19:16:32,908 - INFO -    Queries com sucesso: 0
2026-02-15 19:16:33,031 - INFO - ✅ IFAM: 481 repositórios
2026-02-15 19:16:33,031 - INFO -    Palavras-chave: software, sistema, ifam, projeto, dados, github, curso, para, ifamily, campus
2026-02-15 19:16:36,034 - INFO - 
============================================================
2026-02-15 19:16:36,034 - INFO - 🏛️  Processando IFAM - Campus Iranduba
2026-02-15 19:16:36,034 - INFO - ============================================================
2026-02-15 19:16:36,034 - INFO - 
🔄 Iteração 1/3 para IFAM
2026-02-15 19:16:36,034 - INFO -   🔎 Testando: "ifam"
2026-02-15 19:16:50,299 - INFO -      ✅ 481 resultados (eficiência: 0.30)
2026-02-15 19:16:53,301 - INFO - 
🔄 Iteração 2/3 para IFAM
2026-02-15 19:16:53,303 - INFO -   ⚠️ Sem novas queries para testar
2026-02-15 19:16:53,304 - INFO - 
📊 Métricas finais para IFAM:
2026-02-15 19:16:53,304 - INFO -    Total de queries testadas: 1
2026-02-15 19:16:53,305 - INFO -    Queries com sucesso: 0
2026-02-15 19:16:53,444 - INFO - ✅ IFAM: 481 repositórios
2026-02-15 19:16:53,445 - INFO -    Palavras-chave: software, sistema, ifam, projeto, dados, github, curso, para, ifamily, campus
2026-02-15 19:16:56,449 - INFO - 
============================================================
2026-02-15 19:16:56,449 - INFO - 🏛️  Processando IFAM - Campus Itacoatiara
2026-02-15 19:16:56,450 - INFO - ============================================================
2026-02-15 19:16:56,450 - INFO - 
🔄 Iteração 1/3 para IFAM
2026-02-15 19:16:56,451 - INFO -   🔎 Testando: "ifam"
2026-02-15 19:17:10,110 - INFO -      ✅ 481 resultados (eficiência: 0.30)
2026-02-15 19:17:13,113 - INFO - 
🔄 Iteração 2/3 para IFAM
2026-02-15 19:17:13,114 - INFO -   ⚠️ Sem novas queries para testar
2026-02-15 19:17:13,115 - INFO - 
📊 Métricas finais para IFAM:
2026-02-15 19:17:13,116 - INFO -    Total de queries testadas: 1
2026-02-15 19:17:13,116 - INFO -    Queries com sucesso: 0
2026-02-15 19:17:13,238 - INFO - ✅ IFAM: 481 repositórios
2026-02-15 19:17:13,238 - INFO -    Palavras-chave: software, sistema, ifam, projeto, dados, github, curso, para, ifamily, campus
2026-02-15 19:17:16,244 - INFO - 
============================================================
2026-02-15 19:17:16,244 - INFO - 🏛️  Processando IFAM - Campus Manacapuru
2026-02-15 19:17:16,244 - INFO - ============================================================
2026-02-15 19:17:16,244 - INFO - 
🔄 Iteração 1/3 para IFAM
2026-02-15 19:17:16,245 - INFO -   🔎 Testando: "ifam"
2026-02-15 19:17:30,389 - INFO -      ✅ 481 resultados (eficiência: 0.30)
2026-02-15 19:17:33,393 - INFO - 
🔄 Iteração 2/3 para IFAM
2026-02-15 19:17:33,394 - INFO -   ⚠️ Sem novas queries para testar
2026-02-15 19:17:33,395 - INFO - 
📊 Métricas finais para IFAM:
2026-02-15 19:17:33,395 - INFO -    Total de queries testadas: 1
2026-02-15 19:17:33,396 - INFO -    Queries com sucesso: 0
2026-02-15 19:17:33,466 - INFO - ✅ IFAM: 481 repositórios
2026-02-15 19:17:33,467 - INFO -    Palavras-chave: software, sistema, ifam, projeto, dados, github, curso, para, ifamily, campus
2026-02-15 19:17:36,474 - INFO - 
============================================================
2026-02-15 19:17:36,474 - INFO - 🏛️  Processando IFAM - Campus Novo Aripuanã
2026-02-15 19:17:36,474 - INFO - ============================================================
2026-02-15 19:17:36,475 - INFO - 
🔄 Iteração 1/3 para IFAM
2026-02-15 19:17:36,475 - INFO -   🔎 Testando: "campus novo"
2026-02-15 19:17:37,074 - INFO -      ✅ 0 resultados (eficiência: 0.00)
2026-02-15 19:17:38,076 - INFO -   🔎 Testando: "ifam"
2026-02-15 19:17:51,369 - INFO -      ✅ 481 resultados (eficiência: 0.30)
2026-02-15 19:17:54,372 - INFO - 
🔄 Iteração 2/3 para IFAM
2026-02-15 19:17:54,373 - INFO -   ⚠️ Sem novas queries para testar
2026-02-15 19:17:54,373 - INFO - 
📊 Métricas finais para IFAM:
2026-02-15 19:17:54,374 - INFO -    Total de queries testadas: 2
2026-02-15 19:17:54,374 - INFO -    Queries com sucesso: 0
2026-02-15 19:17:54,432 - INFO - ✅ IFAM: 481 repositórios
2026-02-15 19:17:54,433 - INFO -    Palavras-chave: software, sistema, ifam, projeto, dados, github, curso, para, ifamily, campus
2026-02-15 19:17:57,434 - INFO - 
============================================================
2026-02-15 19:17:57,434 - INFO - 🏛️  Processando IFAM - Campus Rio Preto da Eva
2026-02-15 19:17:57,434 - INFO - ============================================================
2026-02-15 19:17:57,434 - INFO - 
🔄 Iteração 1/3 para IFAM
2026-02-15 19:17:57,434 - INFO -   🔎 Testando: "ifam"
2026-02-15 19:18:10,725 - INFO -      ✅ 481 resultados (eficiência: 0.30)
2026-02-15 19:18:11,726 - INFO -   🔎 Testando: "campus rio"
2026-02-15 19:18:16,821 - INFO -      ✅ 143 resultados (eficiência: 0.30)
2026-02-15 19:18:19,821 - INFO - 
🔄 Iteração 2/3 para IFAM
2026-02-15 19:18:19,823 - INFO -   ⚠️ Sem novas queries para testar
2026-02-15 19:18:19,824 - INFO - 
📊 Métricas finais para IFAM:
2026-02-15 19:18:19,824 - INFO -    Total de queries testadas: 2
2026-02-15 19:18:19,824 - INFO -    Queries com sucesso: 0
2026-02-15 19:18:19,978 - INFO - ✅ IFAM: 624 repositórios
2026-02-15 19:18:19,978 - INFO -    Palavras-chave: trabalho, ifam, projeto, dados, federal, curso, grande, para, sistemas, ifamily
2026-02-15 19:18:22,982 - INFO - 
============================================================
2026-02-15 19:18:22,982 - INFO - 🏛️  Processando IFAM - Campus Tefé
2026-02-15 19:18:22,983 - INFO - ============================================================
2026-02-15 19:18:22,983 - INFO - 
🔄 Iteração 1/3 para IFAM
2026-02-15 19:18:22,983 - INFO -   🔎 Testando: "ifam"
2026-02-15 19:18:38,298 - INFO -      ✅ 481 resultados (eficiência: 0.30)
2026-02-15 19:18:41,301 - INFO - 
🔄 Iteração 2/3 para IFAM
2026-02-15 19:18:41,303 - INFO -   ⚠️ Sem novas queries para testar
2026-02-15 19:18:41,305 - INFO - 
📊 Métricas finais para IFAM:
2026-02-15 19:18:41,306 - INFO -    Total de queries testadas: 1
2026-02-15 19:18:41,306 - INFO -    Queries com sucesso: 0
2026-02-15 19:18:41,406 - INFO - ✅ IFAM: 481 repositórios
2026-02-15 19:18:41,408 - INFO -    Palavras-chave: software, sistema, ifam, projeto, dados, github, curso, para, ifamily, campus
2026-02-15 19:18:44,413 - INFO - 
============================================================
2026-02-15 19:18:44,413 - INFO - 🏛️  Processando IFAP - Campus Macapá
2026-02-15 19:18:44,413 - INFO - ============================================================
2026-02-15 19:18:44,413 - INFO - 
🔄 Iteração 1/3 para IFAP
2026-02-15 19:18:44,413 - INFO -   🔎 Testando: "ifap"
2026-02-15 19:18:52,579 - INFO -      ✅ 139 resultados (eficiência: 0.30)
2026-02-15 19:18:55,581 - INFO - 
🔄 Iteração 2/3 para IFAP
2026-02-15 19:18:55,581 - INFO -   ⚠️ Sem novas queries para testar
2026-02-15 19:18:55,581 - INFO - 
📊 Métricas finais para IFAP:
2026-02-15 19:18:55,581 - INFO -    Total de queries testadas: 1
2026-02-15 19:18:55,582 - INFO -    Queries com sucesso: 0
2026-02-15 19:18:55,625 - INFO - ✅ IFAP: 139 repositórios
2026-02-15 19:18:55,625 - INFO -    Palavras-chave: ifapps, repository, site, ifapp, projeto, web, github, curso, agronomia, ifap
2026-02-15 19:18:58,629 - INFO - 
============================================================
2026-02-15 19:18:58,629 - INFO - 🏛️  Processando IFAP - Campus Laranjal do Jari
2026-02-15 19:18:58,629 - INFO - ============================================================
2026-02-15 19:18:58,629 - INFO - 
🔄 Iteração 1/3 para IFAP
2026-02-15 19:18:58,629 - INFO -   🔎 Testando: "ifap"
2026-02-15 19:19:02,840 - INFO -      ✅ 139 resultados (eficiência: 0.30)
2026-02-15 19:19:03,842 - INFO -   🔎 Testando: "campus laranjal"
2026-02-15 19:19:04,414 - INFO -      ✅ 0 resultados (eficiência: 0.00)
2026-02-15 19:19:07,417 - INFO - 
🔄 Iteração 2/3 para IFAP
2026-02-15 19:19:07,418 - INFO -   ⚠️ Sem novas queries para testar
2026-02-15 19:19:07,419 - INFO - 
📊 Métricas finais para IFAP:
2026-02-15 19:19:07,420 - INFO -    Total de queries testadas: 2
2026-02-15 19:19:07,420 - INFO -    Queries com sucesso: 0
2026-02-15 19:19:07,505 - INFO - ✅ IFAP: 139 repositórios
2026-02-15 19:19:07,518 - INFO -    Palavras-chave: ifapps, repository, site, ifapp, projeto, web, github, curso, agronomia, ifap
2026-02-15 19:19:10,521 - INFO - 
============================================================
2026-02-15 19:19:10,522 - INFO - 🏛️  Processando IFAP - Campus Oiapoque
2026-02-15 19:19:10,522 - INFO - ============================================================
2026-02-15 19:19:10,522 - INFO - 
🔄 Iteração 1/3 para IFAP
2026-02-15 19:19:10,522 - INFO -   🔎 Testando: "ifap"
2026-02-15 19:19:14,966 - INFO -      ✅ 139 resultados (eficiência: 0.30)
2026-02-15 19:19:17,970 - INFO - 
🔄 Iteração 2/3 para IFAP
2026-02-15 19:19:17,971 - INFO -   ⚠️ Sem novas queries para testar
2026-02-15 19:19:17,971 - INFO - 
📊 Métricas finais para IFAP:
2026-02-15 19:19:17,972 - INFO -    Total de queries testadas: 1
2026-02-15 19:19:17,972 - INFO -    Queries com sucesso: 0
2026-02-15 19:19:18,028 - INFO - ✅ IFAP: 139 repositórios
2026-02-15 19:19:18,028 - INFO -    Palavras-chave: ifapps, repository, site, ifapp, projeto, web, github, curso, agronomia, ifap
2026-02-15 19:19:21,032 - INFO - 
============================================================
2026-02-15 19:19:21,032 - INFO - 🏛️  Processando IFAP - Campus Porto Grande
2026-02-15 19:19:21,033 - INFO - ============================================================
2026-02-15 19:19:21,033 - INFO - 
🔄 Iteração 1/3 para IFAP
2026-02-15 19:19:21,033 - INFO -   🔎 Testando: "ifap"
2026-02-15 19:19:25,240 - INFO -      ✅ 139 resultados (eficiência: 0.30)
2026-02-15 19:19:26,241 - INFO -   🔎 Testando: "campus porto"
2026-02-15 19:19:27,799 - INFO -      ✅ 30 resultados (eficiência: 0.09)
2026-02-15 19:19:30,801 - INFO - 
🔄 Iteração 2/3 para IFAP
2026-02-15 19:19:30,803 - INFO -   ⚠️ Sem novas queries para testar
2026-02-15 19:19:30,803 - INFO - 
📊 Métricas finais para IFAP:
2026-02-15 19:19:30,804 - INFO -    Total de queries testadas: 2
2026-02-15 19:19:30,804 - INFO -    Queries com sucesso: 0
2026-02-15 19:19:30,850 - INFO - ✅ IFAP: 169 repositórios
2026-02-15 19:19:30,850 - INFO -    Palavras-chave: ifro, site, ifapp, projeto, curso, ifap, porto, para, velho, campus
2026-02-15 19:19:33,855 - INFO - 
============================================================
2026-02-15 19:19:33,855 - INFO - 🏛️  Processando IFAP - Campus Santana
2026-02-15 19:19:33,856 - INFO - ============================================================
2026-02-15 19:19:33,856 - INFO - 
🔄 Iteração 1/3 para IFAP
2026-02-15 19:19:33,856 - INFO -   🔎 Testando: "ifap"
2026-02-15 19:19:38,541 - INFO -      ✅ 139 resultados (eficiência: 0.30)
2026-02-15 19:19:41,545 - INFO - 
🔄 Iteração 2/3 para IFAP
2026-02-15 19:19:41,546 - INFO -   ⚠️ Sem novas queries para testar
2026-02-15 19:19:41,546 - INFO - 
📊 Métricas finais para IFAP:
2026-02-15 19:19:41,547 - INFO -    Total de queries testadas: 1
2026-02-15 19:19:41,547 - INFO -    Queries com sucesso: 0
2026-02-15 19:19:41,564 - INFO - ✅ IFAP: 139 repositórios
2026-02-15 19:19:41,564 - INFO -    Palavras-chave: ifapps, repository, site, ifapp, projeto, web, github, curso, agronomia, ifap
2026-02-15 19:19:44,565 - INFO - 
============================================================
2026-02-15 19:19:44,565 - INFO - 🏛️  Processando IFAP - Campus Tartarugalzinho
2026-02-15 19:19:44,565 - INFO - ============================================================
2026-02-15 19:19:44,565 - INFO - 
🔄 Iteração 1/3 para IFAP
2026-02-15 19:19:44,565 - INFO -   🔎 Testando: "ifap"
2026-02-15 19:19:48,637 - INFO -      ✅ 139 resultados (eficiência: 0.30)
2026-02-15 19:19:51,640 - INFO - 
🔄 Iteração 2/3 para IFAP
2026-02-15 19:19:51,641 - INFO -   ⚠️ Sem novas queries para testar
2026-02-15 19:19:51,642 - INFO - 
📊 Métricas finais para IFAP:
2026-02-15 19:19:51,642 - INFO -    Total de queries testadas: 1
2026-02-15 19:19:51,642 - INFO -    Queries com sucesso: 0
2026-02-15 19:19:51,656 - INFO - ✅ IFAP: 139 repositórios
2026-02-15 19:19:51,657 - INFO -    Palavras-chave: ifapps, repository, site, ifapp, projeto, web, github, curso, agronomia, ifap
2026-02-15 19:19:54,660 - INFO - 
============================================================
2026-02-15 19:19:54,660 - INFO - 🏛️  Processando IFAP - Campus Vitória do Jari
2026-02-15 19:19:54,660 - INFO - ============================================================
2026-02-15 19:19:54,661 - INFO - 
🔄 Iteração 1/3 para IFAP
2026-02-15 19:19:54,661 - INFO -   🔎 Testando: "ifap"
2026-02-15 19:19:59,348 - INFO -      ✅ 139 resultados (eficiência: 0.30)
2026-02-15 19:20:00,349 - INFO -   🔎 Testando: "campus vitória"
2026-02-15 19:20:02,105 - INFO -      ✅ 35 resultados (eficiência: 0.10)
2026-02-15 19:20:05,110 - INFO - 
🔄 Iteração 2/3 para IFAP
2026-02-15 19:20:05,111 - INFO -   ⚠️ Sem novas queries para testar
2026-02-15 19:20:05,112 - INFO - 
📊 Métricas finais para IFAP:
2026-02-15 19:20:05,112 - INFO -    Total de queries testadas: 2
2026-02-15 19:20:05,113 - INFO -    Queries com sucesso: 0
2026-02-15 19:20:05,138 - INFO - ✅ IFAP: 174 repositórios
2026-02-15 19:20:05,139 - INFO -    Palavras-chave: ifes, site, ifapp, conquista, projeto, federal, curso, ifap, ifba, sistemas
2026-02-15 19:20:08,145 - INFO - 
============================================================
2026-02-15 19:20:08,145 - INFO - 🏛️  Processando IFBA - Campus Salvador
2026-02-15 19:20:08,145 - INFO - ============================================================
2026-02-15 19:20:08,146 - INFO - 
🔄 Iteração 1/3 para IFBA
2026-02-15 19:20:08,146 - INFO -   🔎 Testando: "ifba"
2026-02-15 19:20:22,810 - INFO -      ✅ 500 resultados (eficiência: 0.30)
2026-02-15 19:20:25,814 - INFO - 
🔄 Iteração 2/3 para IFBA
2026-02-15 19:20:25,815 - INFO -   ⚠️ Sem novas queries para testar
2026-02-15 19:20:25,816 - INFO - 
📊 Métricas finais para IFBA:
2026-02-15 19:20:25,817 - INFO -    Total de queries testadas: 1
2026-02-15 19:20:25,817 - INFO -    Queries com sucesso: 0
2026-02-15 19:20:25,877 - INFO - ✅ IFBA: 500 repositórios
2026-02-15 19:20:25,878 - INFO -    Palavras-chave: sistema, site, projeto, github, curso, ifba, para, sistemas, campus, atividades
2026-02-15 19:20:28,881 - INFO - 
============================================================
2026-02-15 19:20:28,881 - INFO - 🏛️  Processando IFBA - Campus Feira de Santana
2026-02-15 19:20:28,881 - INFO - ============================================================
2026-02-15 19:20:28,882 - INFO - 
🔄 Iteração 1/3 para IFBA
2026-02-15 19:20:28,882 - INFO -   🔎 Testando: "ifba"
2026-02-15 19:20:44,217 - INFO -      ✅ 500 resultados (eficiência: 0.30)
2026-02-15 19:20:45,219 - INFO -   🔎 Testando: "campus feira"
2026-02-15 19:20:46,007 - INFO -      ✅ 8 resultados (eficiência: 0.02)
2026-02-15 19:20:49,012 - INFO - 
🔄 Iteração 2/3 para IFBA
2026-02-15 19:20:49,013 - INFO -   ⚠️ Sem novas queries para testar
2026-02-15 19:20:49,014 - INFO - 
📊 Métricas finais para IFBA:
2026-02-15 19:20:49,015 - INFO -    Total de queries testadas: 2
2026-02-15 19:20:49,015 - INFO -    Queries com sucesso: 0
2026-02-15 19:20:49,066 - INFO - ✅ IFBA: 505 repositórios
2026-02-15 19:20:49,067 - INFO -    Palavras-chave: sistema, site, projeto, github, curso, ifba, para, sistemas, campus, atividades
2026-02-15 19:20:52,072 - INFO - 
============================================================
2026-02-15 19:20:52,072 - INFO - 🏛️  Processando IFBA - Campus Vitória da Conquista
2026-02-15 19:20:52,072 - INFO - ============================================================
2026-02-15 19:20:52,073 - INFO - 
🔄 Iteração 1/3 para IFBA
2026-02-15 19:20:52,073 - INFO -   🔎 Testando: "ifba"
2026-02-15 19:21:07,457 - INFO -      ✅ 500 resultados (eficiência: 0.30)
2026-02-15 19:21:08,459 - INFO -   🔎 Testando: "campus vitória"
2026-02-15 19:21:09,582 - INFO -      ✅ 35 resultados (eficiência: 0.10)
2026-02-15 19:21:12,586 - INFO - 
🔄 Iteração 2/3 para IFBA
2026-02-15 19:21:12,587 - INFO -   ⚠️ Sem novas queries para testar
2026-02-15 19:21:12,589 - INFO - 
📊 Métricas finais para IFBA:
2026-02-15 19:21:12,589 - INFO -    Total de queries testadas: 2
2026-02-15 19:21:12,590 - INFO -    Queries com sucesso: 0
2026-02-15 19:21:12,646 - INFO - ✅ IFBA: 534 repositórios
2026-02-15 19:21:12,646 - INFO -    Palavras-chave: sistema, projeto, conquista, federal, curso, ifba, para, sistemas, campus, atividades
2026-02-15 19:21:15,650 - INFO - 
============================================================
2026-02-15 19:21:15,651 - INFO - 🏛️  Processando IFBA - Campus Porto Seguro
2026-02-15 19:21:15,651 - INFO - ============================================================
2026-02-15 19:21:15,651 - INFO - 
🔄 Iteração 1/3 para IFBA
2026-02-15 19:21:15,652 - INFO -   🔎 Testando: "ifba"
2026-02-15 19:21:30,523 - INFO -      ✅ 500 resultados (eficiência: 0.30)
2026-02-15 19:21:31,525 - INFO -   🔎 Testando: "campus porto"
2026-02-15 19:21:32,829 - INFO -      ✅ 30 resultados (eficiência: 0.09)
2026-02-15 19:21:35,833 - INFO - 
🔄 Iteração 2/3 para IFBA
2026-02-15 19:21:35,834 - INFO -   ⚠️ Sem novas queries para testar
2026-02-15 19:21:35,835 - INFO - 
📊 Métricas finais para IFBA:
2026-02-15 19:21:35,836 - INFO -    Total de queries testadas: 2
2026-02-15 19:21:35,836 - INFO -    Queries com sucesso: 0
2026-02-15 19:21:35,885 - INFO - ✅ IFBA: 530 repositórios
2026-02-15 19:21:35,885 - INFO -    Palavras-chave: trabalho, sistema, projeto, curso, ifba, para, sistemas, porto, campus, atividades
2026-02-15 19:21:38,888 - INFO - 
============================================================
2026-02-15 19:21:38,888 - INFO - 🏛️  Processando IFBA - Campus Barreiras
2026-02-15 19:21:38,889 - INFO - ============================================================
2026-02-15 19:21:38,889 - INFO - 
🔄 Iteração 1/3 para IFBA
2026-02-15 19:21:38,889 - INFO -   🔎 Testando: "ifba"
2026-02-15 19:21:54,418 - INFO -      ✅ 500 resultados (eficiência: 0.30)
2026-02-15 19:21:57,423 - INFO - 
🔄 Iteração 2/3 para IFBA
2026-02-15 19:21:57,424 - INFO -   ⚠️ Sem novas queries para testar
2026-02-15 19:21:57,425 - INFO - 
📊 Métricas finais para IFBA:
2026-02-15 19:21:57,425 - INFO -    Total de queries testadas: 1
2026-02-15 19:21:57,426 - INFO -    Queries com sucesso: 0
2026-02-15 19:21:57,469 - INFO - ✅ IFBA: 500 repositórios
2026-02-15 19:21:57,478 - INFO -    Palavras-chave: sistema, site, projeto, github, curso, ifba, para, sistemas, campus, atividades
2026-02-15 19:22:00,483 - INFO - 
============================================================
2026-02-15 19:22:00,483 - INFO - 🏛️  Processando IFBA - Campus Camaçari
2026-02-15 19:22:00,484 - INFO - ============================================================
2026-02-15 19:22:00,484 - INFO - 
🔄 Iteração 1/3 para IFBA
2026-02-15 19:22:00,484 - INFO -   🔎 Testando: "ifba"
2026-02-15 19:22:15,841 - INFO -      ✅ 500 resultados (eficiência: 0.30)
2026-02-15 19:22:18,845 - INFO - 
🔄 Iteração 2/3 para IFBA
2026-02-15 19:22:18,846 - INFO -   ⚠️ Sem novas queries para testar
2026-02-15 19:22:18,848 - INFO - 
📊 Métricas finais para IFBA:
2026-02-15 19:22:18,848 - INFO -    Total de queries testadas: 1
2026-02-15 19:22:18,848 - INFO -    Queries com sucesso: 0
2026-02-15 19:22:18,892 - INFO - ✅ IFBA: 500 repositórios
2026-02-15 19:22:18,893 - INFO -    Palavras-chave: sistema, site, projeto, github, curso, ifba, para, sistemas, campus, atividades
2026-02-15 19:22:21,897 - INFO - 
============================================================
2026-02-15 19:22:21,897 - INFO - 🏛️  Processando IFBA - Campus Santo Amaro
2026-02-15 19:22:21,897 - INFO - ============================================================
2026-02-15 19:22:21,897 - INFO - 
🔄 Iteração 1/3 para IFBA
2026-02-15 19:22:21,897 - INFO -   🔎 Testando: "ifba"
2026-02-15 19:22:37,987 - INFO -      ✅ 500 resultados (eficiência: 0.30)
2026-02-15 19:22:38,989 - INFO -   🔎 Testando: "campus santo"
2026-02-15 19:22:40,243 - INFO -      ✅ 23 resultados (eficiência: 0.07)
2026-02-15 19:22:43,245 - INFO - 
🔄 Iteração 2/3 para IFBA
2026-02-15 19:22:43,247 - INFO -   ⚠️ Sem novas queries para testar
2026-02-15 19:22:43,248 - INFO - 
📊 Métricas finais para IFBA:
2026-02-15 19:22:43,249 - INFO -    Total de queries testadas: 2
2026-02-15 19:22:43,249 - INFO -    Queries com sucesso: 0
2026-02-15 19:22:43,294 - INFO - ✅ IFBA: 523 repositórios
2026-02-15 19:22:43,295 - INFO -    Palavras-chave: trabalho, sistema, projeto, github, curso, ifba, para, sistemas, campus, atividades
2026-02-15 19:22:46,300 - INFO - 
============================================================
2026-02-15 19:22:46,300 - INFO - 🏛️  Processando IFBA - Campus Simões Filho
2026-02-15 19:22:46,301 - INFO - ============================================================
2026-02-15 19:22:46,301 - INFO - 
🔄 Iteração 1/3 para IFBA
2026-02-15 19:22:46,301 - INFO -   🔎 Testando: "ifba"
2026-02-15 19:23:01,003 - INFO -      ✅ 500 resultados (eficiência: 0.30)
2026-02-15 19:23:02,004 - INFO -   🔎 Testando: "campus simões"
2026-02-15 19:23:02,816 - INFO -      ✅ 0 resultados (eficiência: 0.00)
2026-02-15 19:23:05,820 - INFO - 
🔄 Iteração 2/3 para IFBA
2026-02-15 19:23:05,821 - INFO -   ⚠️ Sem novas queries para testar
2026-02-15 19:23:05,822 - INFO - 
📊 Métricas finais para IFBA:
2026-02-15 19:23:05,823 - INFO -    Total de queries testadas: 2
2026-02-15 19:23:05,823 - INFO -    Queries com sucesso: 0
2026-02-15 19:23:05,878 - INFO - ✅ IFBA: 500 repositórios
2026-02-15 19:23:05,878 - INFO -    Palavras-chave: sistema, site, projeto, github, curso, ifba, para, sistemas, campus, atividades
2026-02-15 19:23:08,882 - INFO - 
============================================================
2026-02-15 19:23:08,883 - INFO - 🏛️  Processando IFBA - Campus Eunápolis
2026-02-15 19:23:08,883 - INFO - ============================================================
2026-02-15 19:23:08,883 - INFO - 
🔄 Iteração 1/3 para IFBA
2026-02-15 19:23:08,884 - INFO -   🔎 Testando: "ifba"
2026-02-15 19:23:23,545 - INFO -      ✅ 500 resultados (eficiência: 0.30)
2026-02-15 19:23:26,549 - INFO - 
🔄 Iteração 2/3 para IFBA
2026-02-15 19:23:26,550 - INFO -   ⚠️ Sem novas queries para testar
2026-02-15 19:23:26,551 - INFO - 
📊 Métricas finais para IFBA:
2026-02-15 19:23:26,551 - INFO -    Total de queries testadas: 1
2026-02-15 19:23:26,552 - INFO -    Queries com sucesso: 0
2026-02-15 19:23:26,703 - INFO - ✅ IFBA: 500 repositórios
2026-02-15 19:23:26,704 - INFO -    Palavras-chave: sistema, site, projeto, github, curso, ifba, para, sistemas, campus, atividades
2026-02-15 19:23:29,706 - INFO - 
============================================================
2026-02-15 19:23:29,707 - INFO - 🏛️  Processando IFBA - Campus Jequié
2026-02-15 19:23:29,707 - INFO - ============================================================
2026-02-15 19:23:29,707 - INFO - 
🔄 Iteração 1/3 para IFBA
2026-02-15 19:23:29,708 - INFO -   🔎 Testando: "ifba"
2026-02-15 19:23:44,851 - INFO -      ✅ 500 resultados (eficiência: 0.30)
2026-02-15 19:23:47,855 - INFO - 
🔄 Iteração 2/3 para IFBA
2026-02-15 19:23:47,856 - INFO -   ⚠️ Sem novas queries para testar
2026-02-15 19:23:47,857 - INFO - 
📊 Métricas finais para IFBA:
2026-02-15 19:23:47,857 - INFO -    Total de queries testadas: 1
2026-02-15 19:23:47,858 - INFO -    Queries com sucesso: 0
2026-02-15 19:23:47,951 - INFO - ✅ IFBA: 500 repositórios
2026-02-15 19:23:47,951 - INFO -    Palavras-chave: sistema, site, projeto, github, curso, ifba, para, sistemas, campus, atividades
2026-02-15 19:23:50,953 - INFO - 
============================================================
2026-02-15 19:23:50,953 - INFO - 🏛️  Processando IFBA - Campus Irecê
2026-02-15 19:23:50,953 - INFO - ============================================================
2026-02-15 19:23:50,954 - INFO - 
🔄 Iteração 1/3 para IFBA
2026-02-15 19:23:50,954 - INFO -   🔎 Testando: "ifba"
2026-02-15 19:24:06,072 - INFO -      ✅ 500 resultados (eficiência: 0.30)
2026-02-15 19:24:09,073 - INFO - 
🔄 Iteração 2/3 para IFBA
2026-02-15 19:24:09,074 - INFO -   ⚠️ Sem novas queries para testar
2026-02-15 19:24:09,076 - INFO - 
📊 Métricas finais para IFBA:
2026-02-15 19:24:09,076 - INFO -    Total de queries testadas: 1
2026-02-15 19:24:09,076 - INFO -    Queries com sucesso: 0
2026-02-15 19:24:09,210 - INFO - ✅ IFBA: 500 repositórios
2026-02-15 19:24:09,210 - INFO -    Palavras-chave: sistema, site, projeto, github, curso, ifba, para, sistemas, campus, atividades
2026-02-15 19:24:12,214 - INFO - 
============================================================
2026-02-15 19:24:12,214 - INFO - 🏛️  Processando IFBA - Campus Jacobina
2026-02-15 19:24:12,214 - INFO - ============================================================
2026-02-15 19:24:12,214 - INFO - 
🔄 Iteração 1/3 para IFBA
2026-02-15 19:24:12,214 - INFO -   🔎 Testando: "ifba"
2026-02-15 19:24:26,811 - INFO -      ✅ 500 resultados (eficiência: 0.30)
2026-02-15 19:24:29,815 - INFO - 
🔄 Iteração 2/3 para IFBA
2026-02-15 19:24:29,816 - INFO -   ⚠️ Sem novas queries para testar
2026-02-15 19:24:29,817 - INFO - 
📊 Métricas finais para IFBA:
2026-02-15 19:24:29,817 - INFO -    Total de queries testadas: 1
2026-02-15 19:24:29,818 - INFO -    Queries com sucesso: 0
2026-02-15 19:24:29,890 - INFO - ✅ IFBA: 500 repositórios
2026-02-15 19:24:29,891 - INFO -    Palavras-chave: sistema, site, projeto, github, curso, ifba, para, sistemas, campus, atividades
2026-02-15 19:24:32,894 - INFO - 
============================================================
2026-02-15 19:24:32,894 - INFO - 🏛️  Processando IFBA - Campus Seabra
2026-02-15 19:24:32,895 - INFO - ============================================================
2026-02-15 19:24:32,895 - INFO - 
🔄 Iteração 1/3 para IFBA
2026-02-15 19:24:32,895 - INFO -   🔎 Testando: "ifba"
2026-02-15 19:24:47,731 - INFO -      ✅ 500 resultados (eficiência: 0.30)
2026-02-15 19:24:50,733 - INFO - 
🔄 Iteração 2/3 para IFBA
2026-02-15 19:24:50,733 - INFO -   ⚠️ Sem novas queries para testar
2026-02-15 19:24:50,733 - INFO - 
📊 Métricas finais para IFBA:
2026-02-15 19:24:50,734 - INFO -    Total de queries testadas: 1
2026-02-15 19:24:50,734 - INFO -    Queries com sucesso: 0
2026-02-15 19:24:50,801 - INFO - ✅ IFBA: 500 repositórios
2026-02-15 19:24:50,801 - INFO -    Palavras-chave: sistema, site, projeto, github, curso, ifba, para, sistemas, campus, atividades
2026-02-15 19:24:53,805 - INFO - 
============================================================
2026-02-15 19:24:53,805 - INFO - 🏛️  Processando IFBA - Campus Ilhéus
2026-02-15 19:24:53,805 - INFO - ============================================================
2026-02-15 19:24:53,805 - INFO - 
🔄 Iteração 1/3 para IFBA
2026-02-15 19:24:53,805 - INFO -   🔎 Testando: "ifba"
2026-02-15 19:25:08,656 - INFO -      ✅ 500 resultados (eficiência: 0.30)
2026-02-15 19:25:11,659 - INFO - 
🔄 Iteração 2/3 para IFBA
2026-02-15 19:25:11,660 - INFO -   ⚠️ Sem novas queries para testar
2026-02-15 19:25:11,661 - INFO - 
📊 Métricas finais para IFBA:
2026-02-15 19:25:11,661 - INFO -    Total de queries testadas: 1
2026-02-15 19:25:11,662 - INFO -    Queries com sucesso: 0
2026-02-15 19:25:11,789 - INFO - ✅ IFBA: 500 repositórios
2026-02-15 19:25:11,790 - INFO -    Palavras-chave: sistema, site, projeto, github, curso, ifba, para, sistemas, campus, atividades
2026-02-15 19:25:14,793 - INFO - 
============================================================
2026-02-15 19:25:14,793 - INFO - 🏛️  Processando IFBA - Campus Paulo Afonso
2026-02-15 19:25:14,793 - INFO - ============================================================
2026-02-15 19:25:14,793 - INFO - 
🔄 Iteração 1/3 para IFBA
2026-02-15 19:25:14,793 - INFO -   🔎 Testando: "ifba"
2026-02-15 19:25:30,075 - INFO -      ✅ 500 resultados (eficiência: 0.30)
2026-02-15 19:25:31,077 - INFO -   🔎 Testando: "campus paulo"
2026-02-15 19:25:31,921 - INFO -      ✅ 6 resultados (eficiência: 0.02)
2026-02-15 19:25:34,925 - INFO - 
🔄 Iteração 2/3 para IFBA
2026-02-15 19:25:34,925 - INFO -   ⚠️ Sem novas queries para testar
2026-02-15 19:25:34,925 - INFO - 
📊 Métricas finais para IFBA:
2026-02-15 19:25:34,925 - INFO -    Total de queries testadas: 2
2026-02-15 19:25:34,925 - INFO -    Queries com sucesso: 0
2026-02-15 19:25:34,991 - INFO - ✅ IFBA: 504 repositórios
2026-02-15 19:25:34,993 - INFO -    Palavras-chave: trabalho, sistema, projeto, github, curso, ifba, para, sistemas, campus, atividades
2026-02-15 19:25:37,997 - INFO - 
============================================================
2026-02-15 19:25:37,998 - INFO - 🏛️  Processando IFBAIANO - Campus Santo Estêvão
2026-02-15 19:25:37,998 - INFO - ============================================================
2026-02-15 19:25:37,998 - INFO - 
🔄 Iteração 1/3 para IFBAIANO
2026-02-15 19:25:37,998 - INFO -   🔎 Testando: "campus santo"
2026-02-15 19:25:39,552 - INFO -      ✅ 23 resultados (eficiência: 0.07)
2026-02-15 19:25:40,553 - INFO -   🔎 Testando: "ifbaiano"
2026-02-15 19:25:42,326 - INFO -      ✅ 81 resultados (eficiência: 0.24)
2026-02-15 19:25:45,330 - INFO - 
🔄 Iteração 2/3 para IFBAIANO
2026-02-15 19:25:45,331 - INFO -   ⚠️ Sem novas queries para testar
2026-02-15 19:25:45,332 - INFO - 
📊 Métricas finais para IFBAIANO:
2026-02-15 19:25:45,332 - INFO -    Total de queries testadas: 2
2026-02-15 19:25:45,333 - INFO -    Queries com sucesso: 0
2026-02-15 19:25:45,422 - INFO - ✅ IFBAIANO: 104 repositórios
2026-02-15 19:25:45,425 - INFO -    Palavras-chave: senac, site, projeto, santo, amaro, curso, para, virtual, semestre, campus
2026-02-15 19:25:48,432 - INFO - 
============================================================
2026-02-15 19:25:48,432 - INFO - 🏛️  Processando IFBAIANO - Campus Ribeira do Pombal
2026-02-15 19:25:48,433 - INFO - ============================================================
2026-02-15 19:25:48,433 - INFO - 
🔄 Iteração 1/3 para IFBAIANO
2026-02-15 19:25:48,433 - INFO -   🔎 Testando: "campus ribeira"
2026-02-15 19:25:49,016 - INFO -      ✅ 0 resultados (eficiência: 0.00)
2026-02-15 19:25:50,017 - INFO -   🔎 Testando: "ifbaiano"
2026-02-15 19:25:52,034 - INFO -      ✅ 81 resultados (eficiência: 0.24)
2026-02-15 19:25:55,037 - INFO - 
🔄 Iteração 2/3 para IFBAIANO
2026-02-15 19:25:55,039 - INFO -   ⚠️ Sem novas queries para testar
2026-02-15 19:25:55,039 - INFO - 
📊 Métricas finais para IFBAIANO:
2026-02-15 19:25:55,040 - INFO -    Total de queries testadas: 2
2026-02-15 19:25:55,040 - INFO -    Queries com sucesso: 0
2026-02-15 19:25:55,114 - INFO - ✅ IFBAIANO: 81 repositórios
2026-02-15 19:25:55,117 - INFO -    Palavras-chave: site, projeto, cepedi, curso, para, virtual, ifbaiano campus, campus, nuvem, disciplina
2026-02-15 19:25:58,121 - INFO - 
============================================================
2026-02-15 19:25:58,121 - INFO - 🏛️  Processando IFBAIANO - Campus Remanso
2026-02-15 19:25:58,121 - INFO - ============================================================
2026-02-15 19:25:58,121 - INFO - 
🔄 Iteração 1/3 para IFBAIANO
2026-02-15 19:25:58,121 - INFO -   🔎 Testando: "ifbaiano"
2026-02-15 19:26:00,524 - INFO -      ✅ 81 resultados (eficiência: 0.24)
2026-02-15 19:26:03,527 - INFO - 
🔄 Iteração 2/3 para IFBAIANO
2026-02-15 19:26:03,528 - INFO -   ⚠️ Sem novas queries para testar
2026-02-15 19:26:03,528 - INFO - 
📊 Métricas finais para IFBAIANO:
2026-02-15 19:26:03,528 - INFO -    Total de queries testadas: 1
2026-02-15 19:26:03,528 - INFO -    Queries com sucesso: 0
2026-02-15 19:26:03,547 - INFO - ✅ IFBAIANO: 81 repositórios
2026-02-15 19:26:03,547 - INFO -    Palavras-chave: site, projeto, cepedi, curso, para, virtual, ifbaiano campus, campus, nuvem, disciplina
2026-02-15 19:26:06,549 - INFO - 
============================================================
2026-02-15 19:26:06,549 - INFO - 🏛️  Processando IFBAIANO - Campus Ruy Barbosa
2026-02-15 19:26:06,549 - INFO - ============================================================
2026-02-15 19:26:06,549 - INFO - 
🔄 Iteração 1/3 para IFBAIANO
2026-02-15 19:26:06,549 - INFO -   🔎 Testando: "campus ruy"
2026-02-15 19:26:06,993 - INFO -      ✅ 0 resultados (eficiência: 0.00)
2026-02-15 19:26:07,994 - INFO -   🔎 Testando: "ifbaiano"
2026-02-15 19:26:09,803 - INFO -      ✅ 81 resultados (eficiência: 0.24)
2026-02-15 19:26:12,805 - INFO - 
🔄 Iteração 2/3 para IFBAIANO
2026-02-15 19:26:12,805 - INFO -   ⚠️ Sem novas queries para testar
2026-02-15 19:26:12,805 - INFO - 
📊 Métricas finais para IFBAIANO:
2026-02-15 19:26:12,805 - INFO -    Total de queries testadas: 2
2026-02-15 19:26:12,805 - INFO -    Queries com sucesso: 0
2026-02-15 19:26:12,816 - INFO - ✅ IFBAIANO: 81 repositórios
2026-02-15 19:26:12,817 - INFO -    Palavras-chave: site, projeto, cepedi, curso, para, virtual, ifbaiano campus, campus, nuvem, disciplina
2026-02-15 19:26:15,818 - INFO - 
============================================================
2026-02-15 19:26:15,819 - INFO - 🏛️  Processando IFB - Campus Brasília
2026-02-15 19:26:15,819 - INFO - ============================================================
2026-02-15 19:26:15,819 - INFO - 
🔄 Iteração 1/3 para IFB
2026-02-15 19:26:15,820 - INFO -   🔎 Testando: "ifb"
2026-02-15 19:26:32,794 - INFO -      ✅ 500 resultados (eficiência: 0.30)
2026-02-15 19:26:35,797 - INFO - 
🔄 Iteração 2/3 para IFB
2026-02-15 19:26:35,799 - INFO -   ⚠️ Sem novas queries para testar
2026-02-15 19:26:35,800 - INFO - 
📊 Métricas finais para IFB:
2026-02-15 19:26:35,800 - INFO -    Total de queries testadas: 1
2026-02-15 19:26:35,801 - INFO -    Queries com sucesso: 0
2026-02-15 19:26:35,918 - INFO - ✅ IFB: 500 repositórios
2026-02-15 19:26:35,918 - INFO -    Palavras-chave: firmware, crypto, projeto, best, service, center, curso, ifba, ifb299, utils
2026-02-15 19:26:38,922 - INFO - 
============================================================
2026-02-15 19:26:38,923 - INFO - 🏛️  Processando IFB - Campus Gama
2026-02-15 19:26:38,923 - INFO - ============================================================
2026-02-15 19:26:38,923 - INFO - 
🔄 Iteração 1/3 para IFB
2026-02-15 19:26:38,924 - INFO -   🔎 Testando: "ifb"
2026-02-15 19:26:54,467 - INFO -      ✅ 500 resultados (eficiência: 0.30)
2026-02-15 19:26:57,470 - INFO - 
🔄 Iteração 2/3 para IFB
2026-02-15 19:26:57,474 - INFO -   ⚠️ Sem novas queries para testar
2026-02-15 19:26:57,475 - INFO - 
📊 Métricas finais para IFB:
2026-02-15 19:26:57,476 - INFO -    Total de queries testadas: 1
2026-02-15 19:26:57,476 - INFO -    Queries com sucesso: 0
2026-02-15 19:26:57,620 - INFO - ✅ IFB: 500 repositórios
2026-02-15 19:26:57,620 - INFO -    Palavras-chave: firmware, crypto, projeto, best, service, center, curso, ifba, ifb299, utils
2026-02-15 19:27:00,622 - INFO - 
============================================================
2026-02-15 19:27:00,622 - INFO - 🏛️  Processando IFB - Campus Samambaia
2026-02-15 19:27:00,623 - INFO - ============================================================
2026-02-15 19:27:00,623 - INFO - 
🔄 Iteração 1/3 para IFB
2026-02-15 19:27:00,624 - INFO -   🔎 Testando: "ifb"
2026-02-15 19:27:16,500 - INFO -      ✅ 500 resultados (eficiência: 0.30)
2026-02-15 19:27:19,504 - INFO - 
🔄 Iteração 2/3 para IFB
2026-02-15 19:27:19,508 - INFO -   ⚠️ Sem novas queries para testar
2026-02-15 19:27:19,509 - INFO - 
📊 Métricas finais para IFB:
2026-02-15 19:27:19,510 - INFO -    Total de queries testadas: 1
2026-02-15 19:27:19,511 - INFO -    Queries com sucesso: 0
2026-02-15 19:27:19,706 - INFO - ✅ IFB: 500 repositórios
2026-02-15 19:27:19,707 - INFO -    Palavras-chave: firmware, crypto, projeto, best, service, center, curso, ifba, ifb299, utils
2026-02-15 19:27:22,709 - INFO - 
============================================================
2026-02-15 19:27:22,710 - INFO - 🏛️  Processando IFB - Campus Planaltina
2026-02-15 19:27:22,710 - INFO - ============================================================
2026-02-15 19:27:22,710 - INFO - 
🔄 Iteração 1/3 para IFB
2026-02-15 19:27:22,710 - INFO -   🔎 Testando: "ifb"
2026-02-15 19:27:39,702 - INFO -      ✅ 500 resultados (eficiência: 0.30)
2026-02-15 19:27:42,705 - INFO - 
🔄 Iteração 2/3 para IFB
2026-02-15 19:27:42,709 - INFO -   ⚠️ Sem novas queries para testar
2026-02-15 19:27:42,710 - INFO - 
📊 Métricas finais para IFB:
2026-02-15 19:27:42,711 - INFO -    Total de queries testadas: 1
2026-02-15 19:27:42,712 - INFO -    Queries com sucesso: 0
2026-02-15 19:27:42,850 - INFO - ✅ IFB: 500 repositórios
2026-02-15 19:27:42,850 - INFO -    Palavras-chave: firmware, crypto, projeto, best, service, center, curso, ifba, ifb299, utils
2026-02-15 19:27:45,854 - INFO - 
============================================================
2026-02-15 19:27:45,854 - INFO - 🏛️  Processando IFB - Campus Taguatinga
2026-02-15 19:27:45,855 - INFO - ============================================================
2026-02-15 19:27:45,855 - INFO - 
🔄 Iteração 1/3 para IFB
2026-02-15 19:27:45,855 - INFO -   🔎 Testando: "ifb"
2026-02-15 19:28:01,683 - INFO -      ✅ 500 resultados (eficiência: 0.30)
2026-02-15 19:28:04,687 - INFO - 
🔄 Iteração 2/3 para IFB
2026-02-15 19:28:04,691 - INFO -   ⚠️ Sem novas queries para testar
2026-02-15 19:28:04,692 - INFO - 
📊 Métricas finais para IFB:
2026-02-15 19:28:04,692 - INFO -    Total de queries testadas: 1
2026-02-15 19:28:04,693 - INFO -    Queries com sucesso: 0
2026-02-15 19:28:04,856 - INFO - ✅ IFB: 500 repositórios
2026-02-15 19:28:04,856 - INFO -    Palavras-chave: firmware, crypto, projeto, best, service, center, curso, ifba, ifb299, utils
2026-02-15 19:28:07,858 - INFO - 
============================================================
2026-02-15 19:28:07,859 - INFO - 🏛️  Processando IFB - Campus Sol Nascente
2026-02-15 19:28:07,859 - INFO - ============================================================
2026-02-15 19:28:07,860 - INFO - 
🔄 Iteração 1/3 para IFB
2026-02-15 19:28:07,860 - INFO -   🔎 Testando: "ifb"
2026-02-15 19:28:23,358 - INFO -      ✅ 500 resultados (eficiência: 0.30)
2026-02-15 19:28:24,359 - INFO -   🔎 Testando: "campus sol"
2026-02-15 19:28:26,510 - INFO -      ✅ 49 resultados (eficiência: 0.15)
2026-02-15 19:28:29,513 - INFO - 
🔄 Iteração 2/3 para IFB
2026-02-15 19:28:29,516 - INFO -   ⚠️ Sem novas queries para testar
2026-02-15 19:28:29,518 - INFO - 
📊 Métricas finais para IFB:
2026-02-15 19:28:29,518 - INFO -    Total de queries testadas: 2
2026-02-15 19:28:29,519 - INFO -    Queries com sucesso: 0
2026-02-15 19:28:29,685 - INFO - ✅ IFB: 549 repositórios
2026-02-15 19:28:29,686 - INFO -    Palavras-chave: firmware, solution, crypto, projeto, service, center, curso, ifba, ifb299, utils
2026-02-15 19:28:32,690 - INFO - 
============================================================
2026-02-15 19:28:32,691 - INFO - 🏛️  Processando IFB - Campus Sobradinho
2026-02-15 19:28:32,691 - INFO - ============================================================
2026-02-15 19:28:32,691 - INFO - 
🔄 Iteração 1/3 para IFB
2026-02-15 19:28:32,692 - INFO -   🔎 Testando: "ifb"
2026-02-15 19:28:47,968 - INFO -      ✅ 500 resultados (eficiência: 0.30)
2026-02-15 19:28:50,973 - INFO - 
🔄 Iteração 2/3 para IFB
2026-02-15 19:28:50,976 - INFO -   ⚠️ Sem novas queries para testar
2026-02-15 19:28:50,978 - INFO - 
📊 Métricas finais para IFB:
2026-02-15 19:28:50,978 - INFO -    Total de queries testadas: 1
2026-02-15 19:28:50,979 - INFO -    Queries com sucesso: 0
2026-02-15 19:28:51,111 - INFO - ✅ IFB: 500 repositórios
2026-02-15 19:28:51,111 - INFO -    Palavras-chave: firmware, crypto, projeto, best, service, center, curso, ifba, ifb299, utils
2026-02-15 19:28:54,116 - INFO - 
============================================================
2026-02-15 19:28:54,116 - INFO - 🏛️  Processando IFCE - Campus Fortaleza
2026-02-15 19:28:54,117 - INFO - ============================================================
2026-02-15 19:28:54,117 - INFO - 
🔄 Iteração 1/3 para IFCE
2026-02-15 19:28:54,117 - INFO -   🔎 Testando: "ifce"
2026-02-15 19:29:08,834 - INFO -      ✅ 500 resultados (eficiência: 0.30)
2026-02-15 19:29:11,837 - INFO - 
🔄 Iteração 2/3 para IFCE
2026-02-15 19:29:11,838 - INFO -   ⚠️ Sem novas queries para testar
2026-02-15 19:29:11,840 - INFO - 
📊 Métricas finais para IFCE:
2026-02-15 19:29:11,840 - INFO -    Total de queries testadas: 1
2026-02-15 19:29:11,840 - INFO -    Queries com sucesso: 0
2026-02-15 19:29:11,913 - INFO - ✅ IFCE: 500 repositórios
2026-02-15 19:29:11,913 - INFO -    Palavras-chave: trabalho, sistema, java, ifce, projeto, dados, course, curso, crato, para
2026-02-15 19:29:14,917 - INFO - 
============================================================
2026-02-15 19:29:14,917 - INFO - 🏛️  Processando IFCE - Campus Cedro
2026-02-15 19:29:14,917 - INFO - ============================================================
2026-02-15 19:29:14,917 - INFO - 
🔄 Iteração 1/3 para IFCE
2026-02-15 19:29:14,917 - INFO -   🔎 Testando: "ifce"
2026-02-15 19:29:30,492 - INFO -      ✅ 500 resultados (eficiência: 0.30)
2026-02-15 19:29:33,496 - INFO - 
🔄 Iteração 2/3 para IFCE
2026-02-15 19:29:33,497 - INFO -   ⚠️ Sem novas queries para testar
2026-02-15 19:29:33,498 - INFO - 
📊 Métricas finais para IFCE:
2026-02-15 19:29:33,499 - INFO -    Total de queries testadas: 1
2026-02-15 19:29:33,499 - INFO -    Queries com sucesso: 0
2026-02-15 19:29:33,570 - INFO - ✅ IFCE: 500 repositórios
2026-02-15 19:29:33,570 - INFO -    Palavras-chave: trabalho, sistema, java, ifce, projeto, dados, course, curso, crato, para
2026-02-15 19:29:36,574 - INFO - 
============================================================
2026-02-15 19:29:36,574 - INFO - 🏛️  Processando IFCE - Campus Juazeiro do Norte
2026-02-15 19:29:36,574 - INFO - ============================================================
2026-02-15 19:29:36,574 - INFO - 
🔄 Iteração 1/3 para IFCE
2026-02-15 19:29:36,574 - INFO -   🔎 Testando: "ifce"
2026-02-15 19:29:52,227 - INFO -      ✅ 500 resultados (eficiência: 0.30)
2026-02-15 19:29:53,229 - INFO -   🔎 Testando: "campus juazeiro"
2026-02-15 19:29:53,860 - INFO -      ✅ 3 resultados (eficiência: 0.01)
2026-02-15 19:29:56,864 - INFO - 
🔄 Iteração 2/3 para IFCE
2026-02-15 19:29:56,865 - INFO -   ⚠️ Sem novas queries para testar
2026-02-15 19:29:56,866 - INFO - 
📊 Métricas finais para IFCE:
2026-02-15 19:29:56,867 - INFO -    Total de queries testadas: 2
2026-02-15 19:29:56,867 - INFO -    Queries com sucesso: 0
2026-02-15 19:29:56,918 - INFO - ✅ IFCE: 502 repositórios
2026-02-15 19:29:56,919 - INFO -    Palavras-chave: trabalho, sistema, java, ifce, projeto, dados, course, curso, crato, para
2026-02-15 19:29:59,924 - INFO - 
============================================================
2026-02-15 19:29:59,924 - INFO - 🏛️  Processando IFCE - Campus Maracanaú
2026-02-15 19:29:59,924 - INFO - ============================================================
2026-02-15 19:29:59,925 - INFO - 
🔄 Iteração 1/3 para IFCE
2026-02-15 19:29:59,925 - INFO -   🔎 Testando: "ifce"
2026-02-15 19:30:15,819 - INFO -      ✅ 500 resultados (eficiência: 0.30)
2026-02-15 19:30:18,824 - INFO - 
🔄 Iteração 2/3 para IFCE
2026-02-15 19:30:18,824 - INFO -   ⚠️ Sem novas queries para testar
2026-02-15 19:30:18,826 - INFO - 
📊 Métricas finais para IFCE:
2026-02-15 19:30:18,826 - INFO -    Total de queries testadas: 1
2026-02-15 19:30:18,826 - INFO -    Queries com sucesso: 0
2026-02-15 19:30:18,885 - INFO - ✅ IFCE: 500 repositórios
2026-02-15 19:30:18,885 - INFO -    Palavras-chave: trabalho, sistema, java, ifce, projeto, dados, course, curso, crato, para
2026-02-15 19:30:21,889 - INFO - 
============================================================
2026-02-15 19:30:21,890 - INFO - 🏛️  Processando IFCE - Campus Crato
2026-02-15 19:30:21,890 - INFO - ============================================================
2026-02-15 19:30:21,890 - INFO - 
🔄 Iteração 1/3 para IFCE
2026-02-15 19:30:21,890 - INFO -   🔎 Testando: "ifce"
2026-02-15 19:30:38,734 - INFO -      ✅ 500 resultados (eficiência: 0.30)
2026-02-15 19:30:41,739 - INFO - 
🔄 Iteração 2/3 para IFCE
2026-02-15 19:30:41,740 - INFO -   ⚠️ Sem novas queries para testar
2026-02-15 19:30:41,741 - INFO - 
📊 Métricas finais para IFCE:
2026-02-15 19:30:41,742 - INFO -    Total de queries testadas: 1
2026-02-15 19:30:41,742 - INFO -    Queries com sucesso: 0
2026-02-15 19:30:41,787 - INFO - ✅ IFCE: 500 repositórios
2026-02-15 19:30:41,788 - INFO -    Palavras-chave: trabalho, sistema, java, ifce, projeto, dados, course, curso, crato, para
2026-02-15 19:30:44,789 - INFO - 
============================================================
2026-02-15 19:30:44,789 - INFO - 🏛️  Processando IFCE - Campus Iguatu
2026-02-15 19:30:44,790 - INFO - ============================================================
2026-02-15 19:30:44,790 - INFO - 
🔄 Iteração 1/3 para IFCE
2026-02-15 19:30:44,790 - INFO -   🔎 Testando: "ifce"
2026-02-15 19:31:00,406 - INFO -      ✅ 500 resultados (eficiência: 0.30)
2026-02-15 19:31:03,410 - INFO - 
🔄 Iteração 2/3 para IFCE
2026-02-15 19:31:03,411 - INFO -   ⚠️ Sem novas queries para testar
2026-02-15 19:31:03,412 - INFO - 
📊 Métricas finais para IFCE:
2026-02-15 19:31:03,412 - INFO -    Total de queries testadas: 1
2026-02-15 19:31:03,413 - INFO -    Queries com sucesso: 0
2026-02-15 19:31:03,482 - INFO - ✅ IFCE: 500 repositórios
2026-02-15 19:31:03,482 - INFO -    Palavras-chave: trabalho, sistema, java, ifce, projeto, dados, course, curso, crato, para
2026-02-15 19:31:06,485 - INFO - 
============================================================
2026-02-15 19:31:06,485 - INFO - 🏛️  Processando IFCE - Campus Canindé
2026-02-15 19:31:06,485 - INFO - ============================================================
2026-02-15 19:31:06,485 - INFO - 
🔄 Iteração 1/3 para IFCE
2026-02-15 19:31:06,486 - INFO -   🔎 Testando: "ifce"
2026-02-15 19:31:22,924 - INFO -      ✅ 500 resultados (eficiência: 0.30)
2026-02-15 19:31:25,929 - INFO - 
🔄 Iteração 2/3 para IFCE
2026-02-15 19:31:25,930 - INFO -   ⚠️ Sem novas queries para testar
2026-02-15 19:31:25,931 - INFO - 
📊 Métricas finais para IFCE:
2026-02-15 19:31:25,931 - INFO -    Total de queries testadas: 1
2026-02-15 19:31:25,932 - INFO -    Queries com sucesso: 0
2026-02-15 19:31:26,002 - INFO - ✅ IFCE: 500 repositórios
2026-02-15 19:31:26,004 - INFO -    Palavras-chave: trabalho, sistema, java, ifce, projeto, dados, course, curso, crato, para
2026-02-15 19:31:29,006 - INFO - 
============================================================
2026-02-15 19:31:29,006 - INFO - 🏛️  Processando IFCE - Campus Limoeiro do Norte
2026-02-15 19:31:29,006 - INFO - ============================================================
2026-02-15 19:31:29,006 - INFO - 
🔄 Iteração 1/3 para IFCE
2026-02-15 19:31:29,007 - INFO -   🔎 Testando: "ifce"
2026-02-15 19:31:43,298 - INFO -      ✅ 500 resultados (eficiência: 0.30)
2026-02-15 19:31:44,299 - INFO -   🔎 Testando: "campus limoeiro"
2026-02-15 19:31:44,856 - INFO -      ✅ 1 resultados (eficiência: 0.00)
2026-02-15 19:31:47,860 - INFO - 
🔄 Iteração 2/3 para IFCE
2026-02-15 19:31:47,862 - INFO -   ⚠️ Sem novas queries para testar
2026-02-15 19:31:47,863 - INFO - 
📊 Métricas finais para IFCE:
2026-02-15 19:31:47,863 - INFO -    Total de queries testadas: 2
2026-02-15 19:31:47,864 - INFO -    Queries com sucesso: 0
2026-02-15 19:31:47,932 - INFO - ✅ IFCE: 501 repositórios
2026-02-15 19:31:47,933 - INFO -    Palavras-chave: trabalho, sistema, java, ifce, ifce campus, projeto, dados, curso, crato, para
2026-02-15 19:31:50,938 - INFO - 
============================================================
2026-02-15 19:31:50,939 - INFO - 🏛️  Processando IFCE - Campus Sobral
2026-02-15 19:31:50,939 - INFO - ============================================================
2026-02-15 19:31:50,939 - INFO - 
🔄 Iteração 1/3 para IFCE
2026-02-15 19:31:50,940 - INFO -   🔎 Testando: "ifce"
2026-02-15 19:32:05,391 - INFO -      ✅ 500 resultados (eficiência: 0.30)
2026-02-15 19:32:08,395 - INFO - 
🔄 Iteração 2/3 para IFCE
2026-02-15 19:32:08,396 - INFO -   ⚠️ Sem novas queries para testar
2026-02-15 19:32:08,397 - INFO - 
📊 Métricas finais para IFCE:
2026-02-15 19:32:08,398 - INFO -    Total de queries testadas: 1
2026-02-15 19:32:08,398 - INFO -    Queries com sucesso: 0
2026-02-15 19:32:08,482 - INFO - ✅ IFCE: 500 repositórios
2026-02-15 19:32:08,482 - INFO -    Palavras-chave: trabalho, sistema, java, ifce, projeto, dados, course, curso, crato, para
2026-02-15 19:32:11,486 - INFO - 
============================================================
2026-02-15 19:32:11,487 - INFO - 🏛️  Processando IFCE - Campus Acaraú
2026-02-15 19:32:11,487 - INFO - ============================================================
2026-02-15 19:32:11,487 - INFO - 
🔄 Iteração 1/3 para IFCE
2026-02-15 19:32:11,487 - INFO -   🔎 Testando: "ifce"
2026-02-15 19:32:27,205 - INFO -      ✅ 500 resultados (eficiência: 0.30)
2026-02-15 19:32:30,209 - INFO - 
🔄 Iteração 2/3 para IFCE
2026-02-15 19:32:30,210 - INFO -   ⚠️ Sem novas queries para testar
2026-02-15 19:32:30,211 - INFO - 
📊 Métricas finais para IFCE:
2026-02-15 19:32:30,211 - INFO -    Total de queries testadas: 1
2026-02-15 19:32:30,212 - INFO -    Queries com sucesso: 0
2026-02-15 19:32:30,281 - INFO - ✅ IFCE: 500 repositórios
2026-02-15 19:32:30,281 - INFO -    Palavras-chave: trabalho, sistema, java, ifce, projeto, dados, course, curso, crato, para
2026-02-15 19:32:33,283 - INFO - 
============================================================
2026-02-15 19:32:33,283 - INFO - 🏛️  Processando IFCE - Campus Crateús
2026-02-15 19:32:33,283 - INFO - ============================================================
2026-02-15 19:32:33,283 - INFO - 
🔄 Iteração 1/3 para IFCE
2026-02-15 19:32:33,283 - INFO -   🔎 Testando: "ifce"
2026-02-15 19:32:47,101 - INFO -      ✅ 500 resultados (eficiência: 0.30)
2026-02-15 19:32:50,105 - INFO - 
🔄 Iteração 2/3 para IFCE
2026-02-15 19:32:50,106 - INFO -   ⚠️ Sem novas queries para testar
2026-02-15 19:32:50,107 - INFO - 
📊 Métricas finais para IFCE:
2026-02-15 19:32:50,108 - INFO -    Total de queries testadas: 1
2026-02-15 19:32:50,109 - INFO -    Queries com sucesso: 0
2026-02-15 19:32:50,237 - INFO - ✅ IFCE: 500 repositórios
2026-02-15 19:32:50,237 - INFO -    Palavras-chave: trabalho, sistema, java, ifce, projeto, dados, course, curso, crato, para
2026-02-15 19:32:53,241 - INFO - 
============================================================
2026-02-15 19:32:53,241 - INFO - 🏛️  Processando IFCE - Campus Quixadá
2026-02-15 19:32:53,242 - INFO - ============================================================
2026-02-15 19:32:53,242 - INFO - 
🔄 Iteração 1/3 para IFCE
2026-02-15 19:32:53,242 - INFO -   🔎 Testando: "ifce"
2026-02-15 19:33:08,321 - INFO -      ✅ 500 resultados (eficiência: 0.30)
2026-02-15 19:33:11,324 - INFO - 
🔄 Iteração 2/3 para IFCE
2026-02-15 19:33:11,325 - INFO -   ⚠️ Sem novas queries para testar
2026-02-15 19:33:11,327 - INFO - 
📊 Métricas finais para IFCE:
2026-02-15 19:33:11,327 - INFO -    Total de queries testadas: 1
2026-02-15 19:33:11,327 - INFO -    Queries com sucesso: 0
2026-02-15 19:33:11,399 - INFO - ✅ IFCE: 500 repositórios
2026-02-15 19:33:11,400 - INFO -    Palavras-chave: trabalho, sistema, java, ifce, projeto, dados, course, curso, crato, para
2026-02-15 19:33:14,401 - INFO - 
============================================================
2026-02-15 19:33:14,401 - INFO - 🏛️  Processando IFPA - Campus Belém
2026-02-15 19:33:14,401 - INFO - ============================================================
2026-02-15 19:33:14,401 - INFO - 
🔄 Iteração 1/3 para IFPA
2026-02-15 19:33:14,402 - INFO -   🔎 Testando: "ifpa"
2026-02-15 19:33:25,996 - INFO -      ✅ 364 resultados (eficiência: 0.30)
2026-02-15 19:33:29,000 - INFO - 
🔄 Iteração 2/3 para IFPA
2026-02-15 19:33:29,001 - INFO -   ⚠️ Sem novas queries para testar
2026-02-15 19:33:29,002 - INFO - 
📊 Métricas finais para IFPA:
2026-02-15 19:33:29,002 - INFO -    Total de queries testadas: 1
2026-02-15 19:33:29,003 - INFO -    Queries com sucesso: 0
2026-02-15 19:33:29,035 - INFO - ✅ IFPA: 364 repositórios
2026-02-15 19:33:29,035 - INFO -    Palavras-chave: desenvolvido, site, ifpa, projeto, mobile, dados, curso, pinball, website, para
2026-02-15 19:33:32,039 - INFO - 
============================================================
2026-02-15 19:33:32,039 - INFO - 🏛️  Processando IFPA - Campus Castanhal
2026-02-15 19:33:32,040 - INFO - ============================================================
2026-02-15 19:33:32,040 - INFO - 
🔄 Iteração 1/3 para IFPA
2026-02-15 19:33:32,040 - INFO -   🔎 Testando: "ifpa"
2026-02-15 19:33:43,079 - INFO -      ✅ 364 resultados (eficiência: 0.30)
2026-02-15 19:33:46,081 - INFO - 
🔄 Iteração 2/3 para IFPA
2026-02-15 19:33:46,082 - INFO -   ⚠️ Sem novas queries para testar
2026-02-15 19:33:46,083 - INFO - 
📊 Métricas finais para IFPA:
2026-02-15 19:33:46,083 - INFO -    Total de queries testadas: 1
2026-02-15 19:33:46,084 - INFO -    Queries com sucesso: 0
2026-02-15 19:33:46,132 - INFO - ✅ IFPA: 364 repositórios
2026-02-15 19:33:46,132 - INFO -    Palavras-chave: desenvolvido, site, ifpa, projeto, mobile, dados, curso, pinball, website, para
2026-02-15 19:33:49,134 - INFO - 
============================================================
2026-02-15 19:33:49,134 - INFO - 🏛️  Processando IFPA - Campus Altamira
2026-02-15 19:33:49,134 - INFO - ============================================================
2026-02-15 19:33:49,134 - INFO - 
🔄 Iteração 1/3 para IFPA
2026-02-15 19:33:49,134 - INFO -   🔎 Testando: "ifpa"
2026-02-15 19:33:59,848 - INFO -      ✅ 364 resultados (eficiência: 0.30)
2026-02-15 19:34:02,852 - INFO - 
🔄 Iteração 2/3 para IFPA
2026-02-15 19:34:02,853 - INFO -   ⚠️ Sem novas queries para testar
2026-02-15 19:34:02,854 - INFO - 
📊 Métricas finais para IFPA:
2026-02-15 19:34:02,855 - INFO -    Total de queries testadas: 1
2026-02-15 19:34:02,855 - INFO -    Queries com sucesso: 0
2026-02-15 19:34:02,890 - INFO - ✅ IFPA: 364 repositórios
2026-02-15 19:34:02,890 - INFO -    Palavras-chave: desenvolvido, site, ifpa, projeto, mobile, dados, curso, pinball, website, para
2026-02-15 19:34:05,894 - INFO - 
============================================================
2026-02-15 19:34:05,894 - INFO - 🏛️  Processando IFPA - Campus Marabá
2026-02-15 19:34:05,895 - INFO - ============================================================
2026-02-15 19:34:05,895 - INFO - 
🔄 Iteração 1/3 para IFPA
2026-02-15 19:34:05,895 - INFO -   🔎 Testando: "ifpa"
2026-02-15 19:34:17,383 - INFO -      ✅ 364 resultados (eficiência: 0.30)
2026-02-15 19:34:20,385 - INFO - 
🔄 Iteração 2/3 para IFPA
2026-02-15 19:34:20,387 - INFO -   ⚠️ Sem novas queries para testar
2026-02-15 19:34:20,388 - INFO - 
📊 Métricas finais para IFPA:
2026-02-15 19:34:20,388 - INFO -    Total de queries testadas: 1
2026-02-15 19:34:20,388 - INFO -    Queries com sucesso: 0
2026-02-15 19:34:20,514 - INFO - ✅ IFPA: 364 repositórios
2026-02-15 19:34:20,514 - INFO -    Palavras-chave: desenvolvido, site, ifpa, projeto, mobile, dados, curso, pinball, website, para
2026-02-15 19:34:23,518 - INFO - 
============================================================
2026-02-15 19:34:23,518 - INFO - 🏛️  Processando IFPA - Campus Tucuruí
2026-02-15 19:34:23,518 - INFO - ============================================================
2026-02-15 19:34:23,518 - INFO - 
🔄 Iteração 1/3 para IFPA
2026-02-15 19:34:23,518 - INFO -   🔎 Testando: "ifpa"
2026-02-15 19:34:34,220 - INFO -      ✅ 364 resultados (eficiência: 0.30)
2026-02-15 19:34:37,225 - INFO - 
🔄 Iteração 2/3 para IFPA
2026-02-15 19:34:37,226 - INFO -   ⚠️ Sem novas queries para testar
2026-02-15 19:34:37,227 - INFO - 
📊 Métricas finais para IFPA:
2026-02-15 19:34:37,227 - INFO -    Total de queries testadas: 1
2026-02-15 19:34:37,228 - INFO -    Queries com sucesso: 0
2026-02-15 19:34:37,259 - INFO - ✅ IFPA: 364 repositórios
2026-02-15 19:34:37,259 - INFO -    Palavras-chave: desenvolvido, site, ifpa, projeto, mobile, dados, curso, pinball, website, para
2026-02-15 19:34:40,262 - INFO - 
============================================================
2026-02-15 19:34:40,262 - INFO - 🏛️  Processando IFPA - Campus Marabá Industrial
2026-02-15 19:34:40,262 - INFO - ============================================================
2026-02-15 19:34:40,262 - INFO - 
🔄 Iteração 1/3 para IFPA
2026-02-15 19:34:40,263 - INFO -   🔎 Testando: "campus marabá"
2026-02-15 19:34:40,988 - INFO -      ✅ 1 resultados (eficiência: 0.00)
2026-02-15 19:34:41,991 - INFO -   🔎 Testando: "ifpa"
2026-02-15 19:34:54,678 - INFO -      ✅ 364 resultados (eficiência: 0.30)
2026-02-15 19:34:57,681 - INFO - 
🔄 Iteração 2/3 para IFPA
2026-02-15 19:34:57,681 - INFO -   ⚠️ Sem novas queries para testar
2026-02-15 19:34:57,682 - INFO - 
📊 Métricas finais para IFPA:
2026-02-15 19:34:57,682 - INFO -    Total de queries testadas: 2
2026-02-15 19:34:57,682 - INFO -    Queries com sucesso: 0
2026-02-15 19:34:57,735 - INFO - ✅ IFPA: 364 repositórios
2026-02-15 19:34:57,736 - INFO -    Palavras-chave: desenvolvido, site, ifpa, projeto, mobile, dados, curso, pinball, website, para
2026-02-15 19:35:00,741 - INFO - 
============================================================
2026-02-15 19:35:00,741 - INFO - 🏛️  Processando IFPA - Campus Abaetetuba
2026-02-15 19:35:00,742 - INFO - ============================================================
2026-02-15 19:35:00,742 - INFO - 
🔄 Iteração 1/3 para IFPA
2026-02-15 19:35:00,742 - INFO -   🔎 Testando: "ifpa"
2026-02-15 19:35:11,016 - INFO -      ✅ 364 resultados (eficiência: 0.30)
2026-02-15 19:35:14,017 - INFO - 
🔄 Iteração 2/3 para IFPA
2026-02-15 19:35:14,019 - INFO -   ⚠️ Sem novas queries para testar
2026-02-15 19:35:14,019 - INFO - 
📊 Métricas finais para IFPA:
2026-02-15 19:35:14,019 - INFO -    Total de queries testadas: 1
2026-02-15 19:35:14,019 - INFO -    Queries com sucesso: 0
2026-02-15 19:35:14,085 - INFO - ✅ IFPA: 364 repositórios
2026-02-15 19:35:14,088 - INFO -    Palavras-chave: desenvolvido, site, ifpa, projeto, mobile, dados, curso, pinball, website, para
2026-02-15 19:35:17,093 - INFO - 
============================================================
2026-02-15 19:35:17,093 - INFO - 🏛️  Processando IFPA - Campus Bragança
2026-02-15 19:35:17,093 - INFO - ============================================================
2026-02-15 19:35:17,093 - INFO - 
🔄 Iteração 1/3 para IFPA
2026-02-15 19:35:17,093 - INFO -   🔎 Testando: "ifpa"
2026-02-15 19:35:28,460 - INFO -      ✅ 364 resultados (eficiência: 0.30)
2026-02-15 19:35:31,463 - INFO - 
🔄 Iteração 2/3 para IFPA
2026-02-15 19:35:31,464 - INFO -   ⚠️ Sem novas queries para testar
2026-02-15 19:35:31,464 - INFO - 
📊 Métricas finais para IFPA:
2026-02-15 19:35:31,464 - INFO -    Total de queries testadas: 1
2026-02-15 19:35:31,465 - INFO -    Queries com sucesso: 0
2026-02-15 19:35:31,527 - INFO - ✅ IFPA: 364 repositórios
2026-02-15 19:35:31,528 - INFO -    Palavras-chave: desenvolvido, site, ifpa, projeto, mobile, dados, curso, pinball, website, para
2026-02-15 19:35:34,533 - INFO - 
============================================================
2026-02-15 19:35:34,533 - INFO - 🏛️  Processando IFPA - Campus Itaituba
2026-02-15 19:35:34,533 - INFO - ============================================================
2026-02-15 19:35:34,533 - INFO - 
🔄 Iteração 1/3 para IFPA
2026-02-15 19:35:34,533 - INFO -   🔎 Testando: "ifpa"
2026-02-15 19:35:45,659 - INFO -      ✅ 364 resultados (eficiência: 0.30)
2026-02-15 19:35:48,661 - INFO - 
🔄 Iteração 2/3 para IFPA
2026-02-15 19:35:48,661 - INFO -   ⚠️ Sem novas queries para testar
2026-02-15 19:35:48,661 - INFO - 
📊 Métricas finais para IFPA:
2026-02-15 19:35:48,661 - INFO -    Total de queries testadas: 1
2026-02-15 19:35:48,661 - INFO -    Queries com sucesso: 0
2026-02-15 19:35:48,695 - INFO - ✅ IFPA: 364 repositórios
2026-02-15 19:35:48,697 - INFO -    Palavras-chave: desenvolvido, site, ifpa, projeto, mobile, dados, curso, pinball, website, para
2026-02-15 19:35:51,701 - INFO - 
============================================================
2026-02-15 19:35:51,701 - INFO - 🏛️  Processando IFPA - Campus Conceição do Araguaia
2026-02-15 19:35:51,701 - INFO - ============================================================
2026-02-15 19:35:51,702 - INFO - 
🔄 Iteração 1/3 para IFPA
2026-02-15 19:35:51,702 - INFO -   🔎 Testando: "campus conceição"
2026-02-15 19:35:52,261 - INFO -      ✅ 1 resultados (eficiência: 0.00)
2026-02-15 19:35:53,263 - INFO -   🔎 Testando: "ifpa"
2026-02-15 19:36:04,700 - INFO -      ✅ 364 resultados (eficiência: 0.30)
2026-02-15 19:36:07,703 - INFO - 
🔄 Iteração 2/3 para IFPA
2026-02-15 19:36:07,703 - INFO -   ⚠️ Sem novas queries para testar
2026-02-15 19:36:07,703 - INFO - 
📊 Métricas finais para IFPA:
2026-02-15 19:36:07,704 - INFO -    Total de queries testadas: 2
2026-02-15 19:36:07,704 - INFO -    Queries com sucesso: 0
2026-02-15 19:36:07,741 - INFO - ✅ IFPA: 364 repositórios
2026-02-15 19:36:07,743 - INFO -    Palavras-chave: desenvolvido, site, ifpa, projeto, mobile, dados, curso, pinball, website, para
2026-02-15 19:36:10,745 - INFO - 
============================================================
2026-02-15 19:36:10,745 - INFO - 🏛️  Processando IFPA - Campus Santarém
2026-02-15 19:36:10,745 - INFO - ============================================================
2026-02-15 19:36:10,745 - INFO - 
🔄 Iteração 1/3 para IFPA
2026-02-15 19:36:10,746 - INFO -   🔎 Testando: "ifpa"
2026-02-15 19:36:21,677 - INFO -      ✅ 364 resultados (eficiência: 0.30)
2026-02-15 19:36:24,680 - INFO - 
🔄 Iteração 2/3 para IFPA
2026-02-15 19:36:24,680 - INFO -   ⚠️ Sem novas queries para testar
2026-02-15 19:36:24,680 - INFO - 
📊 Métricas finais para IFPA:
2026-02-15 19:36:24,680 - INFO -    Total de queries testadas: 1
2026-02-15 19:36:24,680 - INFO -    Queries com sucesso: 0
2026-02-15 19:36:24,741 - INFO - ✅ IFPA: 364 repositórios
2026-02-15 19:36:24,743 - INFO -    Palavras-chave: desenvolvido, site, ifpa, projeto, mobile, dados, curso, pinball, website, para
2026-02-15 19:36:27,745 - INFO - 
============================================================
2026-02-15 19:36:27,745 - INFO - 🏛️  Processando IFPA - Campus Parauapebas
2026-02-15 19:36:27,745 - INFO - ============================================================
2026-02-15 19:36:27,746 - INFO - 
🔄 Iteração 1/3 para IFPA
2026-02-15 19:36:27,746 - INFO -   🔎 Testando: "ifpa"
2026-02-15 19:36:38,575 - INFO -      ✅ 364 resultados (eficiência: 0.30)
2026-02-15 19:36:41,578 - INFO - 
🔄 Iteração 2/3 para IFPA
2026-02-15 19:36:41,578 - INFO -   ⚠️ Sem novas queries para testar
2026-02-15 19:36:41,579 - INFO - 
📊 Métricas finais para IFPA:
2026-02-15 19:36:41,580 - INFO -    Total de queries testadas: 1
2026-02-15 19:36:41,580 - INFO -    Queries com sucesso: 0
2026-02-15 19:36:41,687 - INFO - ✅ IFPA: 364 repositórios
2026-02-15 19:36:41,689 - INFO -    Palavras-chave: desenvolvido, site, ifpa, projeto, mobile, dados, curso, pinball, website, para
2026-02-15 19:36:44,693 - INFO - 
============================================================
2026-02-15 19:36:44,693 - INFO - 🏛️  Processando IFPA - Campus Cametá
2026-02-15 19:36:44,694 - INFO - ============================================================
2026-02-15 19:36:44,694 - INFO - 
🔄 Iteração 1/3 para IFPA
2026-02-15 19:36:44,694 - INFO -   🔎 Testando: "ifpa"
2026-02-15 19:36:55,773 - INFO -      ✅ 364 resultados (eficiência: 0.30)
2026-02-15 19:36:58,776 - INFO - 
🔄 Iteração 2/3 para IFPA
2026-02-15 19:36:58,776 - INFO -   ⚠️ Sem novas queries para testar
2026-02-15 19:36:58,776 - INFO - 
📊 Métricas finais para IFPA:
2026-02-15 19:36:58,776 - INFO -    Total de queries testadas: 1
2026-02-15 19:36:58,776 - INFO -    Queries com sucesso: 0
2026-02-15 19:36:58,805 - INFO - ✅ IFPA: 364 repositórios
2026-02-15 19:36:58,807 - INFO -    Palavras-chave: desenvolvido, site, ifpa, projeto, mobile, dados, curso, pinball, website, para
2026-02-15 19:37:01,811 - INFO - 
============================================================
2026-02-15 19:37:01,811 - INFO - 🏛️  Processando IFPA - Campus Breves
2026-02-15 19:37:01,811 - INFO - ============================================================
2026-02-15 19:37:01,811 - INFO - 
🔄 Iteração 1/3 para IFPA
2026-02-15 19:37:01,811 - INFO -   🔎 Testando: "ifpa"
2026-02-15 19:37:12,573 - INFO -      ✅ 364 resultados (eficiência: 0.30)
2026-02-15 19:37:15,583 - INFO - 
🔄 Iteração 2/3 para IFPA
2026-02-15 19:37:15,583 - INFO -   ⚠️ Sem novas queries para testar
2026-02-15 19:37:15,584 - INFO - 
📊 Métricas finais para IFPA:
2026-02-15 19:37:15,584 - INFO -    Total de queries testadas: 1
2026-02-15 19:37:15,584 - INFO -    Queries com sucesso: 0
2026-02-15 19:37:15,639 - INFO - ✅ IFPA: 364 repositórios
2026-02-15 19:37:15,642 - INFO -    Palavras-chave: desenvolvido, site, ifpa, projeto, mobile, dados, curso, pinball, website, para
2026-02-15 19:37:18,645 - INFO - 
============================================================
2026-02-15 19:37:18,645 - INFO - 🏛️  Processando IFPA - Campus Óbidos
2026-02-15 19:37:18,645 - INFO - ============================================================
2026-02-15 19:37:18,645 - INFO - 
🔄 Iteração 1/3 para IFPA
2026-02-15 19:37:18,646 - INFO -   🔎 Testando: "ifpa"
2026-02-15 19:37:29,165 - INFO -      ✅ 364 resultados (eficiência: 0.30)
2026-02-15 19:37:32,169 - INFO - 
🔄 Iteração 2/3 para IFPA
2026-02-15 19:37:32,170 - INFO -   ⚠️ Sem novas queries para testar
2026-02-15 19:37:32,170 - INFO - 
📊 Métricas finais para IFPA:
2026-02-15 19:37:32,171 - INFO -    Total de queries testadas: 1
2026-02-15 19:37:32,171 - INFO -    Queries com sucesso: 0
2026-02-15 19:37:32,279 - INFO - ✅ IFPA: 364 repositórios
2026-02-15 19:37:32,280 - INFO -    Palavras-chave: desenvolvido, site, ifpa, projeto, mobile, dados, curso, pinball, website, para
2026-02-15 19:37:35,282 - INFO - 
============================================================
2026-02-15 19:37:35,282 - INFO - 🏛️  Processando IFPA - Campus Oriximiná
2026-02-15 19:37:35,282 - INFO - ============================================================
2026-02-15 19:37:35,282 - INFO - 
🔄 Iteração 1/3 para IFPA
2026-02-15 19:37:35,283 - INFO -   🔎 Testando: "ifpa"
2026-02-15 19:37:45,428 - INFO -      ✅ 364 resultados (eficiência: 0.30)
2026-02-15 19:37:48,429 - INFO - 
🔄 Iteração 2/3 para IFPA
2026-02-15 19:37:48,430 - INFO -   ⚠️ Sem novas queries para testar
2026-02-15 19:37:48,431 - INFO - 
📊 Métricas finais para IFPA:
2026-02-15 19:37:48,431 - INFO -    Total de queries testadas: 1
2026-02-15 19:37:48,431 - INFO -    Queries com sucesso: 0
2026-02-15 19:37:48,486 - INFO - ✅ IFPA: 364 repositórios
2026-02-15 19:37:48,487 - INFO -    Palavras-chave: desenvolvido, site, ifpa, projeto, mobile, dados, curso, pinball, website, para
2026-02-15 19:37:51,489 - INFO - 
============================================================
2026-02-15 19:37:51,489 - INFO - 🏛️  Processando IFPA - Campus Portel
2026-02-15 19:37:51,489 - INFO - ============================================================
2026-02-15 19:37:51,489 - INFO - 
🔄 Iteração 1/3 para IFPA
2026-02-15 19:37:51,489 - INFO -   🔎 Testando: "ifpa"
2026-02-15 19:38:01,721 - INFO -      ✅ 364 resultados (eficiência: 0.30)
2026-02-15 19:38:04,724 - INFO - 
🔄 Iteração 2/3 para IFPA
2026-02-15 19:38:04,724 - INFO -   ⚠️ Sem novas queries para testar
2026-02-15 19:38:04,724 - INFO - 
📊 Métricas finais para IFPA:
2026-02-15 19:38:04,724 - INFO -    Total de queries testadas: 1
2026-02-15 19:38:04,724 - INFO -    Queries com sucesso: 0
2026-02-15 19:38:04,766 - INFO - ✅ IFPA: 364 repositórios
2026-02-15 19:38:04,766 - INFO -    Palavras-chave: desenvolvido, site, ifpa, projeto, mobile, dados, curso, pinball, website, para
2026-02-15 19:38:07,769 - INFO - 
============================================================
2026-02-15 19:38:07,769 - INFO - 🏛️  Processando IFPA - Campus Salvaterra
2026-02-15 19:38:07,770 - INFO - ============================================================
2026-02-15 19:38:07,770 - INFO - 
🔄 Iteração 1/3 para IFPA
2026-02-15 19:38:07,770 - INFO -   🔎 Testando: "ifpa"
2026-02-15 19:38:18,369 - INFO -      ✅ 364 resultados (eficiência: 0.30)
2026-02-15 19:38:21,371 - INFO - 
🔄 Iteração 2/3 para IFPA
2026-02-15 19:38:21,372 - INFO -   ⚠️ Sem novas queries para testar
2026-02-15 19:38:21,373 - INFO - 
📊 Métricas finais para IFPA:
2026-02-15 19:38:21,373 - INFO -    Total de queries testadas: 1
2026-02-15 19:38:21,374 - INFO -    Queries com sucesso: 0
2026-02-15 19:38:21,437 - INFO - ✅ IFPA: 364 repositórios
2026-02-15 19:38:21,438 - INFO -    Palavras-chave: desenvolvido, site, ifpa, projeto, mobile, dados, curso, pinball, website, para
2026-02-15 19:38:24,441 - INFO - 
============================================================
2026-02-15 19:38:24,442 - INFO - 🏛️  Processando IFPA - Campus São Félix do Xingu
2026-02-15 19:38:24,442 - INFO - ============================================================
2026-02-15 19:38:24,442 - INFO - 
🔄 Iteração 1/3 para IFPA
2026-02-15 19:38:24,442 - INFO -   🔎 Testando: "ifpa"
2026-02-15 19:38:35,331 - INFO -      ✅ 364 resultados (eficiência: 0.30)
2026-02-15 19:38:36,332 - INFO -   🔎 Testando: "campus são"
2026-02-15 19:38:45,878 - INFO -      ✅ 268 resultados (eficiência: 0.30)
2026-02-15 19:38:48,881 - INFO - 
🔄 Iteração 2/3 para IFPA
2026-02-15 19:38:48,881 - INFO -   ⚠️ Sem novas queries para testar
2026-02-15 19:38:48,882 - INFO - 
📊 Métricas finais para IFPA:
2026-02-15 19:38:48,882 - INFO -    Total de queries testadas: 2
2026-02-15 19:38:48,882 - INFO -    Queries com sucesso: 0
2026-02-15 19:38:48,981 - INFO - ✅ IFPA: 632 repositórios
2026-02-15 19:38:48,981 - INFO -    Palavras-chave: instituto, engenharia, ifsp, ifpa, projeto, federal, curso, paulo, para, sistemas
2026-02-15 19:38:51,985 - INFO - 
============================================================
2026-02-15 19:38:51,985 - INFO - 🏛️  Processando IFPA - Campus Vigia
2026-02-15 19:38:51,985 - INFO - ============================================================
2026-02-15 19:38:51,985 - INFO - 
🔄 Iteração 1/3 para IFPA
2026-02-15 19:38:51,985 - INFO -   🔎 Testando: "ifpa"
2026-02-15 19:39:01,903 - INFO -      ✅ 364 resultados (eficiência: 0.30)
2026-02-15 19:39:04,905 - INFO - 
🔄 Iteração 2/3 para IFPA
2026-02-15 19:39:04,905 - INFO -   ⚠️ Sem novas queries para testar
2026-02-15 19:39:04,905 - INFO - 
📊 Métricas finais para IFPA:
2026-02-15 19:39:04,905 - INFO -    Total de queries testadas: 1
2026-02-15 19:39:04,906 - INFO -    Queries com sucesso: 0
2026-02-15 19:39:04,937 - INFO - ✅ IFPA: 364 repositórios
2026-02-15 19:39:04,939 - INFO -    Palavras-chave: desenvolvido, site, ifpa, projeto, mobile, dados, curso, pinball, website, para
2026-02-15 19:39:07,943 - INFO - 
============================================================
2026-02-15 19:39:07,943 - INFO - 🏛️  Processando IFPA - Campus Viseu
2026-02-15 19:39:07,943 - INFO - ============================================================
2026-02-15 19:39:07,943 - INFO - 
🔄 Iteração 1/3 para IFPA
2026-02-15 19:39:07,943 - INFO -   🔎 Testando: "ifpa"
2026-02-15 19:39:18,791 - INFO -      ✅ 364 resultados (eficiência: 0.30)
2026-02-15 19:39:21,793 - INFO - 
🔄 Iteração 2/3 para IFPA
2026-02-15 19:39:21,793 - INFO -   ⚠️ Sem novas queries para testar
2026-02-15 19:39:21,793 - INFO - 
📊 Métricas finais para IFPA:
2026-02-15 19:39:21,793 - INFO -    Total de queries testadas: 1
2026-02-15 19:39:21,794 - INFO -    Queries com sucesso: 0
2026-02-15 19:39:21,872 - INFO - ✅ IFPA: 364 repositórios
2026-02-15 19:39:21,873 - INFO -    Palavras-chave: desenvolvido, site, ifpa, projeto, mobile, dados, curso, pinball, website, para
2026-02-15 19:39:24,877 - INFO - 
============================================================
2026-02-15 19:39:24,877 - INFO - 🏛️  Processando IFPA - Campus Xinguara
2026-02-15 19:39:24,877 - INFO - ============================================================
2026-02-15 19:39:24,877 - INFO - 
🔄 Iteração 1/3 para IFPA
2026-02-15 19:39:24,877 - INFO -   🔎 Testando: "ifpa"
2026-02-15 19:39:35,638 - INFO -      ✅ 364 resultados (eficiência: 0.30)
2026-02-15 19:39:38,641 - INFO - 
🔄 Iteração 2/3 para IFPA
2026-02-15 19:39:38,642 - INFO -   ⚠️ Sem novas queries para testar
2026-02-15 19:39:38,643 - INFO - 
📊 Métricas finais para IFPA:
2026-02-15 19:39:38,643 - INFO -    Total de queries testadas: 1
2026-02-15 19:39:38,643 - INFO -    Queries com sucesso: 0
2026-02-15 19:39:38,711 - INFO - ✅ IFPA: 364 repositórios
2026-02-15 19:39:38,712 - INFO -    Palavras-chave: desenvolvido, site, ifpa, projeto, mobile, dados, curso, pinball, website, para
2026-02-15 19:39:41,716 - INFO - 
============================================================
2026-02-15 19:39:41,716 - INFO - 🏛️  Processando IFRN - Campus Natal Central
2026-02-15 19:39:41,716 - INFO - ============================================================
2026-02-15 19:39:41,716 - INFO - 
🔄 Iteração 1/3 para IFRN
2026-02-15 19:39:41,716 - INFO -   🔎 Testando: "ifrn"
2026-02-15 19:39:57,357 - INFO -      ✅ 500 resultados (eficiência: 0.30)
2026-02-15 19:39:58,358 - INFO -   🔎 Testando: "campus natal"
2026-02-15 19:39:59,656 - INFO -      ✅ 22 resultados (eficiência: 0.07)
2026-02-15 19:40:02,659 - INFO - 
🔄 Iteração 2/3 para IFRN
2026-02-15 19:40:02,659 - INFO -   ⚠️ Sem novas queries para testar
2026-02-15 19:40:02,660 - INFO - 
📊 Métricas finais para IFRN:
2026-02-15 19:40:02,660 - INFO -    Total de queries testadas: 2
2026-02-15 19:40:02,660 - INFO -    Queries com sucesso: 0
2026-02-15 19:40:02,721 - INFO - ✅ IFRN: 519 repositórios
2026-02-15 19:40:02,722 - INFO -    Palavras-chave: desenvolvido, integrador, sistema, tads, ifrn, projeto, site, natal, curso, para
2026-02-15 19:40:05,725 - INFO - 
============================================================
2026-02-15 19:40:05,725 - INFO - 🏛️  Processando IFRN - Campus Zona Norte de Natal
2026-02-15 19:40:05,725 - INFO - ============================================================
2026-02-15 19:40:05,725 - INFO - 
🔄 Iteração 1/3 para IFRN
2026-02-15 19:40:05,726 - INFO -   🔎 Testando: "ifrn"
2026-02-15 19:40:21,036 - INFO -      ✅ 500 resultados (eficiência: 0.30)
2026-02-15 19:40:22,037 - INFO -   🔎 Testando: "campus zona"
2026-02-15 19:40:23,218 - INFO -      ✅ 4 resultados (eficiência: 0.01)
2026-02-15 19:40:26,221 - INFO - 
🔄 Iteração 2/3 para IFRN
2026-02-15 19:40:26,222 - INFO -   ⚠️ Sem novas queries para testar
2026-02-15 19:40:26,224 - INFO - 
📊 Métricas finais para IFRN:
2026-02-15 19:40:26,224 - INFO -    Total de queries testadas: 2
2026-02-15 19:40:26,224 - INFO -    Queries com sucesso: 0
2026-02-15 19:40:26,367 - INFO - ✅ IFRN: 504 repositórios
2026-02-15 19:40:26,367 - INFO -    Palavras-chave: desenvolvido, integrador, sistema, tads, ifrn, projeto, site, curso, para, projetos
2026-02-15 19:40:29,370 - INFO - 
============================================================
2026-02-15 19:40:29,374 - INFO - 🏛️  Processando IFRN - Campus Mossoró
2026-02-15 19:40:29,374 - INFO - ============================================================
2026-02-15 19:40:29,375 - INFO - 
🔄 Iteração 1/3 para IFRN
2026-02-15 19:40:29,375 - INFO -   🔎 Testando: "ifrn"
2026-02-15 19:40:45,469 - INFO -      ✅ 500 resultados (eficiência: 0.30)
2026-02-15 19:40:48,472 - INFO - 
🔄 Iteração 2/3 para IFRN
2026-02-15 19:40:48,472 - INFO -   ⚠️ Sem novas queries para testar
2026-02-15 19:40:48,474 - INFO - 
📊 Métricas finais para IFRN:
2026-02-15 19:40:48,475 - INFO -    Total de queries testadas: 1
2026-02-15 19:40:48,476 - INFO -    Queries com sucesso: 0
2026-02-15 19:40:48,548 - INFO - ✅ IFRN: 500 repositórios
2026-02-15 19:40:48,549 - INFO -    Palavras-chave: desenvolvido, integrador, sistema, cnat, tads, ifrn, projeto, site, curso, para
2026-02-15 19:40:51,552 - INFO - 
============================================================
2026-02-15 19:40:51,553 - INFO - 🏛️  Processando IFRN - Campus Currais Novos
2026-02-15 19:40:51,553 - INFO - ============================================================
2026-02-15 19:40:51,553 - INFO - 
🔄 Iteração 1/3 para IFRN
2026-02-15 19:40:51,553 - INFO -   🔎 Testando: "campus currais"
2026-02-15 19:40:52,481 - INFO -      ✅ 8 resultados (eficiência: 0.02)
2026-02-15 19:40:53,482 - INFO -   🔎 Testando: "ifrn"
2026-02-15 19:41:08,775 - INFO -      ✅ 500 resultados (eficiência: 0.30)
2026-02-15 19:41:11,780 - INFO - 
🔄 Iteração 2/3 para IFRN
2026-02-15 19:41:11,781 - INFO -   ⚠️ Sem novas queries para testar
2026-02-15 19:41:11,782 - INFO - 
📊 Métricas finais para IFRN:
2026-02-15 19:41:11,783 - INFO -    Total de queries testadas: 2
2026-02-15 19:41:11,783 - INFO -    Queries com sucesso: 0
2026-02-15 19:41:11,831 - INFO - ✅ IFRN: 506 repositórios
2026-02-15 19:41:11,832 - INFO -    Palavras-chave: desenvolvido, integrador, sistema, cnat, tads, ifrn, projeto, site, curso, para
2026-02-15 19:41:14,833 - INFO - 
============================================================
2026-02-15 19:41:14,834 - INFO - 🏛️  Processando IFRN - Campus Santa Cruz
2026-02-15 19:41:14,834 - INFO - ============================================================
2026-02-15 19:41:14,834 - INFO - 
🔄 Iteração 1/3 para IFRN
2026-02-15 19:41:14,834 - INFO -   🔎 Testando: "ifrn"
2026-02-15 19:41:30,816 - INFO -      ✅ 500 resultados (eficiência: 0.30)
2026-02-15 19:41:31,818 - INFO -   🔎 Testando: "campus santa"
2026-02-15 19:41:34,168 - INFO -      ✅ 47 resultados (eficiência: 0.14)
2026-02-15 19:41:37,171 - INFO - 
🔄 Iteração 2/3 para IFRN
2026-02-15 19:41:37,173 - INFO -   ⚠️ Sem novas queries para testar
2026-02-15 19:41:37,174 - INFO - 
📊 Métricas finais para IFRN:
2026-02-15 19:41:37,175 - INFO -    Total de queries testadas: 2
2026-02-15 19:41:37,175 - INFO -    Queries com sucesso: 0
2026-02-15 19:41:37,230 - INFO - ✅ IFRN: 546 repositórios
2026-02-15 19:41:37,231 - INFO -    Palavras-chave: santa, desenvolvido, trabalho, integrador, sistema, tads, ifrn, projeto, site, curso
2026-02-15 19:41:40,237 - INFO - 
============================================================
2026-02-15 19:41:40,237 - INFO - 🏛️  Processando IFRN - Campus Caicó
2026-02-15 19:41:40,237 - INFO - ============================================================
2026-02-15 19:41:40,238 - INFO - 
🔄 Iteração 1/3 para IFRN
2026-02-15 19:41:40,238 - INFO -   🔎 Testando: "ifrn"
2026-02-15 19:41:56,294 - INFO -      ✅ 500 resultados (eficiência: 0.30)
2026-02-15 19:41:59,297 - INFO - 
🔄 Iteração 2/3 para IFRN
2026-02-15 19:41:59,298 - INFO -   ⚠️ Sem novas queries para testar
2026-02-15 19:41:59,299 - INFO - 
📊 Métricas finais para IFRN:
2026-02-15 19:41:59,300 - INFO -    Total de queries testadas: 1
2026-02-15 19:41:59,300 - INFO -    Queries com sucesso: 0
2026-02-15 19:41:59,356 - INFO - ✅ IFRN: 500 repositórios
2026-02-15 19:41:59,356 - INFO -    Palavras-chave: desenvolvido, integrador, sistema, cnat, tads, ifrn, projeto, site, curso, para
2026-02-15 19:42:02,357 - INFO - 
============================================================
2026-02-15 19:42:02,357 - INFO - 🏛️  Processando IFRN - Campus Zona Norte
2026-02-15 19:42:02,357 - INFO - ============================================================
2026-02-15 19:42:02,357 - INFO - 
🔄 Iteração 1/3 para IFRN
2026-02-15 19:42:02,357 - INFO -   🔎 Testando: "ifrn"
2026-02-15 19:42:19,238 - INFO -      ✅ 500 resultados (eficiência: 0.30)
2026-02-15 19:42:20,240 - INFO -   🔎 Testando: "campus zona"
2026-02-15 19:42:21,019 - INFO -      ✅ 4 resultados (eficiência: 0.01)
2026-02-15 19:42:24,023 - INFO - 
🔄 Iteração 2/3 para IFRN
2026-02-15 19:42:24,024 - INFO -   ⚠️ Sem novas queries para testar
2026-02-15 19:42:24,025 - INFO - 
📊 Métricas finais para IFRN:
2026-02-15 19:42:24,029 - INFO -    Total de queries testadas: 2
2026-02-15 19:42:24,034 - INFO -    Queries com sucesso: 0
2026-02-15 19:42:24,174 - INFO - ✅ IFRN: 504 repositórios
2026-02-15 19:42:24,175 - INFO -    Palavras-chave: desenvolvido, integrador, sistema, tads, ifrn, projeto, site, curso, para, projetos
2026-02-15 19:42:27,179 - INFO - 
============================================================
2026-02-15 19:42:27,180 - INFO - 🏛️  Processando IFRN - Campus Ipanguaçu
2026-02-15 19:42:27,180 - INFO - ============================================================
2026-02-15 19:42:27,180 - INFO - 
🔄 Iteração 1/3 para IFRN
2026-02-15 19:42:27,181 - INFO -   🔎 Testando: "ifrn"
2026-02-15 19:42:42,394 - INFO -      ✅ 500 resultados (eficiência: 0.30)
2026-02-15 19:42:45,397 - INFO - 
🔄 Iteração 2/3 para IFRN
2026-02-15 19:42:45,398 - INFO -   ⚠️ Sem novas queries para testar
2026-02-15 19:42:45,399 - INFO - 
📊 Métricas finais para IFRN:
2026-02-15 19:42:45,400 - INFO -    Total de queries testadas: 1
2026-02-15 19:42:45,400 - INFO -    Queries com sucesso: 0
2026-02-15 19:42:45,460 - INFO - ✅ IFRN: 500 repositórios
2026-02-15 19:42:45,461 - INFO -    Palavras-chave: desenvolvido, integrador, sistema, cnat, tads, ifrn, projeto, site, curso, para
2026-02-15 19:42:48,465 - INFO - 
============================================================
2026-02-15 19:42:48,465 - INFO - 🏛️  Processando IFRN - Campus João Câmara
2026-02-15 19:42:48,465 - INFO - ============================================================
2026-02-15 19:42:48,465 - INFO - 
🔄 Iteração 1/3 para IFRN
2026-02-15 19:42:48,465 - INFO -   🔎 Testando: "ifrn"
2026-02-15 19:43:03,150 - INFO -      ✅ 500 resultados (eficiência: 0.30)
2026-02-15 19:43:04,151 - INFO -   🔎 Testando: "campus joão"
2026-02-15 19:43:05,837 - INFO -      ✅ 36 resultados (eficiência: 0.11)
2026-02-15 19:43:08,841 - INFO - 
🔄 Iteração 2/3 para IFRN
2026-02-15 19:43:08,842 - INFO -   ⚠️ Sem novas queries para testar
2026-02-15 19:43:08,843 - INFO - 
📊 Métricas finais para IFRN:
2026-02-15 19:43:08,844 - INFO -    Total de queries testadas: 2
2026-02-15 19:43:08,844 - INFO -    Queries com sucesso: 0
2026-02-15 19:43:08,990 - INFO - ✅ IFRN: 535 repositórios
2026-02-15 19:43:08,992 - INFO -    Palavras-chave: desenvolvido, sistema, tads, ifrn, projeto, site, curso, para, sistemas, projetos
2026-02-15 19:43:11,998 - INFO - 
============================================================
2026-02-15 19:43:11,998 - INFO - 🏛️  Processando IFRN - Campus Macau
2026-02-15 19:43:11,998 - INFO - ============================================================
2026-02-15 19:43:11,999 - INFO - 
🔄 Iteração 1/3 para IFRN
2026-02-15 19:43:11,999 - INFO -   🔎 Testando: "ifrn"
2026-02-15 19:43:26,256 - INFO -      ✅ 500 resultados (eficiência: 0.30)
2026-02-15 19:43:29,257 - INFO - 
🔄 Iteração 2/3 para IFRN
2026-02-15 19:43:29,258 - INFO -   ⚠️ Sem novas queries para testar
2026-02-15 19:43:29,260 - INFO - 
📊 Métricas finais para IFRN:
2026-02-15 19:43:29,261 - INFO -    Total de queries testadas: 1
2026-02-15 19:43:29,261 - INFO -    Queries com sucesso: 0
2026-02-15 19:43:29,402 - INFO - ✅ IFRN: 500 repositórios
2026-02-15 19:43:29,402 - INFO -    Palavras-chave: desenvolvido, integrador, sistema, cnat, tads, ifrn, projeto, site, curso, para
2026-02-15 19:43:32,405 - INFO - 
============================================================
2026-02-15 19:43:32,405 - INFO - 🏛️  Processando IFRN - Campus Pau dos Ferros
2026-02-15 19:43:32,405 - INFO - ============================================================
2026-02-15 19:43:32,405 - INFO - 
🔄 Iteração 1/3 para IFRN
2026-02-15 19:43:32,406 - INFO -   🔎 Testando: "campus pau"
2026-02-15 19:43:33,924 - INFO -      ✅ 26 resultados (eficiência: 0.08)
2026-02-15 19:43:34,928 - INFO -   🔎 Testando: "ifrn"
2026-02-15 19:43:51,044 - INFO -      ✅ 500 resultados (eficiência: 0.30)
2026-02-15 19:43:54,048 - INFO - 
🔄 Iteração 2/3 para IFRN
2026-02-15 19:43:54,050 - INFO -   ⚠️ Sem novas queries para testar
2026-02-15 19:43:54,051 - INFO - 
📊 Métricas finais para IFRN:
2026-02-15 19:43:54,051 - INFO -    Total de queries testadas: 2
2026-02-15 19:43:54,052 - INFO -    Queries com sucesso: 0
2026-02-15 19:43:54,180 - INFO - ✅ IFRN: 523 repositórios
2026-02-15 19:43:54,181 - INFO -    Palavras-chave: desenvolvido, integrador, sistema, tads, ifrn, projeto, site, dados, curso, para
2026-02-15 19:43:57,186 - INFO - 
============================================================
2026-02-15 19:43:57,186 - INFO - 🏛️  Processando IFRN - Campus Apodi
2026-02-15 19:43:57,186 - INFO - ============================================================
2026-02-15 19:43:57,186 - INFO - 
🔄 Iteração 1/3 para IFRN
2026-02-15 19:43:57,187 - INFO -   🔎 Testando: "ifrn"
2026-02-15 19:44:12,622 - INFO -      ✅ 500 resultados (eficiência: 0.30)
2026-02-15 19:44:15,625 - INFO - 
🔄 Iteração 2/3 para IFRN
2026-02-15 19:44:15,626 - INFO -   ⚠️ Sem novas queries para testar
2026-02-15 19:44:15,628 - INFO - 
📊 Métricas finais para IFRN:
2026-02-15 19:44:15,628 - INFO -    Total de queries testadas: 1
2026-02-15 19:44:15,628 - INFO -    Queries com sucesso: 0
2026-02-15 19:44:15,677 - INFO - ✅ IFRN: 500 repositórios
2026-02-15 19:44:15,677 - INFO -    Palavras-chave: desenvolvido, integrador, sistema, cnat, tads, ifrn, projeto, site, curso, para
2026-02-15 19:44:18,677 - INFO - 
============================================================
2026-02-15 19:44:18,677 - INFO - 🏛️  Processando IFRN - Campus São Paulo do Potengi
2026-02-15 19:44:18,677 - INFO - ============================================================
2026-02-15 19:44:18,677 - INFO - 
🔄 Iteração 1/3 para IFRN
2026-02-15 19:44:18,677 - INFO -   🔎 Testando: "ifrn"
2026-02-15 19:44:34,105 - INFO -      ✅ 500 resultados (eficiência: 0.30)
2026-02-15 19:44:35,107 - INFO -   🔎 Testando: "campus são"
2026-02-15 19:44:45,103 - INFO -      ✅ 268 resultados (eficiência: 0.30)
2026-02-15 19:44:48,105 - INFO - 
🔄 Iteração 2/3 para IFRN
2026-02-15 19:44:48,105 - INFO -   ⚠️ Sem novas queries para testar
2026-02-15 19:44:48,106 - INFO - 
📊 Métricas finais para IFRN:
2026-02-15 19:44:48,106 - INFO -    Total de queries testadas: 2
2026-02-15 19:44:48,106 - INFO -    Queries com sucesso: 0
2026-02-15 19:44:48,177 - INFO - ✅ IFRN: 766 repositórios
2026-02-15 19:44:48,177 - INFO -    Palavras-chave: desenvolvido, instituto, engenharia, ifsp, ifrn, projeto, federal, curso, paulo, para
2026-02-15 19:44:51,182 - INFO - 
============================================================
2026-02-15 19:44:51,182 - INFO - 🏛️  Processando IFRN - Campus Parnamirim
2026-02-15 19:44:51,182 - INFO - ============================================================
2026-02-15 19:44:51,182 - INFO - 
🔄 Iteração 1/3 para IFRN
2026-02-15 19:44:51,182 - INFO -   🔎 Testando: "ifrn"
2026-02-15 19:45:06,044 - INFO -      ✅ 500 resultados (eficiência: 0.30)
2026-02-15 19:45:09,045 - INFO - 
🔄 Iteração 2/3 para IFRN
2026-02-15 19:45:09,046 - INFO -   ⚠️ Sem novas queries para testar
2026-02-15 19:45:09,046 - INFO - 
📊 Métricas finais para IFRN:
2026-02-15 19:45:09,047 - INFO -    Total de queries testadas: 1
2026-02-15 19:45:09,047 - INFO -    Queries com sucesso: 0
2026-02-15 19:45:09,097 - INFO - ✅ IFRN: 500 repositórios
2026-02-15 19:45:09,098 - INFO -    Palavras-chave: desenvolvido, integrador, sistema, cnat, tads, ifrn, projeto, site, curso, para
2026-02-15 19:45:12,101 - INFO - 
============================================================
2026-02-15 19:45:12,101 - INFO - 🏛️  Processando IFRN - Campus Ceará-Mirim
2026-02-15 19:45:12,101 - INFO - ============================================================
2026-02-15 19:45:12,101 - INFO - 
🔄 Iteração 1/3 para IFRN
2026-02-15 19:45:12,101 - INFO -   🔎 Testando: "ifrn"
2026-02-15 19:45:28,425 - INFO -      ✅ 500 resultados (eficiência: 0.30)
2026-02-15 19:45:31,429 - INFO - 
🔄 Iteração 2/3 para IFRN
2026-02-15 19:45:31,430 - INFO -   ⚠️ Sem novas queries para testar
2026-02-15 19:45:31,432 - INFO - 
📊 Métricas finais para IFRN:
2026-02-15 19:45:31,432 - INFO -    Total de queries testadas: 1
2026-02-15 19:45:31,433 - INFO -    Queries com sucesso: 0
2026-02-15 19:45:31,515 - INFO - ✅ IFRN: 500 repositórios
2026-02-15 19:45:31,515 - INFO -    Palavras-chave: desenvolvido, integrador, sistema, cnat, tads, ifrn, projeto, site, curso, para
2026-02-15 19:45:34,518 - INFO - 
============================================================
2026-02-15 19:45:34,518 - INFO - 🏛️  Processando IFRN - Campus São Gonçalo do Amarante
2026-02-15 19:45:34,518 - INFO - ============================================================
2026-02-15 19:45:34,518 - INFO - 
🔄 Iteração 1/3 para IFRN
2026-02-15 19:45:34,518 - INFO -   🔎 Testando: "ifrn"
2026-02-15 19:45:49,710 - INFO -      ✅ 500 resultados (eficiência: 0.30)
2026-02-15 19:45:50,712 - INFO -   🔎 Testando: "campus são"
2026-02-15 19:45:59,490 - INFO -      ✅ 268 resultados (eficiência: 0.30)
2026-02-15 19:46:02,493 - INFO - 
🔄 Iteração 2/3 para IFRN
2026-02-15 19:46:02,494 - INFO -   ⚠️ Sem novas queries para testar
2026-02-15 19:46:02,495 - INFO - 
📊 Métricas finais para IFRN:
2026-02-15 19:46:02,495 - INFO -    Total de queries testadas: 2
2026-02-15 19:46:02,495 - INFO -    Queries com sucesso: 0
2026-02-15 19:46:02,571 - INFO - ✅ IFRN: 766 repositórios
2026-02-15 19:46:02,571 - INFO -    Palavras-chave: desenvolvido, instituto, engenharia, ifsp, ifrn, projeto, federal, curso, paulo, para
2026-02-15 19:46:05,576 - INFO - 
============================================================
2026-02-15 19:46:05,576 - INFO - 🏛️  Processando IFRS - Campus Bento Gonçalves
2026-02-15 19:46:05,576 - INFO - ============================================================
2026-02-15 19:46:05,577 - INFO - 
🔄 Iteração 1/3 para IFRS
2026-02-15 19:46:05,577 - INFO -   🔎 Testando: "ifrs"
2026-02-15 19:46:20,774 - INFO -      ✅ 500 resultados (eficiência: 0.30)
2026-02-15 19:46:21,776 - INFO -   🔎 Testando: "campus bento"
2026-02-15 19:46:22,641 - INFO -      ✅ 7 resultados (eficiência: 0.02)
2026-02-15 19:46:25,644 - INFO - 
🔄 Iteração 2/3 para IFRS
2026-02-15 19:46:25,650 - INFO -   ⚠️ Sem novas queries para testar
2026-02-15 19:46:25,651 - INFO - 
📊 Métricas finais para IFRS:
2026-02-15 19:46:25,651 - INFO -    Total de queries testadas: 2
2026-02-15 19:46:25,651 - INFO -    Queries com sucesso: 0
2026-02-15 19:46:25,947 - INFO - ✅ IFRS: 506 repositórios
2026-02-15 19:46:25,947 - INFO -    Palavras-chave: document, trabalho, hack, fuwmove, free, projeto, button, html, curso, opts
2026-02-15 19:46:28,951 - INFO - 
============================================================
2026-02-15 19:46:28,951 - INFO - 🏛️  Processando IFRS - Campus Canoas
2026-02-15 19:46:28,952 - INFO - ============================================================
2026-02-15 19:46:28,952 - INFO - 
🔄 Iteração 1/3 para IFRS
2026-02-15 19:46:28,952 - INFO -   🔎 Testando: "ifrs"
2026-02-15 19:46:44,726 - INFO -      ✅ 500 resultados (eficiência: 0.30)
2026-02-15 19:46:47,730 - INFO - 
🔄 Iteração 2/3 para IFRS
2026-02-15 19:46:47,736 - INFO -   ⚠️ Sem novas queries para testar
2026-02-15 19:46:47,736 - INFO - 
📊 Métricas finais para IFRS:
2026-02-15 19:46:47,736 - INFO -    Total de queries testadas: 1
2026-02-15 19:46:47,736 - INFO -    Queries com sucesso: 0
2026-02-15 19:46:48,011 - INFO - ✅ IFRS: 500 repositórios
2026-02-15 19:46:48,012 - INFO -    Palavras-chave: document, trabalho, hack, fuwmove, free, projeto, button, html, curso, class
2026-02-15 19:46:51,014 - INFO - 
============================================================
2026-02-15 19:46:51,014 - INFO - 🏛️  Processando IFRS - Campus Caxias do Sul
2026-02-15 19:46:51,015 - INFO - ============================================================
2026-02-15 19:46:51,015 - INFO - 
🔄 Iteração 1/3 para IFRS
2026-02-15 19:46:51,015 - INFO -   🔎 Testando: "ifrs"
2026-02-15 19:47:05,642 - INFO -      ✅ 500 resultados (eficiência: 0.30)
2026-02-15 19:47:06,643 - INFO -   🔎 Testando: "campus caxias"
2026-02-15 19:47:07,815 - INFO -      ✅ 19 resultados (eficiência: 0.06)
2026-02-15 19:47:10,817 - INFO - 
🔄 Iteração 2/3 para IFRS
2026-02-15 19:47:10,823 - INFO -   ⚠️ Sem novas queries para testar
2026-02-15 19:47:10,824 - INFO - 
📊 Métricas finais para IFRS:
2026-02-15 19:47:10,824 - INFO -    Total de queries testadas: 2
2026-02-15 19:47:10,825 - INFO -    Queries com sucesso: 0
2026-02-15 19:47:11,132 - INFO - ✅ IFRS: 519 repositórios
2026-02-15 19:47:11,133 - INFO -    Palavras-chave: document, hack, trabalho, fuwmove, free, projeto, button, html, curso, opts
2026-02-15 19:47:14,138 - INFO - 
============================================================
2026-02-15 19:47:14,138 - INFO - 🏛️  Processando IFRS - Campus Erechim
2026-02-15 19:47:14,138 - INFO - ============================================================
2026-02-15 19:47:14,139 - INFO - 
🔄 Iteração 1/3 para IFRS
2026-02-15 19:47:14,139 - INFO -   🔎 Testando: "ifrs"
2026-02-15 19:47:29,607 - INFO -      ✅ 500 resultados (eficiência: 0.30)
2026-02-15 19:47:32,609 - INFO - 
🔄 Iteração 2/3 para IFRS
2026-02-15 19:47:32,616 - INFO -   ⚠️ Sem novas queries para testar
2026-02-15 19:47:32,617 - INFO - 
📊 Métricas finais para IFRS:
2026-02-15 19:47:32,617 - INFO -    Total de queries testadas: 1
2026-02-15 19:47:32,617 - INFO -    Queries com sucesso: 0
2026-02-15 19:47:32,872 - INFO - ✅ IFRS: 500 repositórios
2026-02-15 19:47:32,873 - INFO -    Palavras-chave: document, trabalho, hack, fuwmove, free, projeto, button, html, curso, class
2026-02-15 19:47:35,878 - INFO - 
============================================================
2026-02-15 19:47:35,878 - INFO - 🏛️  Processando IFRS - Campus Farroupilha
2026-02-15 19:47:35,878 - INFO - ============================================================
2026-02-15 19:47:35,879 - INFO - 
🔄 Iteração 1/3 para IFRS
2026-02-15 19:47:35,879 - INFO -   🔎 Testando: "ifrs"
2026-02-15 19:47:53,334 - INFO -      ✅ 500 resultados (eficiência: 0.30)
2026-02-15 19:47:56,338 - INFO - 
🔄 Iteração 2/3 para IFRS
2026-02-15 19:47:56,344 - INFO -   ⚠️ Sem novas queries para testar
2026-02-15 19:47:56,345 - INFO - 
📊 Métricas finais para IFRS:
2026-02-15 19:47:56,345 - INFO -    Total de queries testadas: 1
2026-02-15 19:47:56,345 - INFO -    Queries com sucesso: 0
2026-02-15 19:47:56,648 - INFO - ✅ IFRS: 500 repositórios
2026-02-15 19:47:56,649 - INFO -    Palavras-chave: document, trabalho, hack, fuwmove, free, projeto, button, html, curso, class
2026-02-15 19:47:59,653 - INFO - 
============================================================
2026-02-15 19:47:59,654 - INFO - 🏛️  Processando IFRS - Campus Feliz
2026-02-15 19:47:59,654 - INFO - ============================================================
2026-02-15 19:47:59,654 - INFO - 
🔄 Iteração 1/3 para IFRS
2026-02-15 19:47:59,655 - INFO -   🔎 Testando: "ifrs"
2026-02-15 19:48:15,450 - INFO -      ✅ 500 resultados (eficiência: 0.30)
2026-02-15 19:48:18,453 - INFO - 
🔄 Iteração 2/3 para IFRS
2026-02-15 19:48:18,459 - INFO -   ⚠️ Sem novas queries para testar
2026-02-15 19:48:18,460 - INFO - 
📊 Métricas finais para IFRS:
2026-02-15 19:48:18,460 - INFO -    Total de queries testadas: 1
2026-02-15 19:48:18,460 - INFO -    Queries com sucesso: 0
2026-02-15 19:48:18,804 - INFO - ✅ IFRS: 500 repositórios
2026-02-15 19:48:18,805 - INFO -    Palavras-chave: document, trabalho, hack, fuwmove, free, projeto, button, html, curso, class
2026-02-15 19:48:21,810 - INFO - 
============================================================
2026-02-15 19:48:21,811 - INFO - 🏛️  Processando IFRS - Campus Ibirubá
2026-02-15 19:48:21,811 - INFO - ============================================================
2026-02-15 19:48:21,811 - INFO - 
🔄 Iteração 1/3 para IFRS
2026-02-15 19:48:21,812 - INFO -   🔎 Testando: "ifrs"
2026-02-15 19:48:36,630 - INFO -      ✅ 500 resultados (eficiência: 0.30)
2026-02-15 19:48:39,633 - INFO - 
🔄 Iteração 2/3 para IFRS
2026-02-15 19:48:39,635 - INFO -   ⚠️ Sem novas queries para testar
2026-02-15 19:48:39,635 - INFO - 
📊 Métricas finais para IFRS:
2026-02-15 19:48:39,635 - INFO -    Total de queries testadas: 1
2026-02-15 19:48:39,636 - INFO -    Queries com sucesso: 0
2026-02-15 19:48:39,885 - INFO - ✅ IFRS: 500 repositórios
2026-02-15 19:48:39,885 - INFO -    Palavras-chave: document, trabalho, hack, fuwmove, free, projeto, button, html, curso, class
2026-02-15 19:48:42,890 - INFO - 
============================================================
2026-02-15 19:48:42,890 - INFO - 🏛️  Processando IFRS - Campus Osório
2026-02-15 19:48:42,890 - INFO - ============================================================
2026-02-15 19:48:42,891 - INFO - 
🔄 Iteração 1/3 para IFRS
2026-02-15 19:48:42,891 - INFO -   🔎 Testando: "ifrs"
2026-02-15 19:48:58,140 - INFO -      ✅ 500 resultados (eficiência: 0.30)
2026-02-15 19:49:01,144 - INFO - 
🔄 Iteração 2/3 para IFRS
2026-02-15 19:49:01,150 - INFO -   ⚠️ Sem novas queries para testar
2026-02-15 19:49:01,150 - INFO - 
📊 Métricas finais para IFRS:
2026-02-15 19:49:01,151 - INFO -    Total de queries testadas: 1
2026-02-15 19:49:01,151 - INFO -    Queries com sucesso: 0
2026-02-15 19:49:01,424 - INFO - ✅ IFRS: 500 repositórios
2026-02-15 19:49:01,424 - INFO -    Palavras-chave: document, trabalho, hack, fuwmove, free, projeto, button, html, curso, class
2026-02-15 19:49:04,429 - INFO - 
============================================================
2026-02-15 19:49:04,429 - INFO - 🏛️  Processando IFRS - Campus Porto Alegre
2026-02-15 19:49:04,429 - INFO - ============================================================
2026-02-15 19:49:04,430 - INFO - 
🔄 Iteração 1/3 para IFRS
2026-02-15 19:49:04,430 - INFO -   🔎 Testando: "ifrs"
2026-02-15 19:49:20,368 - INFO -      ✅ 500 resultados (eficiência: 0.30)
2026-02-15 19:49:21,370 - INFO -   🔎 Testando: "campus porto"
2026-02-15 19:49:22,945 - INFO -      ✅ 30 resultados (eficiência: 0.09)
2026-02-15 19:49:25,949 - INFO - 
🔄 Iteração 2/3 para IFRS
2026-02-15 19:49:25,955 - INFO -   ⚠️ Sem novas queries para testar
2026-02-15 19:49:25,956 - INFO - 
📊 Métricas finais para IFRS:
2026-02-15 19:49:25,956 - INFO -    Total de queries testadas: 2
2026-02-15 19:49:25,956 - INFO -    Queries com sucesso: 0
2026-02-15 19:49:26,236 - INFO - ✅ IFRS: 525 repositórios
2026-02-15 19:49:26,236 - INFO -    Palavras-chave: document, hack, trabalho, fuwmove, free, projeto, button, html, curso, para
2026-02-15 19:49:29,240 - INFO - 
============================================================
2026-02-15 19:49:29,241 - INFO - 🏛️  Processando IFRS - Campus Restinga
2026-02-15 19:49:29,241 - INFO - ============================================================
2026-02-15 19:49:29,241 - INFO - 
🔄 Iteração 1/3 para IFRS
2026-02-15 19:49:29,242 - INFO -   🔎 Testando: "ifrs"
2026-02-15 19:49:45,929 - INFO -      ✅ 500 resultados (eficiência: 0.30)
2026-02-15 19:49:48,932 - INFO - 
🔄 Iteração 2/3 para IFRS
2026-02-15 19:49:48,934 - INFO -   ⚠️ Sem novas queries para testar
2026-02-15 19:49:48,934 - INFO - 
📊 Métricas finais para IFRS:
2026-02-15 19:49:48,934 - INFO -    Total de queries testadas: 1
2026-02-15 19:49:48,934 - INFO -    Queries com sucesso: 0
2026-02-15 19:49:49,215 - INFO - ✅ IFRS: 500 repositórios
2026-02-15 19:49:49,216 - INFO -    Palavras-chave: document, trabalho, hack, fuwmove, free, projeto, button, html, curso, class
2026-02-15 19:49:52,221 - INFO - 
============================================================
2026-02-15 19:49:52,221 - INFO - 🏛️  Processando IFRS - Campus Rio Grande
2026-02-15 19:49:52,221 - INFO - ============================================================
2026-02-15 19:49:52,222 - INFO - 
🔄 Iteração 1/3 para IFRS
2026-02-15 19:49:52,222 - INFO -   🔎 Testando: "ifrs"
2026-02-15 19:50:08,302 - INFO -      ✅ 500 resultados (eficiência: 0.30)
2026-02-15 19:50:09,303 - INFO -   🔎 Testando: "campus rio"
2026-02-15 19:50:15,097 - INFO -      ✅ 143 resultados (eficiência: 0.30)
2026-02-15 19:50:18,100 - INFO - 
🔄 Iteração 2/3 para IFRS
2026-02-15 19:50:18,122 - INFO -   ⚠️ Sem novas queries para testar
2026-02-15 19:50:18,126 - INFO - 
📊 Métricas finais para IFRS:
2026-02-15 19:50:18,126 - INFO -    Total de queries testadas: 2
2026-02-15 19:50:18,149 - INFO -    Queries com sucesso: 0
2026-02-15 19:50:18,480 - INFO - ✅ IFRS: 639 repositórios
2026-02-15 19:50:18,480 - INFO -    Palavras-chave: trabalho, document, hack, desenvolvimento, free, projeto, federal, curso, grande, para
2026-02-15 19:50:21,481 - INFO - 
============================================================
2026-02-15 19:50:21,481 - INFO - 🏛️  Processando IFRS - Campus Rolante
2026-02-15 19:50:21,482 - INFO - ============================================================
2026-02-15 19:50:21,482 - INFO - 
🔄 Iteração 1/3 para IFRS
2026-02-15 19:50:21,482 - INFO -   🔎 Testando: "ifrs"
2026-02-15 19:50:37,718 - INFO -      ✅ 500 resultados (eficiência: 0.30)
2026-02-15 19:50:40,722 - INFO - 
🔄 Iteração 2/3 para IFRS
2026-02-15 19:50:40,728 - INFO -   ⚠️ Sem novas queries para testar
2026-02-15 19:50:40,729 - INFO - 
📊 Métricas finais para IFRS:
2026-02-15 19:50:40,729 - INFO -    Total de queries testadas: 1
2026-02-15 19:50:40,729 - INFO -    Queries com sucesso: 0
2026-02-15 19:50:40,988 - INFO - ✅ IFRS: 500 repositórios
2026-02-15 19:50:40,989 - INFO -    Palavras-chave: document, trabalho, hack, fuwmove, free, projeto, button, html, curso, class
2026-02-15 19:50:43,993 - INFO - 
============================================================
2026-02-15 19:50:43,993 - INFO - 🏛️  Processando IFRS - Campus Sertão
2026-02-15 19:50:43,994 - INFO - ============================================================
2026-02-15 19:50:43,994 - INFO - 
🔄 Iteração 1/3 para IFRS
2026-02-15 19:50:43,994 - INFO -   🔎 Testando: "ifrs"
2026-02-15 19:50:58,569 - INFO -      ✅ 500 resultados (eficiência: 0.30)
2026-02-15 19:51:01,572 - INFO - 
🔄 Iteração 2/3 para IFRS
2026-02-15 19:51:01,581 - INFO -   ⚠️ Sem novas queries para testar
2026-02-15 19:51:01,584 - INFO - 
📊 Métricas finais para IFRS:
2026-02-15 19:51:01,584 - INFO -    Total de queries testadas: 1
2026-02-15 19:51:01,585 - INFO -    Queries com sucesso: 0
2026-02-15 19:51:01,959 - INFO - ✅ IFRS: 500 repositórios
2026-02-15 19:51:01,959 - INFO -    Palavras-chave: document, trabalho, hack, fuwmove, free, projeto, button, html, curso, class
2026-02-15 19:51:04,964 - INFO - 
============================================================
2026-02-15 19:51:04,964 - INFO - 🏛️  Processando IFRS - Campus Vacaria
2026-02-15 19:51:04,964 - INFO - ============================================================
2026-02-15 19:51:04,965 - INFO - 
🔄 Iteração 1/3 para IFRS
2026-02-15 19:51:04,965 - INFO -   🔎 Testando: "ifrs"
2026-02-15 19:51:21,410 - INFO -      ✅ 500 resultados (eficiência: 0.30)
2026-02-15 19:51:24,415 - INFO - 
🔄 Iteração 2/3 para IFRS
2026-02-15 19:51:24,421 - INFO -   ⚠️ Sem novas queries para testar
2026-02-15 19:51:24,421 - INFO - 
📊 Métricas finais para IFRS:
2026-02-15 19:51:24,421 - INFO -    Total de queries testadas: 1
2026-02-15 19:51:24,421 - INFO -    Queries com sucesso: 0
2026-02-15 19:51:24,743 - INFO - ✅ IFRS: 500 repositórios
2026-02-15 19:51:24,744 - INFO -    Palavras-chave: document, trabalho, hack, fuwmove, free, projeto, button, html, curso, class
2026-02-15 19:51:27,748 - INFO - 
============================================================
2026-02-15 19:51:27,749 - INFO - 🏛️  Processando IFRS - Campus Veranópolis
2026-02-15 19:51:27,749 - INFO - ============================================================
2026-02-15 19:51:27,750 - INFO - 
🔄 Iteração 1/3 para IFRS
2026-02-15 19:51:27,750 - INFO -   🔎 Testando: "ifrs"
2026-02-15 19:51:41,873 - INFO -      ✅ 500 resultados (eficiência: 0.30)
2026-02-15 19:51:44,877 - INFO - 
🔄 Iteração 2/3 para IFRS
2026-02-15 19:51:44,880 - INFO -   ⚠️ Sem novas queries para testar
2026-02-15 19:51:44,880 - INFO - 
📊 Métricas finais para IFRS:
2026-02-15 19:51:44,881 - INFO -    Total de queries testadas: 1
2026-02-15 19:51:44,881 - INFO -    Queries com sucesso: 0
2026-02-15 19:51:45,136 - INFO - ✅ IFRS: 500 repositórios
2026-02-15 19:51:45,136 - INFO -    Palavras-chave: document, trabalho, hack, fuwmove, free, projeto, button, html, curso, class
2026-02-15 19:51:48,140 - INFO - 
============================================================
2026-02-15 19:51:48,141 - INFO - 🏛️  Processando IFRS - Campus Viamão
2026-02-15 19:51:48,141 - INFO - ============================================================
2026-02-15 19:51:48,141 - INFO - 
🔄 Iteração 1/3 para IFRS
2026-02-15 19:51:48,142 - INFO -   🔎 Testando: "ifrs"
2026-02-15 19:52:03,261 - INFO -      ✅ 500 resultados (eficiência: 0.30)
2026-02-15 19:52:06,264 - INFO - 
🔄 Iteração 2/3 para IFRS
2026-02-15 19:52:06,271 - INFO -   ⚠️ Sem novas queries para testar
2026-02-15 19:52:06,271 - INFO - 
📊 Métricas finais para IFRS:
2026-02-15 19:52:06,271 - INFO -    Total de queries testadas: 1
2026-02-15 19:52:06,271 - INFO -    Queries com sucesso: 0
2026-02-15 19:52:06,562 - INFO - ✅ IFRS: 500 repositórios
2026-02-15 19:52:06,562 - INFO -    Palavras-chave: document, trabalho, hack, fuwmove, free, projeto, button, html, curso, class
2026-02-15 19:52:09,566 - INFO - 
============================================================
2026-02-15 19:52:09,567 - INFO - 🏛️  Processando IFRS - Campus Alvorada
2026-02-15 19:52:09,567 - INFO - ============================================================
2026-02-15 19:52:09,568 - INFO - 
🔄 Iteração 1/3 para IFRS
2026-02-15 19:52:09,568 - INFO -   🔎 Testando: "ifrs"
2026-02-15 19:52:26,618 - INFO -      ✅ 500 resultados (eficiência: 0.30)
2026-02-15 19:52:29,622 - INFO - 
🔄 Iteração 2/3 para IFRS
2026-02-15 19:52:29,624 - INFO -   ⚠️ Sem novas queries para testar
2026-02-15 19:52:29,624 - INFO - 
📊 Métricas finais para IFRS:
2026-02-15 19:52:29,624 - INFO -    Total de queries testadas: 1
2026-02-15 19:52:29,624 - INFO -    Queries com sucesso: 0
2026-02-15 19:52:29,889 - INFO - ✅ IFRS: 500 repositórios
2026-02-15 19:52:29,890 - INFO -    Palavras-chave: document, trabalho, hack, fuwmove, free, projeto, button, html, curso, class
2026-02-15 19:52:32,894 - INFO - 
============================================================
2026-02-15 19:52:32,895 - INFO - 🏛️  Processando IFRS - Campus Camaquã
2026-02-15 19:52:32,895 - INFO - ============================================================
2026-02-15 19:52:32,895 - INFO - 
🔄 Iteração 1/3 para IFRS
2026-02-15 19:52:32,896 - INFO -   🔎 Testando: "ifrs"
2026-02-15 19:52:48,037 - INFO -      ✅ 500 resultados (eficiência: 0.30)
2026-02-15 19:52:51,041 - INFO - 
🔄 Iteração 2/3 para IFRS
2026-02-15 19:52:51,043 - INFO -   ⚠️ Sem novas queries para testar
2026-02-15 19:52:51,044 - INFO - 
📊 Métricas finais para IFRS:
2026-02-15 19:52:51,044 - INFO -    Total de queries testadas: 1
2026-02-15 19:52:51,044 - INFO -    Queries com sucesso: 0
2026-02-15 19:52:51,289 - INFO - ✅ IFRS: 500 repositórios
2026-02-15 19:52:51,290 - INFO -    Palavras-chave: document, trabalho, hack, fuwmove, free, projeto, button, html, curso, class
2026-02-15 19:52:54,293 - INFO - 
============================================================
2026-02-15 19:52:54,293 - INFO - 🏛️  Processando IFRS - Campus Charqueadas
2026-02-15 19:52:54,293 - INFO - ============================================================
2026-02-15 19:52:54,293 - INFO - 
🔄 Iteração 1/3 para IFRS
2026-02-15 19:52:54,293 - INFO -   🔎 Testando: "ifrs"
2026-02-15 19:53:09,822 - INFO -      ✅ 500 resultados (eficiência: 0.30)
2026-02-15 19:53:12,825 - INFO - 
🔄 Iteração 2/3 para IFRS
2026-02-15 19:53:12,831 - INFO -   ⚠️ Sem novas queries para testar
2026-02-15 19:53:12,832 - INFO - 
📊 Métricas finais para IFRS:
2026-02-15 19:53:12,833 - INFO -    Total de queries testadas: 1
2026-02-15 19:53:12,833 - INFO -    Queries com sucesso: 0
2026-02-15 19:53:13,197 - INFO - ✅ IFRS: 500 repositórios
2026-02-15 19:53:13,197 - INFO -    Palavras-chave: document, trabalho, hack, fuwmove, free, projeto, button, html, curso, class
2026-02-15 19:53:16,202 - INFO - 
============================================================
2026-02-15 19:53:16,203 - INFO - 🏛️  Processando IFRS - Campus Gravataí
2026-02-15 19:53:16,203 - INFO - ============================================================
2026-02-15 19:53:16,203 - INFO - 
🔄 Iteração 1/3 para IFRS
2026-02-15 19:53:16,204 - INFO -   🔎 Testando: "ifrs"
2026-02-15 19:53:31,055 - INFO -      ✅ 500 resultados (eficiência: 0.30)
2026-02-15 19:53:34,057 - INFO - 
🔄 Iteração 2/3 para IFRS
2026-02-15 19:53:34,064 - INFO -   ⚠️ Sem novas queries para testar
2026-02-15 19:53:34,064 - INFO - 
📊 Métricas finais para IFRS:
2026-02-15 19:53:34,065 - INFO -    Total de queries testadas: 1
2026-02-15 19:53:34,065 - INFO -    Queries com sucesso: 0
2026-02-15 19:53:34,347 - INFO - ✅ IFRS: 500 repositórios
2026-02-15 19:53:34,347 - INFO -    Palavras-chave: document, trabalho, hack, fuwmove, free, projeto, button, html, curso, class
2026-02-15 19:53:37,350 - INFO - 
============================================================
2026-02-15 19:53:37,351 - INFO - 🏛️  Processando IFRS - Campus Guaíba
2026-02-15 19:53:37,351 - INFO - ============================================================
2026-02-15 19:53:37,351 - INFO - 
🔄 Iteração 1/3 para IFRS
2026-02-15 19:53:37,352 - INFO -   🔎 Testando: "ifrs"
2026-02-15 19:53:51,170 - INFO -      ✅ 500 resultados (eficiência: 0.30)
2026-02-15 19:53:54,173 - INFO - 
🔄 Iteração 2/3 para IFRS
2026-02-15 19:53:54,180 - INFO -   ⚠️ Sem novas queries para testar
2026-02-15 19:53:54,181 - INFO - 
📊 Métricas finais para IFRS:
2026-02-15 19:53:54,181 - INFO -    Total de queries testadas: 1
2026-02-15 19:53:54,182 - INFO -    Queries com sucesso: 0
2026-02-15 19:53:54,450 - INFO - ✅ IFRS: 500 repositórios
2026-02-15 19:53:54,451 - INFO -    Palavras-chave: document, trabalho, hack, fuwmove, free, projeto, button, html, curso, class
2026-02-15 19:53:57,453 - INFO - 
============================================================
2026-02-15 19:53:57,453 - INFO - 🏛️  Processando IFRS Campus Sertão - Campus Sertão
2026-02-15 19:53:57,453 - INFO - ============================================================
2026-02-15 19:53:57,453 - INFO - 
🔄 Iteração 1/3 para IFRS Campus Sertão
2026-02-15 19:53:57,453 - INFO -   🔎 Testando: "ifrs campus sertão"
2026-02-15 19:53:58,237 - INFO -      ✅ 11 resultados (eficiência: 0.66)
2026-02-15 19:54:01,242 - INFO - 
🔄 Iteração 2/3 para IFRS Campus Sertão
2026-02-15 19:54:01,244 - INFO -   🔎 Testando: ""ifrs campus"
2026-02-15 19:54:01,739 - INFO -      ✅ 0 resultados (eficiência: 0.00)
2026-02-15 19:54:02,741 - INFO -   🔎 Testando: ""ifrs sertão""
2026-02-15 19:54:03,343 - INFO -      ✅ 0 resultados (eficiência: 0.00)
2026-02-15 19:54:04,345 - INFO -   🔎 Testando: "campus sertão""
2026-02-15 19:54:05,303 - INFO -      ✅ 14 resultados (eficiência: 0.04)
2026-02-15 19:54:08,305 - INFO - 
🔄 Iteração 3/3 para IFRS Campus Sertão
2026-02-15 19:54:08,307 - INFO -   ⚠️ Sem novas queries para testar
2026-02-15 19:54:08,307 - INFO - 
📊 Métricas finais para IFRS Campus Sertão:
2026-02-15 19:54:08,308 - INFO -    Total de queries testadas: 4
2026-02-15 19:54:08,308 - INFO -    Queries com sucesso: 1
2026-02-15 19:54:08,345 - INFO - ✅ IFRS Campus Sertão: 14 repositórios
2026-02-15 19:54:08,348 - INFO -    Palavras-chave: semana, ifrs campus sertão, projeto, condominio, curso, sysdae, para, juventude, manuais, campus
2026-02-15 19:54:11,353 - INFO - 
============================================================
2026-02-15 19:54:11,353 - INFO - 🏛️  Processando IFPI - Campus Teresina
2026-02-15 19:54:11,353 - INFO - ============================================================
2026-02-15 19:54:11,354 - INFO - 
🔄 Iteração 1/3 para IFPI
2026-02-15 19:54:11,354 - INFO -   🔎 Testando: "ifpi"
2026-02-15 19:54:32,239 - INFO -      ✅ 500 resultados (eficiência: 0.30)
2026-02-15 19:54:35,243 - INFO - 
🔄 Iteração 2/3 para IFPI
2026-02-15 19:54:35,244 - INFO -   ⚠️ Sem novas queries para testar
2026-02-15 19:54:35,246 - INFO - 
📊 Métricas finais para IFPI:
2026-02-15 19:54:35,246 - INFO -    Total de queries testadas: 1
2026-02-15 19:54:35,247 - INFO -    Queries com sucesso: 0
2026-02-15 19:54:35,288 - INFO - ✅ IFPI: 500 repositórios
2026-02-15 19:54:35,289 - INFO -    Palavras-chave: trabalho, algoritmos, desenvolvido, sala, site, projeto, curso, sistemas, para, ads
2026-02-15 19:54:38,293 - INFO - 
============================================================
2026-02-15 19:54:38,293 - INFO - 🏛️  Processando IFPI - Campus Floriano
2026-02-15 19:54:38,293 - INFO - ============================================================
2026-02-15 19:54:38,293 - INFO - 
🔄 Iteração 1/3 para IFPI
2026-02-15 19:54:38,294 - INFO -   🔎 Testando: "ifpi"
2026-02-15 19:54:54,498 - INFO -      ✅ 500 resultados (eficiência: 0.30)
2026-02-15 19:54:57,501 - INFO - 
🔄 Iteração 2/3 para IFPI
2026-02-15 19:54:57,502 - INFO -   ⚠️ Sem novas queries para testar
2026-02-15 19:54:57,504 - INFO - 
📊 Métricas finais para IFPI:
2026-02-15 19:54:57,504 - INFO -    Total de queries testadas: 1
2026-02-15 19:54:57,504 - INFO -    Queries com sucesso: 0
2026-02-15 19:54:57,568 - INFO - ✅ IFPI: 500 repositórios
2026-02-15 19:54:57,569 - INFO -    Palavras-chave: trabalho, algoritmos, desenvolvido, sala, site, projeto, curso, sistemas, para, ads
2026-02-15 19:55:00,574 - INFO - 
============================================================
2026-02-15 19:55:00,574 - INFO - 🏛️  Processando IFPI - Campus Parnaíba
2026-02-15 19:55:00,574 - INFO - ============================================================
2026-02-15 19:55:00,574 - INFO - 
🔄 Iteração 1/3 para IFPI
2026-02-15 19:55:00,575 - INFO -   🔎 Testando: "ifpi"
2026-02-15 19:55:17,050 - INFO -      ✅ 500 resultados (eficiência: 0.30)
2026-02-15 19:55:20,054 - INFO - 
🔄 Iteração 2/3 para IFPI
2026-02-15 19:55:20,055 - INFO -   ⚠️ Sem novas queries para testar
2026-02-15 19:55:20,057 - INFO - 
📊 Métricas finais para IFPI:
2026-02-15 19:55:20,057 - INFO -    Total de queries testadas: 1
2026-02-15 19:55:20,057 - INFO -    Queries com sucesso: 0
2026-02-15 19:55:20,161 - INFO - ✅ IFPI: 500 repositórios
2026-02-15 19:55:20,161 - INFO -    Palavras-chave: trabalho, algoritmos, desenvolvido, sala, site, projeto, curso, sistemas, para, ads
2026-02-15 19:55:23,162 - INFO - 
============================================================
2026-02-15 19:55:23,163 - INFO - 🏛️  Processando IFPI - Campus Picos
2026-02-15 19:55:23,163 - INFO - ============================================================
2026-02-15 19:55:23,163 - INFO - 
🔄 Iteração 1/3 para IFPI
2026-02-15 19:55:23,164 - INFO -   🔎 Testando: "ifpi"
2026-02-15 19:55:38,514 - INFO -      ✅ 500 resultados (eficiência: 0.30)
2026-02-15 19:55:41,518 - INFO - 
🔄 Iteração 2/3 para IFPI
2026-02-15 19:55:41,519 - INFO -   ⚠️ Sem novas queries para testar
2026-02-15 19:55:41,521 - INFO - 
📊 Métricas finais para IFPI:
2026-02-15 19:55:41,521 - INFO -    Total de queries testadas: 1
2026-02-15 19:55:41,521 - INFO -    Queries com sucesso: 0
2026-02-15 19:55:41,558 - INFO - ✅ IFPI: 500 repositórios
2026-02-15 19:55:41,558 - INFO -    Palavras-chave: trabalho, algoritmos, desenvolvido, sala, site, projeto, curso, sistemas, para, ads
2026-02-15 19:55:44,562 - INFO - 
============================================================
2026-02-15 19:55:44,562 - INFO - 🏛️  Processando IFPI - Campus Piripiri
2026-02-15 19:55:44,562 - INFO - ============================================================
2026-02-15 19:55:44,563 - INFO - 
🔄 Iteração 1/3 para IFPI
2026-02-15 19:55:44,563 - INFO -   🔎 Testando: "ifpi"
2026-02-15 19:56:01,738 - INFO -      ✅ 500 resultados (eficiência: 0.30)
2026-02-15 19:56:04,743 - INFO - 
🔄 Iteração 2/3 para IFPI
2026-02-15 19:56:04,744 - INFO -   ⚠️ Sem novas queries para testar
2026-02-15 19:56:04,745 - INFO - 
📊 Métricas finais para IFPI:
2026-02-15 19:56:04,745 - INFO -    Total de queries testadas: 1
2026-02-15 19:56:04,746 - INFO -    Queries com sucesso: 0
2026-02-15 19:56:04,802 - INFO - ✅ IFPI: 500 repositórios
2026-02-15 19:56:04,802 - INFO -    Palavras-chave: trabalho, algoritmos, desenvolvido, sala, site, projeto, curso, sistemas, para, ads
2026-02-15 19:56:07,806 - INFO - 
============================================================
2026-02-15 19:56:07,806 - INFO - 🏛️  Processando IFPI - Campus Corrente
2026-02-15 19:56:07,806 - INFO - ============================================================
2026-02-15 19:56:07,806 - INFO - 
🔄 Iteração 1/3 para IFPI
2026-02-15 19:56:07,806 - INFO -   🔎 Testando: "ifpi"
2026-02-15 19:56:22,306 - INFO -      ✅ 500 resultados (eficiência: 0.30)
2026-02-15 19:56:25,310 - INFO - 
🔄 Iteração 2/3 para IFPI
2026-02-15 19:56:25,311 - INFO -   ⚠️ Sem novas queries para testar
2026-02-15 19:56:25,312 - INFO - 
📊 Métricas finais para IFPI:
2026-02-15 19:56:25,313 - INFO -    Total de queries testadas: 1
2026-02-15 19:56:25,313 - INFO -    Queries com sucesso: 0
2026-02-15 19:56:25,363 - INFO - ✅ IFPI: 500 repositórios
2026-02-15 19:56:25,363 - INFO -    Palavras-chave: trabalho, algoritmos, desenvolvido, sala, site, projeto, curso, sistemas, para, ads
2026-02-15 19:56:28,365 - INFO - 
============================================================
2026-02-15 19:56:28,365 - INFO - 🏛️  Processando IFPI - Campus São Raimundo Nonato
2026-02-15 19:56:28,365 - INFO - ============================================================
2026-02-15 19:56:28,366 - INFO - 
🔄 Iteração 1/3 para IFPI
2026-02-15 19:56:28,366 - INFO -   🔎 Testando: "ifpi"
2026-02-15 19:56:42,737 - INFO -      ✅ 500 resultados (eficiência: 0.30)
2026-02-15 19:56:43,739 - INFO -   🔎 Testando: "campus são"
2026-02-15 19:56:51,822 - INFO -      ✅ 268 resultados (eficiência: 0.30)
2026-02-15 19:56:54,825 - INFO - 
🔄 Iteração 2/3 para IFPI
2026-02-15 19:56:54,826 - INFO -   ⚠️ Sem novas queries para testar
2026-02-15 19:56:54,828 - INFO - 
📊 Métricas finais para IFPI:
2026-02-15 19:56:54,828 - INFO -    Total de queries testadas: 2
2026-02-15 19:56:54,828 - INFO -    Queries com sucesso: 0
2026-02-15 19:56:54,922 - INFO - ✅ IFPI: 767 repositórios
2026-02-15 19:56:54,922 - INFO -    Palavras-chave: desenvolvido, instituto, trabalho, ifsp, projeto, federal, curso, paulo, para, sistemas
2026-02-15 19:56:57,926 - INFO - 
============================================================
2026-02-15 19:56:57,926 - INFO - 🏛️  Processando IFPI - Campus Paulistana
2026-02-15 19:56:57,927 - INFO - ============================================================
2026-02-15 19:56:57,927 - INFO - 
🔄 Iteração 1/3 para IFPI
2026-02-15 19:56:57,927 - INFO -   🔎 Testando: "ifpi"
2026-02-15 19:57:16,264 - INFO -      ✅ 500 resultados (eficiência: 0.30)
2026-02-15 19:57:19,268 - INFO - 
🔄 Iteração 2/3 para IFPI
2026-02-15 19:57:19,268 - INFO -   ⚠️ Sem novas queries para testar
2026-02-15 19:57:19,269 - INFO - 
📊 Métricas finais para IFPI:
2026-02-15 19:57:19,269 - INFO -    Total de queries testadas: 1
2026-02-15 19:57:19,269 - INFO -    Queries com sucesso: 0
2026-02-15 19:57:19,356 - INFO - ✅ IFPI: 500 repositórios
2026-02-15 19:57:19,357 - INFO -    Palavras-chave: trabalho, algoritmos, desenvolvido, sala, site, projeto, curso, sistemas, para, ads
2026-02-15 19:57:22,358 - INFO - 
============================================================
2026-02-15 19:57:22,358 - INFO - 🏛️  Processando IFPI - Campus Uruçuí
2026-02-15 19:57:22,358 - INFO - ============================================================
2026-02-15 19:57:22,358 - INFO - 
🔄 Iteração 1/3 para IFPI
2026-02-15 19:57:22,358 - INFO -   🔎 Testando: "ifpi"
2026-02-15 19:57:37,748 - INFO -      ✅ 500 resultados (eficiência: 0.30)
2026-02-15 19:57:40,752 - INFO - 
🔄 Iteração 2/3 para IFPI
2026-02-15 19:57:40,753 - INFO -   ⚠️ Sem novas queries para testar
2026-02-15 19:57:40,754 - INFO - 
📊 Métricas finais para IFPI:
2026-02-15 19:57:40,755 - INFO -    Total de queries testadas: 1
2026-02-15 19:57:40,755 - INFO -    Queries com sucesso: 0
2026-02-15 19:57:40,799 - INFO - ✅ IFPI: 500 repositórios
2026-02-15 19:57:40,799 - INFO -    Palavras-chave: trabalho, algoritmos, desenvolvido, sala, site, projeto, curso, sistemas, para, ads
2026-02-15 19:57:43,801 - INFO - 
============================================================
2026-02-15 19:57:43,802 - INFO - 🏛️  Processando IFPI - Campus Angical
2026-02-15 19:57:43,802 - INFO - ============================================================
2026-02-15 19:57:43,802 - INFO - 
🔄 Iteração 1/3 para IFPI
2026-02-15 19:57:43,802 - INFO -   🔎 Testando: "ifpi"
2026-02-15 19:57:58,349 - INFO -      ✅ 500 resultados (eficiência: 0.30)
2026-02-15 19:58:01,352 - INFO - 
🔄 Iteração 2/3 para IFPI
2026-02-15 19:58:01,353 - INFO -   ⚠️ Sem novas queries para testar
2026-02-15 19:58:01,354 - INFO - 
📊 Métricas finais para IFPI:
2026-02-15 19:58:01,355 - INFO -    Total de queries testadas: 1
2026-02-15 19:58:01,355 - INFO -    Queries com sucesso: 0
2026-02-15 19:58:01,397 - INFO - ✅ IFPI: 500 repositórios
2026-02-15 19:58:01,397 - INFO -    Palavras-chave: trabalho, algoritmos, desenvolvido, sala, site, projeto, curso, sistemas, para, ads
2026-02-15 19:58:04,401 - INFO - 
============================================================
2026-02-15 19:58:04,401 - INFO - 🏛️  Processando IFPI - Campus Barras
2026-02-15 19:58:04,401 - INFO - ============================================================
2026-02-15 19:58:04,401 - INFO - 
🔄 Iteração 1/3 para IFPI
2026-02-15 19:58:04,401 - INFO -   🔎 Testando: "ifpi"
2026-02-15 19:58:19,873 - INFO -      ✅ 500 resultados (eficiência: 0.30)
2026-02-15 19:58:22,877 - INFO - 
🔄 Iteração 2/3 para IFPI
2026-02-15 19:58:22,878 - INFO -   ⚠️ Sem novas queries para testar
2026-02-15 19:58:22,880 - INFO - 
📊 Métricas finais para IFPI:
2026-02-15 19:58:22,880 - INFO -    Total de queries testadas: 1
2026-02-15 19:58:22,880 - INFO -    Queries com sucesso: 0
2026-02-15 19:58:22,919 - INFO - ✅ IFPI: 500 repositórios
2026-02-15 19:58:22,919 - INFO -    Palavras-chave: trabalho, algoritmos, desenvolvido, sala, site, projeto, curso, sistemas, para, ads
2026-02-15 19:58:25,921 - INFO - 
============================================================
2026-02-15 19:58:25,921 - INFO - 🏛️  Processando IFPI - Campus Esperantina
2026-02-15 19:58:25,921 - INFO - ============================================================
2026-02-15 19:58:25,921 - INFO - 
🔄 Iteração 1/3 para IFPI
2026-02-15 19:58:25,921 - INFO -   🔎 Testando: "ifpi"
2026-02-15 19:58:40,959 - INFO -      ✅ 500 resultados (eficiência: 0.30)
2026-02-15 19:58:43,963 - INFO - 
🔄 Iteração 2/3 para IFPI
2026-02-15 19:58:43,964 - INFO -   ⚠️ Sem novas queries para testar
2026-02-15 19:58:43,966 - INFO - 
📊 Métricas finais para IFPI:
2026-02-15 19:58:43,966 - INFO -    Total de queries testadas: 1
2026-02-15 19:58:43,966 - INFO -    Queries com sucesso: 0
2026-02-15 19:58:44,007 - INFO - ✅ IFPI: 500 repositórios
2026-02-15 19:58:44,009 - INFO -    Palavras-chave: trabalho, algoritmos, desenvolvido, sala, site, projeto, curso, sistemas, para, ads
2026-02-15 19:58:47,013 - INFO - 
============================================================
2026-02-15 19:58:47,013 - INFO - 🏛️  Processando IFPI - Campus Altos
2026-02-15 19:58:47,013 - INFO - ============================================================
2026-02-15 19:58:47,013 - INFO - 
🔄 Iteração 1/3 para IFPI
2026-02-15 19:58:47,013 - INFO -   🔎 Testando: "ifpi"
2026-02-15 19:59:02,115 - INFO -      ✅ 500 resultados (eficiência: 0.30)
2026-02-15 19:59:05,120 - INFO - 
🔄 Iteração 2/3 para IFPI
2026-02-15 19:59:05,121 - INFO -   ⚠️ Sem novas queries para testar
2026-02-15 19:59:05,122 - INFO - 
📊 Métricas finais para IFPI:
2026-02-15 19:59:05,122 - INFO -    Total de queries testadas: 1
2026-02-15 19:59:05,123 - INFO -    Queries com sucesso: 0
2026-02-15 19:59:05,160 - INFO - ✅ IFPI: 500 repositórios
2026-02-15 19:59:05,161 - INFO -    Palavras-chave: trabalho, algoritmos, desenvolvido, sala, site, projeto, curso, sistemas, para, ads
2026-02-15 19:59:08,161 - INFO - 
============================================================
2026-02-15 19:59:08,161 - INFO - 🏛️  Processando IFPB - Campus João Pessoa
2026-02-15 19:59:08,161 - INFO - ============================================================
2026-02-15 19:59:08,162 - INFO - 
🔄 Iteração 1/3 para IFPB
2026-02-15 19:59:08,162 - INFO -   🔎 Testando: "ifpb"
2026-02-15 19:59:27,658 - INFO -      ✅ 500 resultados (eficiência: 0.30)
2026-02-15 19:59:28,660 - INFO -   🔎 Testando: "campus joão"
2026-02-15 19:59:30,533 - INFO -      ✅ 36 resultados (eficiência: 0.11)
2026-02-15 19:59:33,537 - INFO - 
🔄 Iteração 2/3 para IFPB
2026-02-15 19:59:33,539 - INFO -   ⚠️ Sem novas queries para testar
2026-02-15 19:59:33,540 - INFO - 
📊 Métricas finais para IFPB:
2026-02-15 19:59:33,540 - INFO -    Total de queries testadas: 2
2026-02-15 19:59:33,541 - INFO -    Queries com sucesso: 0
2026-02-15 19:59:33,594 - INFO - ✅ IFPB: 519 repositórios
2026-02-15 19:59:33,594 - INFO -    Palavras-chave: sistema, site, projeto, dados, pessoa, curso, para, sistemas, projetos, campus
2026-02-15 19:59:36,599 - INFO - 
============================================================
2026-02-15 19:59:36,599 - INFO - 🏛️  Processando IFPB - Campus Cajazeiras
2026-02-15 19:59:36,600 - INFO - ============================================================
2026-02-15 19:59:36,600 - INFO - 
🔄 Iteração 1/3 para IFPB
2026-02-15 19:59:36,600 - INFO -   🔎 Testando: "ifpb"
2026-02-15 19:59:52,588 - INFO -      ✅ 500 resultados (eficiência: 0.30)
2026-02-15 19:59:55,592 - INFO - 
🔄 Iteração 2/3 para IFPB
2026-02-15 19:59:55,593 - INFO -   ⚠️ Sem novas queries para testar
2026-02-15 19:59:55,595 - INFO - 
📊 Métricas finais para IFPB:
2026-02-15 19:59:55,595 - INFO -    Total de queries testadas: 1
2026-02-15 19:59:55,596 - INFO -    Queries com sucesso: 0
2026-02-15 19:59:55,645 - INFO - ✅ IFPB: 500 repositórios
2026-02-15 19:59:55,645 - INFO -    Palavras-chave: sistema, site, projeto, dados, repositório, curso, para, sistemas, projetos, campus
2026-02-15 19:59:58,649 - INFO - 
============================================================
2026-02-15 19:59:58,649 - INFO - 🏛️  Processando IFPB - Campus Sousa
2026-02-15 19:59:58,650 - INFO - ============================================================
2026-02-15 19:59:58,650 - INFO - 
🔄 Iteração 1/3 para IFPB
2026-02-15 19:59:58,650 - INFO -   🔎 Testando: "ifpb"
2026-02-15 20:00:14,538 - INFO -      ✅ 500 resultados (eficiência: 0.30)
2026-02-15 20:00:17,542 - INFO - 
🔄 Iteração 2/3 para IFPB
2026-02-15 20:00:17,543 - INFO -   ⚠️ Sem novas queries para testar
2026-02-15 20:00:17,545 - INFO - 
📊 Métricas finais para IFPB:
2026-02-15 20:00:17,545 - INFO -    Total de queries testadas: 1
2026-02-15 20:00:17,546 - INFO -    Queries com sucesso: 0
2026-02-15 20:00:17,597 - INFO - ✅ IFPB: 500 repositórios
2026-02-15 20:00:17,597 - INFO -    Palavras-chave: sistema, site, projeto, dados, repositório, curso, para, sistemas, projetos, campus
2026-02-15 20:00:20,601 - INFO - 
============================================================
2026-02-15 20:00:20,601 - INFO - 🏛️  Processando IFPB - Campus Campina Grande
2026-02-15 20:00:20,601 - INFO - ============================================================
2026-02-15 20:00:20,601 - INFO - 
🔄 Iteração 1/3 para IFPB
2026-02-15 20:00:20,601 - INFO -   🔎 Testando: "ifpb"
2026-02-15 20:00:36,522 - INFO -      ✅ 500 resultados (eficiência: 0.30)
2026-02-15 20:00:37,524 - INFO -   🔎 Testando: "campus campina"
2026-02-15 20:00:40,699 - INFO -      ✅ 87 resultados (eficiência: 0.26)
2026-02-15 20:00:43,701 - INFO - 
🔄 Iteração 2/3 para IFPB
2026-02-15 20:00:43,703 - INFO -   ⚠️ Sem novas queries para testar
2026-02-15 20:00:43,704 - INFO - 
📊 Métricas finais para IFPB:
2026-02-15 20:00:43,704 - INFO -    Total de queries testadas: 2
2026-02-15 20:00:43,705 - INFO -    Queries com sucesso: 0
2026-02-15 20:00:43,790 - INFO - ✅ IFPB: 583 repositórios
2026-02-15 20:00:43,790 - INFO -    Palavras-chave: desenvolvido, sistema, campinas, projeto, dados, curso, grande, para, sistemas, campus
2026-02-15 20:00:46,794 - INFO - 
============================================================
2026-02-15 20:00:46,795 - INFO - 🏛️  Processando IFPB - Campus Patos
2026-02-15 20:00:46,795 - INFO - ============================================================
2026-02-15 20:00:46,796 - INFO - 
🔄 Iteração 1/3 para IFPB
2026-02-15 20:00:46,796 - INFO -   🔎 Testando: "ifpb"
2026-02-15 20:01:02,758 - INFO -      ✅ 500 resultados (eficiência: 0.30)
2026-02-15 20:01:05,761 - INFO - 
🔄 Iteração 2/3 para IFPB
2026-02-15 20:01:05,761 - INFO -   ⚠️ Sem novas queries para testar
2026-02-15 20:01:05,761 - INFO - 
📊 Métricas finais para IFPB:
2026-02-15 20:01:05,761 - INFO -    Total de queries testadas: 1
2026-02-15 20:01:05,762 - INFO -    Queries com sucesso: 0
2026-02-15 20:01:05,848 - INFO - ✅ IFPB: 500 repositórios
2026-02-15 20:01:05,849 - INFO -    Palavras-chave: sistema, site, projeto, dados, repositório, curso, para, sistemas, projetos, campus
2026-02-15 20:01:08,853 - INFO - 
============================================================
2026-02-15 20:01:08,853 - INFO - 🏛️  Processando IFPB - Campus Cabedelo
2026-02-15 20:01:08,853 - INFO - ============================================================
2026-02-15 20:01:08,853 - INFO - 
🔄 Iteração 1/3 para IFPB
2026-02-15 20:01:08,853 - INFO -   🔎 Testando: "ifpb"
2026-02-15 20:01:24,746 - INFO -      ✅ 500 resultados (eficiência: 0.30)
2026-02-15 20:01:27,751 - INFO - 
🔄 Iteração 2/3 para IFPB
2026-02-15 20:01:27,752 - INFO -   ⚠️ Sem novas queries para testar
2026-02-15 20:01:27,753 - INFO - 
📊 Métricas finais para IFPB:
2026-02-15 20:01:27,754 - INFO -    Total de queries testadas: 1
2026-02-15 20:01:27,754 - INFO -    Queries com sucesso: 0
2026-02-15 20:01:27,807 - INFO - ✅ IFPB: 500 repositórios
2026-02-15 20:01:27,808 - INFO -    Palavras-chave: sistema, site, projeto, dados, repositório, curso, para, sistemas, projetos, campus
2026-02-15 20:01:30,810 - INFO - 
============================================================
2026-02-15 20:01:30,810 - INFO - 🏛️  Processando IFPB - Campus Picuí
2026-02-15 20:01:30,810 - INFO - ============================================================
2026-02-15 20:01:30,810 - INFO - 
🔄 Iteração 1/3 para IFPB
2026-02-15 20:01:30,811 - INFO -   🔎 Testando: "ifpb"
2026-02-15 20:01:47,336 - INFO -      ✅ 500 resultados (eficiência: 0.30)
2026-02-15 20:01:50,340 - INFO - 
🔄 Iteração 2/3 para IFPB
2026-02-15 20:01:50,341 - INFO -   ⚠️ Sem novas queries para testar
2026-02-15 20:01:50,343 - INFO - 
📊 Métricas finais para IFPB:
2026-02-15 20:01:50,343 - INFO -    Total de queries testadas: 1
2026-02-15 20:01:50,344 - INFO -    Queries com sucesso: 0
2026-02-15 20:01:50,420 - INFO - ✅ IFPB: 500 repositórios
2026-02-15 20:01:50,421 - INFO -    Palavras-chave: sistema, site, projeto, dados, repositório, curso, para, sistemas, projetos, campus
2026-02-15 20:01:53,426 - INFO - 
============================================================
2026-02-15 20:01:53,426 - INFO - 🏛️  Processando IFPB - Campus Princesa Isabel
2026-02-15 20:01:53,426 - INFO - ============================================================
2026-02-15 20:01:53,426 - INFO - 
🔄 Iteração 1/3 para IFPB
2026-02-15 20:01:53,426 - INFO -   🔎 Testando: "ifpb"
2026-02-15 20:02:10,765 - INFO -      ✅ 500 resultados (eficiência: 0.30)
2026-02-15 20:02:11,766 - INFO -   🔎 Testando: "campus princesa"
2026-02-15 20:02:12,607 - INFO -      ✅ 3 resultados (eficiência: 0.01)
2026-02-15 20:02:15,609 - INFO - 
🔄 Iteração 2/3 para IFPB
2026-02-15 20:02:15,609 - INFO -   ⚠️ Sem novas queries para testar
2026-02-15 20:02:15,609 - INFO - 
📊 Métricas finais para IFPB:
2026-02-15 20:02:15,610 - INFO -    Total de queries testadas: 2
2026-02-15 20:02:15,610 - INFO -    Queries com sucesso: 0
2026-02-15 20:02:15,666 - INFO - ✅ IFPB: 501 repositórios
2026-02-15 20:02:15,666 - INFO -    Palavras-chave: sistema, site, projeto, dados, repositório, curso, para, sistemas, projetos, campus
2026-02-15 20:02:18,671 - INFO - 
============================================================
2026-02-15 20:02:18,671 - INFO - 🏛️  Processando IFPB - Campus Monteiro
2026-02-15 20:02:18,672 - INFO - ============================================================
2026-02-15 20:02:18,672 - INFO - 
🔄 Iteração 1/3 para IFPB
2026-02-15 20:02:18,672 - INFO -   🔎 Testando: "ifpb"
2026-02-15 20:02:34,064 - INFO -      ✅ 500 resultados (eficiência: 0.30)
2026-02-15 20:02:37,065 - INFO - 
🔄 Iteração 2/3 para IFPB
2026-02-15 20:02:37,066 - INFO -   ⚠️ Sem novas queries para testar
2026-02-15 20:02:37,068 - INFO - 
📊 Métricas finais para IFPB:
2026-02-15 20:02:37,068 - INFO -    Total de queries testadas: 1
2026-02-15 20:02:37,068 - INFO -    Queries com sucesso: 0
2026-02-15 20:02:37,122 - INFO - ✅ IFPB: 500 repositórios
2026-02-15 20:02:37,123 - INFO -    Palavras-chave: sistema, site, projeto, dados, repositório, curso, para, sistemas, projetos, campus
2026-02-15 20:02:40,125 - INFO - 
============================================================
2026-02-15 20:02:40,126 - INFO - 🏛️  Processando IFRO - Campus Porto Velho
2026-02-15 20:02:40,126 - INFO - ============================================================
2026-02-15 20:02:40,126 - INFO - 
🔄 Iteração 1/3 para IFRO
2026-02-15 20:02:40,126 - INFO -   🔎 Testando: "campus porto"
2026-02-15 20:02:41,451 - INFO -      ✅ 30 resultados (eficiência: 0.09)
2026-02-15 20:02:42,453 - INFO -   🔎 Testando: "ifro"
2026-02-15 20:03:01,528 - INFO -      ✅ 500 resultados (eficiência: 0.30)
2026-02-15 20:03:04,530 - INFO - 
🔄 Iteração 2/3 para IFRO
2026-02-15 20:03:04,530 - INFO -   ⚠️ Sem novas queries para testar
2026-02-15 20:03:04,530 - INFO - 
📊 Métricas finais para IFRO:
2026-02-15 20:03:04,531 - INFO -    Total de queries testadas: 2
2026-02-15 20:03:04,531 - INFO -    Queries com sucesso: 0
2026-02-15 20:03:04,567 - INFO - ✅ IFRO: 526 repositórios
2026-02-15 20:03:04,568 - INFO -    Palavras-chave: profile, ifro, site, projeto, ifrog, github, curso, oficina, para, porto
2026-02-15 20:03:07,569 - INFO - 
============================================================
2026-02-15 20:03:07,569 - INFO - 🏛️  Processando IFRO - Campus Ariquemes
2026-02-15 20:03:07,569 - INFO - ============================================================
2026-02-15 20:03:07,569 - INFO - 
🔄 Iteração 1/3 para IFRO
2026-02-15 20:03:07,569 - INFO -   🔎 Testando: "ifro"
2026-02-15 20:03:24,250 - INFO -      ✅ 500 resultados (eficiência: 0.30)
2026-02-15 20:03:27,254 - INFO - 
🔄 Iteração 2/3 para IFRO
2026-02-15 20:03:27,255 - INFO -   ⚠️ Sem novas queries para testar
2026-02-15 20:03:27,256 - INFO - 
📊 Métricas finais para IFRO:
2026-02-15 20:03:27,257 - INFO -    Total de queries testadas: 1
2026-02-15 20:03:27,257 - INFO -    Queries com sucesso: 0
2026-02-15 20:03:27,322 - INFO - ✅ IFRO: 500 repositórios
2026-02-15 20:03:27,322 - INFO -    Palavras-chave: profile, ifro, site, projeto, ifrog, github, curso, ifrost, oficina, para
2026-02-15 20:03:30,325 - INFO - 
============================================================
2026-02-15 20:03:30,325 - INFO - 🏛️  Processando IFRO - Campus Ji-Paraná
2026-02-15 20:03:30,326 - INFO - ============================================================
2026-02-15 20:03:30,326 - INFO - 
🔄 Iteração 1/3 para IFRO
2026-02-15 20:03:30,326 - INFO -   🔎 Testando: "ifro"
2026-02-15 20:03:45,838 - INFO -      ✅ 500 resultados (eficiência: 0.30)
2026-02-15 20:03:48,842 - INFO - 
🔄 Iteração 2/3 para IFRO
2026-02-15 20:03:48,843 - INFO -   ⚠️ Sem novas queries para testar
2026-02-15 20:03:48,845 - INFO - 
📊 Métricas finais para IFRO:
2026-02-15 20:03:48,846 - INFO -    Total de queries testadas: 1
2026-02-15 20:03:48,846 - INFO -    Queries com sucesso: 0
2026-02-15 20:03:48,908 - INFO - ✅ IFRO: 500 repositórios
2026-02-15 20:03:48,908 - INFO -    Palavras-chave: profile, ifro, site, projeto, ifrog, github, curso, ifrost, oficina, para
2026-02-15 20:03:51,909 - INFO - 
============================================================
2026-02-15 20:03:51,909 - INFO - 🏛️  Processando IFRO - Campus Vilhena
2026-02-15 20:03:51,909 - INFO - ============================================================
2026-02-15 20:03:51,910 - INFO - 
🔄 Iteração 1/3 para IFRO
2026-02-15 20:03:51,910 - INFO -   🔎 Testando: "ifro"
2026-02-15 20:04:06,888 - INFO -      ✅ 500 resultados (eficiência: 0.30)
2026-02-15 20:04:09,892 - INFO - 
🔄 Iteração 2/3 para IFRO
2026-02-15 20:04:09,893 - INFO -   ⚠️ Sem novas queries para testar
2026-02-15 20:04:09,894 - INFO - 
📊 Métricas finais para IFRO:
2026-02-15 20:04:09,895 - INFO -    Total de queries testadas: 1
2026-02-15 20:04:09,895 - INFO -    Queries com sucesso: 0
2026-02-15 20:04:09,958 - INFO - ✅ IFRO: 500 repositórios
2026-02-15 20:04:09,958 - INFO -    Palavras-chave: profile, ifro, site, projeto, ifrog, github, curso, ifrost, oficina, para
2026-02-15 20:04:12,961 - INFO - 
============================================================
2026-02-15 20:04:12,961 - INFO - 🏛️  Processando IFRO - Campus Colorado do Oeste
2026-02-15 20:04:12,962 - INFO - ============================================================
2026-02-15 20:04:12,962 - INFO - 
🔄 Iteração 1/3 para IFRO
2026-02-15 20:04:12,962 - INFO -   🔎 Testando: "campus colorado"
2026-02-15 20:04:13,439 - INFO -      ✅ 0 resultados (eficiência: 0.00)
2026-02-15 20:04:14,440 - INFO -   🔎 Testando: "ifro"
2026-02-15 20:04:30,225 - INFO -      ✅ 500 resultados (eficiência: 0.30)
2026-02-15 20:04:33,229 - INFO - 
🔄 Iteração 2/3 para IFRO
2026-02-15 20:04:33,231 - INFO -   ⚠️ Sem novas queries para testar
2026-02-15 20:04:33,232 - INFO - 
📊 Métricas finais para IFRO:
2026-02-15 20:04:33,232 - INFO -    Total de queries testadas: 2
2026-02-15 20:04:33,232 - INFO -    Queries com sucesso: 0
2026-02-15 20:04:33,355 - INFO - ✅ IFRO: 500 repositórios
2026-02-15 20:04:33,356 - INFO -    Palavras-chave: profile, ifro, site, projeto, ifrog, github, curso, ifrost, oficina, para
2026-02-15 20:04:36,358 - INFO - 
============================================================
2026-02-15 20:04:36,359 - INFO - 🏛️  Processando IFRO - Campus Cacoal
2026-02-15 20:04:36,359 - INFO - ============================================================
2026-02-15 20:04:36,359 - INFO - 
🔄 Iteração 1/3 para IFRO
2026-02-15 20:04:36,360 - INFO -   🔎 Testando: "ifro"
2026-02-15 20:04:51,389 - INFO -      ✅ 500 resultados (eficiência: 0.30)
2026-02-15 20:04:54,393 - INFO - 
🔄 Iteração 2/3 para IFRO
2026-02-15 20:04:54,394 - INFO -   ⚠️ Sem novas queries para testar
2026-02-15 20:04:54,395 - INFO - 
📊 Métricas finais para IFRO:
2026-02-15 20:04:54,395 - INFO -    Total de queries testadas: 1
2026-02-15 20:04:54,396 - INFO -    Queries com sucesso: 0
2026-02-15 20:04:54,433 - INFO - ✅ IFRO: 500 repositórios
2026-02-15 20:04:54,434 - INFO -    Palavras-chave: profile, ifro, site, projeto, ifrog, github, curso, ifrost, oficina, para
2026-02-15 20:04:57,438 - INFO - 
============================================================
2026-02-15 20:04:57,438 - INFO - 🏛️  Processando IFRO - Campus Guajará-Mirim
2026-02-15 20:04:57,439 - INFO - ============================================================
2026-02-15 20:04:57,439 - INFO - 
🔄 Iteração 1/3 para IFRO
2026-02-15 20:04:57,439 - INFO -   🔎 Testando: "ifro"
2026-02-15 20:05:13,709 - INFO -      ✅ 500 resultados (eficiência: 0.30)
2026-02-15 20:05:16,713 - INFO - 
🔄 Iteração 2/3 para IFRO
2026-02-15 20:05:16,713 - INFO -   ⚠️ Sem novas queries para testar
2026-02-15 20:05:16,713 - INFO - 
📊 Métricas finais para IFRO:
2026-02-15 20:05:16,713 - INFO -    Total de queries testadas: 1
2026-02-15 20:05:16,714 - INFO -    Queries com sucesso: 0
2026-02-15 20:05:16,756 - INFO - ✅ IFRO: 500 repositórios
2026-02-15 20:05:16,757 - INFO -    Palavras-chave: profile, ifro, site, projeto, ifrog, github, curso, ifrost, oficina, para
2026-02-15 20:05:19,762 - INFO - 
============================================================
2026-02-15 20:05:19,763 - INFO - 🏛️  Processando IFRO - Campus Jaru
2026-02-15 20:05:19,763 - INFO - ============================================================
2026-02-15 20:05:19,764 - INFO - 
🔄 Iteração 1/3 para IFRO
2026-02-15 20:05:19,764 - INFO -   🔎 Testando: "ifro"
2026-02-15 20:05:36,032 - INFO -      ✅ 500 resultados (eficiência: 0.30)
2026-02-15 20:05:39,036 - INFO - 
🔄 Iteração 2/3 para IFRO
2026-02-15 20:05:39,037 - INFO -   ⚠️ Sem novas queries para testar
2026-02-15 20:05:39,038 - INFO - 
📊 Métricas finais para IFRO:
2026-02-15 20:05:39,039 - INFO -    Total de queries testadas: 1
2026-02-15 20:05:39,039 - INFO -    Queries com sucesso: 0
2026-02-15 20:05:39,100 - INFO - ✅ IFRO: 500 repositórios
2026-02-15 20:05:39,100 - INFO -    Palavras-chave: profile, ifro, site, projeto, ifrog, github, curso, ifrost, oficina, para
2026-02-15 20:05:42,104 - INFO - 
============================================================
2026-02-15 20:05:42,104 - INFO - 🏛️  Processando IFRO - Campus Ouro Preto do Oeste
2026-02-15 20:05:42,105 - INFO - ============================================================
2026-02-15 20:05:42,105 - INFO - 
🔄 Iteração 1/3 para IFRO
2026-02-15 20:05:42,105 - INFO -   🔎 Testando: "campus ouro"
2026-02-15 20:05:43,363 - INFO -      ✅ 17 resultados (eficiência: 0.05)
2026-02-15 20:05:44,365 - INFO -   🔎 Testando: "ifro"
2026-02-15 20:06:01,550 - INFO -      ✅ 500 resultados (eficiência: 0.30)
2026-02-15 20:06:04,553 - INFO - 
🔄 Iteração 2/3 para IFRO
2026-02-15 20:06:04,553 - INFO -   ⚠️ Sem novas queries para testar
2026-02-15 20:06:04,554 - INFO - 
📊 Métricas finais para IFRO:
2026-02-15 20:06:04,554 - INFO -    Total de queries testadas: 2
2026-02-15 20:06:04,554 - INFO -    Queries com sucesso: 0
2026-02-15 20:06:04,615 - INFO - ✅ IFRO: 517 repositórios
2026-02-15 20:06:04,616 - INFO -    Palavras-chave: profile, ifro, site, projeto, ifrog, github, curso, ifrost, oficina, para
2026-02-15 20:06:07,621 - INFO - 
============================================================
2026-02-15 20:06:07,621 - INFO - 🏛️  Processando IFRO - Campus Pimenta Bueno
2026-02-15 20:06:07,621 - INFO - ============================================================
2026-02-15 20:06:07,621 - INFO - 
🔄 Iteração 1/3 para IFRO
2026-02-15 20:06:07,621 - INFO -   🔎 Testando: "campus pimenta"
2026-02-15 20:06:08,125 - INFO -      ✅ 0 resultados (eficiência: 0.00)
2026-02-15 20:06:09,126 - INFO -   🔎 Testando: "ifro"
2026-02-15 20:06:24,675 - INFO -      ✅ 500 resultados (eficiência: 0.30)
2026-02-15 20:06:27,678 - INFO - 
🔄 Iteração 2/3 para IFRO
2026-02-15 20:06:27,678 - INFO -   ⚠️ Sem novas queries para testar
2026-02-15 20:06:27,679 - INFO - 
📊 Métricas finais para IFRO:
2026-02-15 20:06:27,679 - INFO -    Total de queries testadas: 2
2026-02-15 20:06:27,679 - INFO -    Queries com sucesso: 0
2026-02-15 20:06:27,717 - INFO - ✅ IFRO: 500 repositórios
2026-02-15 20:06:27,717 - INFO -    Palavras-chave: profile, ifro, site, projeto, ifrog, github, curso, ifrost, oficina, para
2026-02-15 20:06:30,721 - INFO - 
============================================================
2026-02-15 20:06:30,722 - INFO - 🏛️  Processando IFRO - Campus Porto Velho Zona Norte
2026-02-15 20:06:30,722 - INFO - ============================================================
2026-02-15 20:06:30,722 - INFO - 
🔄 Iteração 1/3 para IFRO
2026-02-15 20:06:30,723 - INFO -   🔎 Testando: "campus porto"
2026-02-15 20:06:32,019 - INFO -      ✅ 30 resultados (eficiência: 0.09)
2026-02-15 20:06:33,021 - INFO -   🔎 Testando: "ifro"
2026-02-15 20:06:49,968 - INFO -      ✅ 500 resultados (eficiência: 0.30)
2026-02-15 20:06:52,973 - INFO - 
🔄 Iteração 2/3 para IFRO
2026-02-15 20:06:52,974 - INFO -   ⚠️ Sem novas queries para testar
2026-02-15 20:06:52,975 - INFO - 
📊 Métricas finais para IFRO:
2026-02-15 20:06:52,976 - INFO -    Total de queries testadas: 2
2026-02-15 20:06:52,976 - INFO -    Queries com sucesso: 0
2026-02-15 20:06:53,039 - INFO - ✅ IFRO: 526 repositórios
2026-02-15 20:06:53,040 - INFO -    Palavras-chave: profile, ifro, site, projeto, ifrog, github, curso, oficina, para, porto
2026-02-15 20:06:56,041 - INFO - 
============================================================
2026-02-15 20:06:56,041 - INFO - 🏛️  Processando IFRO - Campus Rolim de Moura
2026-02-15 20:06:56,041 - INFO - ============================================================
2026-02-15 20:06:56,041 - INFO - 
🔄 Iteração 1/3 para IFRO
2026-02-15 20:06:56,042 - INFO -   🔎 Testando: "campus rolim"
2026-02-15 20:06:56,489 - INFO -      ✅ 0 resultados (eficiência: 0.00)
2026-02-15 20:06:57,490 - INFO -   🔎 Testando: "ifro"
2026-02-15 20:07:14,192 - INFO -      ✅ 500 resultados (eficiência: 0.30)
2026-02-15 20:07:17,196 - INFO - 
🔄 Iteração 2/3 para IFRO
2026-02-15 20:07:17,197 - INFO -   ⚠️ Sem novas queries para testar
2026-02-15 20:07:17,198 - INFO - 
📊 Métricas finais para IFRO:
2026-02-15 20:07:17,199 - INFO -    Total de queries testadas: 2
2026-02-15 20:07:17,199 - INFO -    Queries com sucesso: 0
2026-02-15 20:07:17,239 - INFO - ✅ IFRO: 500 repositórios
2026-02-15 20:07:17,241 - INFO -    Palavras-chave: profile, ifro, site, projeto, ifrog, github, curso, ifrost, oficina, para
2026-02-15 20:07:20,245 - INFO - 
============================================================
2026-02-15 20:07:20,245 - INFO - 🏛️  Processando IFRR - Campus Boa Vista
2026-02-15 20:07:20,245 - INFO - ============================================================
2026-02-15 20:07:20,245 - INFO - 
🔄 Iteração 1/3 para IFRR
2026-02-15 20:07:20,245 - INFO -   🔎 Testando: "campus boa"
2026-02-15 20:07:23,845 - INFO -      ✅ 50 resultados (eficiência: 0.15)
2026-02-15 20:07:24,847 - INFO -   🔎 Testando: "ifrr"
2026-02-15 20:07:26,296 - INFO -      ✅ 41 resultados (eficiência: 0.12)
2026-02-15 20:07:29,300 - INFO - 
🔄 Iteração 2/3 para IFRR
2026-02-15 20:07:29,301 - INFO -   ⚠️ Sem novas queries para testar
2026-02-15 20:07:29,302 - INFO - 
📊 Métricas finais para IFRR:
2026-02-15 20:07:29,302 - INFO -    Total de queries testadas: 2
2026-02-15 20:07:29,303 - INFO -    Queries com sucesso: 0
2026-02-15 20:07:29,326 - INFO - ✅ IFRR: 89 repositórios
2026-02-15 20:07:29,327 - INFO -    Palavras-chave: board, desenvolvimento, ifce, campusboard, tads, projeto, github, curso, viagem, para
2026-02-15 20:07:32,333 - INFO - 
============================================================
2026-02-15 20:07:32,333 - INFO - 🏛️  Processando IFRR - Campus Novo Paraíso
2026-02-15 20:07:32,333 - INFO - ============================================================
2026-02-15 20:07:32,334 - INFO - 
🔄 Iteração 1/3 para IFRR
2026-02-15 20:07:32,334 - INFO -   🔎 Testando: "campus novo"
2026-02-15 20:07:32,915 - INFO -      ✅ 0 resultados (eficiência: 0.00)
2026-02-15 20:07:33,917 - INFO -   🔎 Testando: "ifrr"
2026-02-15 20:07:35,325 - INFO -      ✅ 41 resultados (eficiência: 0.12)
2026-02-15 20:07:38,329 - INFO - 
🔄 Iteração 2/3 para IFRR
2026-02-15 20:07:38,330 - INFO -   ⚠️ Sem novas queries para testar
2026-02-15 20:07:38,330 - INFO - 
📊 Métricas finais para IFRR:
2026-02-15 20:07:38,330 - INFO -    Total de queries testadas: 2
2026-02-15 20:07:38,331 - INFO -    Queries com sucesso: 0
2026-02-15 20:07:38,342 - INFO - ✅ IFRR: 41 repositórios
2026-02-15 20:07:38,343 - INFO -    Palavras-chave: desenvolvido, algoritmos, sistema, ifrr, tads, projeto, roraima, github, curso, para
2026-02-15 20:07:41,346 - INFO - 
============================================================
2026-02-15 20:07:41,346 - INFO - 🏛️  Processando IFRR - Campus Amajarí
2026-02-15 20:07:41,347 - INFO - ============================================================
2026-02-15 20:07:41,347 - INFO - 
🔄 Iteração 1/3 para IFRR
2026-02-15 20:07:41,347 - INFO -   🔎 Testando: "ifrr"
2026-02-15 20:07:43,091 - INFO -      ✅ 41 resultados (eficiência: 0.12)
2026-02-15 20:07:46,093 - INFO - 
🔄 Iteração 2/3 para IFRR
2026-02-15 20:07:46,094 - INFO -   ⚠️ Sem novas queries para testar
2026-02-15 20:07:46,095 - INFO - 
📊 Métricas finais para IFRR:
2026-02-15 20:07:46,095 - INFO -    Total de queries testadas: 1
2026-02-15 20:07:46,095 - INFO -    Queries com sucesso: 0
2026-02-15 20:07:46,123 - INFO - ✅ IFRR: 41 repositórios
2026-02-15 20:07:46,123 - INFO -    Palavras-chave: desenvolvido, algoritmos, sistema, ifrr, tads, projeto, roraima, github, curso, para
2026-02-15 20:07:49,129 - INFO - 
============================================================
2026-02-15 20:07:49,129 - INFO - 🏛️  Processando IFRR - Campus Bonfim
2026-02-15 20:07:49,129 - INFO - ============================================================
2026-02-15 20:07:49,130 - INFO - 
🔄 Iteração 1/3 para IFRR
2026-02-15 20:07:49,130 - INFO -   🔎 Testando: "ifrr"
2026-02-15 20:07:50,774 - INFO -      ✅ 41 resultados (eficiência: 0.12)
2026-02-15 20:07:53,777 - INFO - 
🔄 Iteração 2/3 para IFRR
2026-02-15 20:07:53,778 - INFO -   ⚠️ Sem novas queries para testar
2026-02-15 20:07:53,779 - INFO - 
📊 Métricas finais para IFRR:
2026-02-15 20:07:53,779 - INFO -    Total de queries testadas: 1
2026-02-15 20:07:53,780 - INFO -    Queries com sucesso: 0
2026-02-15 20:07:53,809 - INFO - ✅ IFRR: 41 repositórios
2026-02-15 20:07:53,810 - INFO -    Palavras-chave: desenvolvido, algoritmos, sistema, ifrr, tads, projeto, roraima, github, curso, para
2026-02-15 20:07:56,815 - INFO - 
============================================================
2026-02-15 20:07:56,815 - INFO - 🏛️  Processando IFRR - Campus Rorainópolis
2026-02-15 20:07:56,815 - INFO - ============================================================
2026-02-15 20:07:56,816 - INFO - 
🔄 Iteração 1/3 para IFRR
2026-02-15 20:07:56,816 - INFO -   🔎 Testando: "ifrr"
2026-02-15 20:07:58,338 - INFO -      ✅ 41 resultados (eficiência: 0.12)
2026-02-15 20:08:01,341 - INFO - 
🔄 Iteração 2/3 para IFRR
2026-02-15 20:08:01,342 - INFO -   ⚠️ Sem novas queries para testar
2026-02-15 20:08:01,343 - INFO - 
📊 Métricas finais para IFRR:
2026-02-15 20:08:01,343 - INFO -    Total de queries testadas: 1
2026-02-15 20:08:01,344 - INFO -    Queries com sucesso: 0
2026-02-15 20:08:01,374 - INFO - ✅ IFRR: 41 repositórios
2026-02-15 20:08:01,374 - INFO -    Palavras-chave: desenvolvido, algoritmos, sistema, ifrr, tads, projeto, roraima, github, curso, para
2026-02-15 20:08:04,378 - INFO - 
============================================================
2026-02-15 20:08:04,378 - INFO - 🏛️  Processando IFPR - Campus Curitiba
2026-02-15 20:08:04,379 - INFO - ============================================================
2026-02-15 20:08:04,379 - INFO - 
🔄 Iteração 1/3 para IFPR
2026-02-15 20:08:04,379 - INFO -   🔎 Testando: "ifpr"
2026-02-15 20:08:21,301 - INFO -      ✅ 500 resultados (eficiência: 0.30)
2026-02-15 20:08:24,305 - INFO - 
🔄 Iteração 2/3 para IFPR
2026-02-15 20:08:24,306 - INFO -   ⚠️ Sem novas queries para testar
2026-02-15 20:08:24,308 - INFO - 
📊 Métricas finais para IFPR:
2026-02-15 20:08:24,308 - INFO -    Total de queries testadas: 1
2026-02-15 20:08:24,308 - INFO -    Queries com sucesso: 0
2026-02-15 20:08:24,367 - INFO - ✅ IFPR: 500 repositórios
2026-02-15 20:08:24,368 - INFO -    Palavras-chave: trabalho, java, desenvolvimento, tads, site, projeto, ifpr, curso, para, ifprgit
2026-02-15 20:08:27,369 - INFO - 
============================================================
2026-02-15 20:08:27,369 - INFO - 🏛️  Processando IFPR - Campus Paranaguá
2026-02-15 20:08:27,370 - INFO - ============================================================
2026-02-15 20:08:27,370 - INFO - 
🔄 Iteração 1/3 para IFPR
2026-02-15 20:08:27,370 - INFO -   🔎 Testando: "ifpr"
2026-02-15 20:08:45,522 - INFO -      ✅ 500 resultados (eficiência: 0.30)
2026-02-15 20:08:48,525 - INFO - 
🔄 Iteração 2/3 para IFPR
2026-02-15 20:08:48,526 - INFO -   ⚠️ Sem novas queries para testar
2026-02-15 20:08:48,527 - INFO - 
📊 Métricas finais para IFPR:
2026-02-15 20:08:48,527 - INFO -    Total de queries testadas: 1
2026-02-15 20:08:48,527 - INFO -    Queries com sucesso: 0
2026-02-15 20:08:48,595 - INFO - ✅ IFPR: 500 repositórios
2026-02-15 20:08:48,596 - INFO -    Palavras-chave: trabalho, java, desenvolvimento, tads, site, projeto, ifpr, curso, para, ifprgit
2026-02-15 20:08:51,599 - INFO - 
============================================================
2026-02-15 20:08:51,599 - INFO - 🏛️  Processando IFPR - Campus Paranavaí
2026-02-15 20:08:51,600 - INFO - ============================================================
2026-02-15 20:08:51,600 - INFO - 
🔄 Iteração 1/3 para IFPR
2026-02-15 20:08:51,600 - INFO -   🔎 Testando: "ifpr"
2026-02-15 20:09:07,419 - INFO -      ✅ 500 resultados (eficiência: 0.30)
2026-02-15 20:09:10,423 - INFO - 
🔄 Iteração 2/3 para IFPR
2026-02-15 20:09:10,424 - INFO -   ⚠️ Sem novas queries para testar
2026-02-15 20:09:10,426 - INFO - 
📊 Métricas finais para IFPR:
2026-02-15 20:09:10,426 - INFO -    Total de queries testadas: 1
2026-02-15 20:09:10,426 - INFO -    Queries com sucesso: 0
2026-02-15 20:09:10,474 - INFO - ✅ IFPR: 500 repositórios
2026-02-15 20:09:10,475 - INFO -    Palavras-chave: trabalho, java, desenvolvimento, tads, site, projeto, ifpr, curso, para, ifprgit
2026-02-15 20:09:13,477 - INFO - 
============================================================
2026-02-15 20:09:13,477 - INFO - 🏛️  Processando IFPR - Campus Telêmaco Borba
2026-02-15 20:09:13,477 - INFO - ============================================================
2026-02-15 20:09:13,477 - INFO - 
🔄 Iteração 1/3 para IFPR
2026-02-15 20:09:13,477 - INFO -   🔎 Testando: "campus telêmaco"
2026-02-15 20:09:14,973 - INFO -      ✅ 29 resultados (eficiência: 0.09)
2026-02-15 20:09:15,974 - INFO -   🔎 Testando: "ifpr"
2026-02-15 20:09:33,942 - INFO -      ✅ 500 resultados (eficiência: 0.30)
2026-02-15 20:09:36,947 - INFO - 
🔄 Iteração 2/3 para IFPR
2026-02-15 20:09:36,948 - INFO -   ⚠️ Sem novas queries para testar
2026-02-15 20:09:36,949 - INFO - 
📊 Métricas finais para IFPR:
2026-02-15 20:09:36,950 - INFO -    Total de queries testadas: 2
2026-02-15 20:09:36,950 - INFO -    Queries com sucesso: 0
2026-02-15 20:09:37,000 - INFO - ✅ IFPR: 529 repositórios
2026-02-15 20:09:37,001 - INFO -    Palavras-chave: trabalho, desenvolvido, sistema, desenvolvimento, tads, site, projeto, borba, ifpr, curso
2026-02-15 20:09:40,006 - INFO - 
============================================================
2026-02-15 20:09:40,006 - INFO - 🏛️  Processando IFPR - Campus Umuarama
2026-02-15 20:09:40,006 - INFO - ============================================================
2026-02-15 20:09:40,006 - INFO - 
🔄 Iteração 1/3 para IFPR
2026-02-15 20:09:40,006 - INFO -   🔎 Testando: "ifpr"
2026-02-15 20:09:55,801 - INFO -      ✅ 500 resultados (eficiência: 0.30)
2026-02-15 20:09:58,805 - INFO - 
🔄 Iteração 2/3 para IFPR
2026-02-15 20:09:58,806 - INFO -   ⚠️ Sem novas queries para testar
2026-02-15 20:09:58,807 - INFO - 
📊 Métricas finais para IFPR:
2026-02-15 20:09:58,807 - INFO -    Total de queries testadas: 1
2026-02-15 20:09:58,808 - INFO -    Queries com sucesso: 0
2026-02-15 20:09:58,844 - INFO - ✅ IFPR: 500 repositórios
2026-02-15 20:09:58,845 - INFO -    Palavras-chave: trabalho, java, desenvolvimento, tads, site, projeto, ifpr, curso, para, ifprgit
2026-02-15 20:10:01,849 - INFO - 
============================================================
2026-02-15 20:10:01,849 - INFO - 🏛️  Processando IFPR - Campus Jacarezinho
2026-02-15 20:10:01,850 - INFO - ============================================================
2026-02-15 20:10:01,850 - INFO - 
🔄 Iteração 1/3 para IFPR
2026-02-15 20:10:01,850 - INFO -   🔎 Testando: "ifpr"
2026-02-15 20:10:18,232 - INFO -      ✅ 500 resultados (eficiência: 0.30)
2026-02-15 20:10:21,235 - INFO - 
🔄 Iteração 2/3 para IFPR
2026-02-15 20:10:21,236 - INFO -   ⚠️ Sem novas queries para testar
2026-02-15 20:10:21,237 - INFO - 
📊 Métricas finais para IFPR:
2026-02-15 20:10:21,238 - INFO -    Total de queries testadas: 1
2026-02-15 20:10:21,238 - INFO -    Queries com sucesso: 0
2026-02-15 20:10:21,297 - INFO - ✅ IFPR: 500 repositórios
2026-02-15 20:10:21,297 - INFO -    Palavras-chave: trabalho, java, desenvolvimento, tads, site, projeto, ifpr, curso, para, ifprgit
2026-02-15 20:10:24,298 - INFO - 
============================================================
2026-02-15 20:10:24,298 - INFO - 🏛️  Processando IFPR - Campus Foz do Iguaçu
2026-02-15 20:10:24,298 - INFO - ============================================================
2026-02-15 20:10:24,298 - INFO - 
🔄 Iteração 1/3 para IFPR
2026-02-15 20:10:24,298 - INFO -   🔎 Testando: "campus foz"
2026-02-15 20:10:25,050 - INFO -      ✅ 6 resultados (eficiência: 0.02)
2026-02-15 20:10:26,051 - INFO -   🔎 Testando: "ifpr"
2026-02-15 20:10:42,082 - INFO -      ✅ 500 resultados (eficiência: 0.30)
2026-02-15 20:10:45,086 - INFO - 
🔄 Iteração 2/3 para IFPR
2026-02-15 20:10:45,087 - INFO -   ⚠️ Sem novas queries para testar
2026-02-15 20:10:45,088 - INFO - 
📊 Métricas finais para IFPR:
2026-02-15 20:10:45,089 - INFO -    Total de queries testadas: 2
2026-02-15 20:10:45,089 - INFO -    Queries com sucesso: 0
2026-02-15 20:10:45,126 - INFO - ✅ IFPR: 506 repositórios
2026-02-15 20:10:45,127 - INFO -    Palavras-chave: trabalho, java, desenvolvimento, tads, site, projeto, ifpr, curso, para, ifprgit
2026-02-15 20:10:48,130 - INFO - 
============================================================
2026-02-15 20:10:48,130 - INFO - 🏛️  Processando IFSP - Campus São Paulo
2026-02-15 20:10:48,130 - INFO - ============================================================
2026-02-15 20:10:48,131 - INFO - 
🔄 Iteração 1/3 para IFSP
2026-02-15 20:10:48,131 - INFO -   🔎 Testando: "ifsp"
2026-02-15 20:11:09,654 - INFO -      ✅ 500 resultados (eficiência: 0.30)
2026-02-15 20:11:10,655 - INFO -   🔎 Testando: "campus são"
2026-02-15 20:11:20,187 - INFO -      ✅ 268 resultados (eficiência: 0.30)
2026-02-15 20:11:23,192 - INFO - 
🔄 Iteração 2/3 para IFSP
2026-02-15 20:11:23,193 - INFO -   ⚠️ Sem novas queries para testar
2026-02-15 20:11:23,195 - INFO - 
📊 Métricas finais para IFSP:
2026-02-15 20:11:23,195 - INFO -    Total de queries testadas: 2
2026-02-15 20:11:23,196 - INFO -    Queries com sucesso: 0
2026-02-15 20:11:23,280 - INFO - ✅ IFSP: 758 repositórios
2026-02-15 20:11:23,280 - INFO -    Palavras-chave: desenvolvido, instituto, trabalho, ifsp, projeto, dados, federal, curso, paulo, para
2026-02-15 20:11:26,282 - INFO - 
============================================================
2026-02-15 20:11:26,282 - INFO - 🏛️  Processando IFSP - Campus Cubatão
2026-02-15 20:11:26,282 - INFO - ============================================================
2026-02-15 20:11:26,282 - INFO - 
🔄 Iteração 1/3 para IFSP
2026-02-15 20:11:26,282 - INFO -   🔎 Testando: "ifsp"
2026-02-15 20:11:42,933 - INFO -      ✅ 500 resultados (eficiência: 0.30)
2026-02-15 20:11:45,937 - INFO - 
🔄 Iteração 2/3 para IFSP
2026-02-15 20:11:45,938 - INFO -   ⚠️ Sem novas queries para testar
2026-02-15 20:11:45,940 - INFO - 
📊 Métricas finais para IFSP:
2026-02-15 20:11:45,940 - INFO -    Total de queries testadas: 1
2026-02-15 20:11:45,941 - INFO -    Queries com sucesso: 0
2026-02-15 20:11:46,001 - INFO - ✅ IFSP: 500 repositórios
2026-02-15 20:11:46,001 - INFO -    Palavras-chave: trabalho, desenvolvido, sistema, java, ifsp, projeto, dados, web, curso, para
2026-02-15 20:11:49,005 - INFO - 
============================================================
2026-02-15 20:11:49,005 - INFO - 🏛️  Processando IFSP - Campus Sertãozinho
2026-02-15 20:11:49,005 - INFO - ============================================================
2026-02-15 20:11:49,005 - INFO - 
🔄 Iteração 1/3 para IFSP
2026-02-15 20:11:49,005 - INFO -   🔎 Testando: "ifsp"
2026-02-15 20:12:04,930 - INFO -      ✅ 500 resultados (eficiência: 0.30)
2026-02-15 20:12:07,933 - INFO - 
🔄 Iteração 2/3 para IFSP
2026-02-15 20:12:07,934 - INFO -   ⚠️ Sem novas queries para testar
2026-02-15 20:12:07,936 - INFO - 
📊 Métricas finais para IFSP:
2026-02-15 20:12:07,936 - INFO -    Total de queries testadas: 1
2026-02-15 20:12:07,936 - INFO -    Queries com sucesso: 0
2026-02-15 20:12:07,989 - INFO - ✅ IFSP: 500 repositórios
2026-02-15 20:12:07,990 - INFO -    Palavras-chave: trabalho, desenvolvido, sistema, java, ifsp, projeto, dados, web, curso, para
2026-02-15 20:12:10,993 - INFO - 
============================================================
2026-02-15 20:12:10,993 - INFO - 🏛️  Processando IFSP - Campus Guarulhos
2026-02-15 20:12:10,993 - INFO - ============================================================
2026-02-15 20:12:10,994 - INFO - 
🔄 Iteração 1/3 para IFSP
2026-02-15 20:12:10,994 - INFO -   🔎 Testando: "ifsp"
2026-02-15 20:12:31,053 - INFO -      ✅ 500 resultados (eficiência: 0.30)
2026-02-15 20:12:34,057 - INFO - 
🔄 Iteração 2/3 para IFSP
2026-02-15 20:12:34,058 - INFO -   ⚠️ Sem novas queries para testar
2026-02-15 20:12:34,059 - INFO - 
📊 Métricas finais para IFSP:
2026-02-15 20:12:34,060 - INFO -    Total de queries testadas: 1
2026-02-15 20:12:34,060 - INFO -    Queries com sucesso: 0
2026-02-15 20:12:34,117 - INFO - ✅ IFSP: 500 repositórios
2026-02-15 20:12:34,118 - INFO -    Palavras-chave: trabalho, desenvolvido, sistema, java, ifsp, projeto, dados, web, curso, para
2026-02-15 20:12:37,121 - INFO - 
============================================================
2026-02-15 20:12:37,121 - INFO - 🏛️  Processando IFSP - Campus São João da Boa Vista
2026-02-15 20:12:37,121 - INFO - ============================================================
2026-02-15 20:12:37,121 - INFO - 
🔄 Iteração 1/3 para IFSP
2026-02-15 20:12:37,121 - INFO -   🔎 Testando: "ifsp"
2026-02-15 20:12:53,195 - INFO -      ✅ 500 resultados (eficiência: 0.30)
2026-02-15 20:12:54,196 - INFO -   🔎 Testando: "campus são"
2026-02-15 20:13:02,608 - INFO -      ✅ 268 resultados (eficiência: 0.30)
2026-02-15 20:13:05,612 - INFO - 
🔄 Iteração 2/3 para IFSP
2026-02-15 20:13:05,613 - INFO -   ⚠️ Sem novas queries para testar
2026-02-15 20:13:05,615 - INFO - 
📊 Métricas finais para IFSP:
2026-02-15 20:13:05,616 - INFO -    Total de queries testadas: 2
2026-02-15 20:13:05,616 - INFO -    Queries com sucesso: 0
2026-02-15 20:13:05,710 - INFO - ✅ IFSP: 758 repositórios
2026-02-15 20:13:05,710 - INFO -    Palavras-chave: desenvolvido, instituto, trabalho, ifsp, projeto, dados, federal, curso, paulo, para
2026-02-15 20:13:08,715 - INFO - 
============================================================
2026-02-15 20:13:08,715 - INFO - 🏛️  Processando IFSP - Campus Campinas
2026-02-15 20:13:08,715 - INFO - ============================================================
2026-02-15 20:13:08,715 - INFO - 
🔄 Iteração 1/3 para IFSP
2026-02-15 20:13:08,716 - INFO -   🔎 Testando: "ifsp"
2026-02-15 20:13:25,782 - INFO -      ✅ 500 resultados (eficiência: 0.30)
2026-02-15 20:13:28,785 - INFO - 
🔄 Iteração 2/3 para IFSP
2026-02-15 20:13:28,786 - INFO -   ⚠️ Sem novas queries para testar
2026-02-15 20:13:28,788 - INFO - 
📊 Métricas finais para IFSP:
2026-02-15 20:13:28,788 - INFO -    Total de queries testadas: 1
2026-02-15 20:13:28,788 - INFO -    Queries com sucesso: 0
2026-02-15 20:13:28,849 - INFO - ✅ IFSP: 500 repositórios
2026-02-15 20:13:28,850 - INFO -    Palavras-chave: trabalho, desenvolvido, sistema, java, ifsp, projeto, dados, web, curso, para
2026-02-15 20:13:31,853 - INFO - 
============================================================
2026-02-15 20:13:31,853 - INFO - 🏛️  Processando IFSP - Campus Barretos
2026-02-15 20:13:31,854 - INFO - ============================================================
2026-02-15 20:13:31,854 - INFO - 
🔄 Iteração 1/3 para IFSP
2026-02-15 20:13:31,854 - INFO -   🔎 Testando: "ifsp"
2026-02-15 20:13:46,701 - INFO -      ✅ 500 resultados (eficiência: 0.30)
2026-02-15 20:13:49,705 - INFO - 
🔄 Iteração 2/3 para IFSP
2026-02-15 20:13:49,706 - INFO -   ⚠️ Sem novas queries para testar
2026-02-15 20:13:49,708 - INFO - 
📊 Métricas finais para IFSP:
2026-02-15 20:13:49,708 - INFO -    Total de queries testadas: 1
2026-02-15 20:13:49,709 - INFO -    Queries com sucesso: 0
2026-02-15 20:13:49,848 - INFO - ✅ IFSP: 500 repositórios
2026-02-15 20:13:49,848 - INFO -    Palavras-chave: trabalho, desenvolvido, sistema, java, ifsp, projeto, dados, web, curso, para
2026-02-15 20:13:52,853 - INFO - 
============================================================
2026-02-15 20:13:52,854 - INFO - 🏛️  Processando IFSP - Campus Suzano
2026-02-15 20:13:52,854 - INFO - ============================================================
2026-02-15 20:13:52,854 - INFO - 
🔄 Iteração 1/3 para IFSP
2026-02-15 20:13:52,854 - INFO -   🔎 Testando: "ifsp"
2026-02-15 20:14:08,663 - INFO -      ✅ 500 resultados (eficiência: 0.30)
2026-02-15 20:14:11,666 - INFO - 
🔄 Iteração 2/3 para IFSP
2026-02-15 20:14:11,666 - INFO -   ⚠️ Sem novas queries para testar
2026-02-15 20:14:11,666 - INFO - 
📊 Métricas finais para IFSP:
2026-02-15 20:14:11,666 - INFO -    Total de queries testadas: 1
2026-02-15 20:14:11,666 - INFO -    Queries com sucesso: 0
2026-02-15 20:14:11,726 - INFO - ✅ IFSP: 500 repositórios
2026-02-15 20:14:11,728 - INFO -    Palavras-chave: trabalho, desenvolvido, sistema, java, ifsp, projeto, dados, web, curso, para
2026-02-15 20:14:14,733 - INFO - 
============================================================
2026-02-15 20:14:14,733 - INFO - 🏛️  Processando IFSP - Campus Salto
2026-02-15 20:14:14,733 - INFO - ============================================================
2026-02-15 20:14:14,733 - INFO - 
🔄 Iteração 1/3 para IFSP
2026-02-15 20:14:14,733 - INFO -   🔎 Testando: "ifsp"
2026-02-15 20:14:29,019 - INFO -      ✅ 500 resultados (eficiência: 0.30)
2026-02-15 20:14:32,023 - INFO - 
🔄 Iteração 2/3 para IFSP
2026-02-15 20:14:32,024 - INFO -   ⚠️ Sem novas queries para testar
2026-02-15 20:14:32,025 - INFO - 
📊 Métricas finais para IFSP:
2026-02-15 20:14:32,026 - INFO -    Total de queries testadas: 1
2026-02-15 20:14:32,026 - INFO -    Queries com sucesso: 0
2026-02-15 20:14:32,083 - INFO - ✅ IFSP: 500 repositórios
2026-02-15 20:14:32,084 - INFO -    Palavras-chave: trabalho, desenvolvido, sistema, java, ifsp, projeto, dados, web, curso, para
2026-02-15 20:14:35,085 - INFO - 
============================================================
2026-02-15 20:14:35,085 - INFO - 🏛️  Processando IFSP - Campus Araraquara
2026-02-15 20:14:35,086 - INFO - ============================================================
2026-02-15 20:14:35,086 - INFO - 
🔄 Iteração 1/3 para IFSP
2026-02-15 20:14:35,086 - INFO -   🔎 Testando: "ifsp"
2026-02-15 20:14:49,988 - INFO -      ✅ 500 resultados (eficiência: 0.30)
2026-02-15 20:14:52,989 - INFO - 
🔄 Iteração 2/3 para IFSP
2026-02-15 20:14:52,990 - INFO -   ⚠️ Sem novas queries para testar
2026-02-15 20:14:52,992 - INFO - 
📊 Métricas finais para IFSP:
2026-02-15 20:14:52,992 - INFO -    Total de queries testadas: 1
2026-02-15 20:14:52,992 - INFO -    Queries com sucesso: 0
2026-02-15 20:14:53,072 - INFO - ✅ IFSP: 500 repositórios
2026-02-15 20:14:53,073 - INFO -    Palavras-chave: trabalho, desenvolvido, sistema, java, ifsp, projeto, dados, web, curso, para
2026-02-15 20:14:56,077 - INFO - 
============================================================
2026-02-15 20:14:56,078 - INFO - 🏛️  Processando IFSP - Campus Itapetininga
2026-02-15 20:14:56,078 - INFO - ============================================================
2026-02-15 20:14:56,078 - INFO - 
🔄 Iteração 1/3 para IFSP
2026-02-15 20:14:56,078 - INFO -   🔎 Testando: "ifsp"
2026-02-15 20:15:13,141 - INFO -      ✅ 500 resultados (eficiência: 0.30)
2026-02-15 20:15:16,146 - INFO - 
🔄 Iteração 2/3 para IFSP
2026-02-15 20:15:16,147 - INFO -   ⚠️ Sem novas queries para testar
2026-02-15 20:15:16,148 - INFO - 
📊 Métricas finais para IFSP:
2026-02-15 20:15:16,148 - INFO -    Total de queries testadas: 1
2026-02-15 20:15:16,149 - INFO -    Queries com sucesso: 0
2026-02-15 20:15:16,228 - INFO - ✅ IFSP: 500 repositórios
2026-02-15 20:15:16,228 - INFO -    Palavras-chave: trabalho, desenvolvido, sistema, java, ifsp, projeto, dados, web, curso, para
2026-02-15 20:15:19,229 - INFO - 
============================================================
2026-02-15 20:15:19,229 - INFO - 🏛️  Processando IFSP - Campus Catanduva
2026-02-15 20:15:19,230 - INFO - ============================================================
2026-02-15 20:15:19,230 - INFO - 
🔄 Iteração 1/3 para IFSP
2026-02-15 20:15:19,230 - INFO -   🔎 Testando: "ifsp"
2026-02-15 20:15:35,860 - INFO -      ✅ 500 resultados (eficiência: 0.30)
2026-02-15 20:15:38,864 - INFO - 
🔄 Iteração 2/3 para IFSP
2026-02-15 20:15:38,864 - INFO -   ⚠️ Sem novas queries para testar
2026-02-15 20:15:38,866 - INFO - 
📊 Métricas finais para IFSP:
2026-02-15 20:15:38,866 - INFO -    Total de queries testadas: 1
2026-02-15 20:15:38,867 - INFO -    Queries com sucesso: 0
2026-02-15 20:15:38,947 - INFO - ✅ IFSP: 500 repositórios
2026-02-15 20:15:38,948 - INFO -    Palavras-chave: trabalho, desenvolvido, sistema, java, ifsp, projeto, dados, web, curso, para
2026-02-15 20:15:41,949 - INFO - 
============================================================
2026-02-15 20:15:41,950 - INFO - 🏛️  Processando IFSP - Campus Bragança Paulista
2026-02-15 20:15:41,950 - INFO - ============================================================
2026-02-15 20:15:41,950 - INFO - 
🔄 Iteração 1/3 para IFSP
2026-02-15 20:15:41,950 - INFO -   🔎 Testando: "ifsp"
2026-02-15 20:16:04,724 - INFO -      ✅ 500 resultados (eficiência: 0.30)
2026-02-15 20:16:05,725 - INFO -   🔎 Testando: "campus bragança"
2026-02-15 20:16:06,761 - INFO -      ✅ 17 resultados (eficiência: 0.05)
2026-02-15 20:16:09,764 - INFO - 
🔄 Iteração 2/3 para IFSP
2026-02-15 20:16:09,766 - INFO -   ⚠️ Sem novas queries para testar
2026-02-15 20:16:09,767 - INFO - 
📊 Métricas finais para IFSP:
2026-02-15 20:16:09,768 - INFO -    Total de queries testadas: 2
2026-02-15 20:16:09,768 - INFO -    Queries com sucesso: 0
2026-02-15 20:16:09,855 - INFO - ✅ IFSP: 514 repositórios
2026-02-15 20:16:09,855 - INFO -    Palavras-chave: desenvolvido, trabalho, ifsp, projeto, dados, federal, web, curso, paulo, para
2026-02-15 20:16:12,858 - INFO - 
============================================================
2026-02-15 20:16:12,859 - INFO - 🏛️  Processando IFSP - Campus Campos do Jordão
2026-02-15 20:16:12,859 - INFO - ============================================================
2026-02-15 20:16:12,859 - INFO - 
🔄 Iteração 1/3 para IFSP
2026-02-15 20:16:12,860 - INFO -   🔎 Testando: "ifsp"
2026-02-15 20:16:28,137 - INFO -      ✅ 500 resultados (eficiência: 0.30)
2026-02-15 20:16:29,139 - INFO -   🔎 Testando: "campus campos"
2026-02-15 20:16:31,376 - INFO -      ✅ 44 resultados (eficiência: 0.13)
2026-02-15 20:16:34,377 - INFO - 
🔄 Iteração 2/3 para IFSP
2026-02-15 20:16:34,379 - INFO -   ⚠️ Sem novas queries para testar
2026-02-15 20:16:34,380 - INFO - 
📊 Métricas finais para IFSP:
2026-02-15 20:16:34,380 - INFO -    Total de queries testadas: 2
2026-02-15 20:16:34,381 - INFO -    Queries com sucesso: 0
2026-02-15 20:16:34,510 - INFO - ✅ IFSP: 544 repositórios
2026-02-15 20:16:34,510 - INFO -    Palavras-chave: desenvolvido, trabalho, sistema, ifsp, projeto, dados, federal, web, curso, para
2026-02-15 20:16:37,513 - INFO - 
============================================================
2026-02-15 20:16:37,513 - INFO - 🏛️  Processando IFSP - Campus Registro
2026-02-15 20:16:37,513 - INFO - ============================================================
2026-02-15 20:16:37,513 - INFO - 
🔄 Iteração 1/3 para IFSP
2026-02-15 20:16:37,513 - INFO -   🔎 Testando: "ifsp"
2026-02-15 20:16:53,472 - INFO -      ✅ 500 resultados (eficiência: 0.30)
2026-02-15 20:16:56,475 - INFO - 
🔄 Iteração 2/3 para IFSP
2026-02-15 20:16:56,475 - INFO -   ⚠️ Sem novas queries para testar
2026-02-15 20:16:56,476 - INFO - 
📊 Métricas finais para IFSP:
2026-02-15 20:16:56,476 - INFO -    Total de queries testadas: 1
2026-02-15 20:16:56,476 - INFO -    Queries com sucesso: 0
2026-02-15 20:16:56,555 - INFO - ✅ IFSP: 500 repositórios
2026-02-15 20:16:56,555 - INFO -    Palavras-chave: trabalho, desenvolvido, sistema, java, ifsp, projeto, dados, web, curso, para
2026-02-15 20:16:59,558 - INFO - 
============================================================
2026-02-15 20:16:59,558 - INFO - 🏛️  Processando IFSP - Campus Avaré
2026-02-15 20:16:59,558 - INFO - ============================================================
2026-02-15 20:16:59,558 - INFO - 
🔄 Iteração 1/3 para IFSP
2026-02-15 20:16:59,558 - INFO -   🔎 Testando: "ifsp"
2026-02-15 20:17:14,596 - INFO -      ✅ 500 resultados (eficiência: 0.30)
2026-02-15 20:17:17,599 - INFO - 
🔄 Iteração 2/3 para IFSP
2026-02-15 20:17:17,599 - INFO -   ⚠️ Sem novas queries para testar
2026-02-15 20:17:17,599 - INFO - 
📊 Métricas finais para IFSP:
2026-02-15 20:17:17,600 - INFO -    Total de queries testadas: 1
2026-02-15 20:17:17,600 - INFO -    Queries com sucesso: 0
2026-02-15 20:17:17,656 - INFO - ✅ IFSP: 500 repositórios
2026-02-15 20:17:17,657 - INFO -    Palavras-chave: trabalho, desenvolvido, sistema, java, ifsp, projeto, dados, web, curso, para
2026-02-15 20:17:20,660 - INFO - 
============================================================
2026-02-15 20:17:20,661 - INFO - 🏛️  Processando IFSP - Campus Votuporanga
2026-02-15 20:17:20,661 - INFO - ============================================================
2026-02-15 20:17:20,661 - INFO - 
🔄 Iteração 1/3 para IFSP
2026-02-15 20:17:20,661 - INFO -   🔎 Testando: "ifsp"
2026-02-15 20:17:36,142 - INFO -      ✅ 500 resultados (eficiência: 0.30)
2026-02-15 20:17:39,147 - INFO - 
🔄 Iteração 2/3 para IFSP
2026-02-15 20:17:39,148 - INFO -   ⚠️ Sem novas queries para testar
2026-02-15 20:17:39,150 - INFO - 
📊 Métricas finais para IFSP:
2026-02-15 20:17:39,150 - INFO -    Total de queries testadas: 1
2026-02-15 20:17:39,150 - INFO -    Queries com sucesso: 0
2026-02-15 20:17:39,233 - INFO - ✅ IFSP: 500 repositórios
2026-02-15 20:17:39,235 - INFO -    Palavras-chave: trabalho, desenvolvido, sistema, java, ifsp, projeto, dados, web, curso, para
2026-02-15 20:17:42,238 - INFO - 
============================================================
2026-02-15 20:17:42,238 - INFO - 🏛️  Processando IFSP - Campus Presidente Epitácio
2026-02-15 20:17:42,238 - INFO - ============================================================
2026-02-15 20:17:42,238 - INFO - 
🔄 Iteração 1/3 para IFSP
2026-02-15 20:17:42,238 - INFO -   🔎 Testando: "ifsp"
2026-02-15 20:17:56,468 - INFO -      ✅ 500 resultados (eficiência: 0.30)
2026-02-15 20:17:57,469 - INFO -   🔎 Testando: "campus presidente"
2026-02-15 20:17:58,280 - INFO -      ✅ 2 resultados (eficiência: 0.01)
2026-02-15 20:18:01,283 - INFO - 
🔄 Iteração 2/3 para IFSP
2026-02-15 20:18:01,284 - INFO -   ⚠️ Sem novas queries para testar
2026-02-15 20:18:01,286 - INFO - 
📊 Métricas finais para IFSP:
2026-02-15 20:18:01,286 - INFO -    Total de queries testadas: 2
2026-02-15 20:18:01,286 - INFO -    Queries com sucesso: 0
2026-02-15 20:18:01,342 - INFO - ✅ IFSP: 501 repositórios
2026-02-15 20:18:01,342 - INFO -    Palavras-chave: trabalho, desenvolvido, sistema, java, ifsp, projeto, dados, web, curso, para
2026-02-15 20:18:04,346 - INFO - 
============================================================
2026-02-15 20:18:04,347 - INFO - 🏛️  Processando IFSP - Campus Mauá
2026-02-15 20:18:04,347 - INFO - ============================================================
2026-02-15 20:18:04,347 - INFO - 
🔄 Iteração 1/3 para IFSP
2026-02-15 20:18:04,348 - INFO -   🔎 Testando: "ifsp"
2026-02-15 20:18:20,516 - INFO -      ✅ 500 resultados (eficiência: 0.30)
2026-02-15 20:18:23,519 - INFO - 
🔄 Iteração 2/3 para IFSP
2026-02-15 20:18:23,519 - INFO -   ⚠️ Sem novas queries para testar
2026-02-15 20:18:23,520 - INFO - 
📊 Métricas finais para IFSP:
2026-02-15 20:18:23,520 - INFO -    Total de queries testadas: 1
2026-02-15 20:18:23,520 - INFO -    Queries com sucesso: 0
2026-02-15 20:18:23,570 - INFO - ✅ IFSP: 500 repositórios
2026-02-15 20:18:23,571 - INFO -    Palavras-chave: trabalho, desenvolvido, sistema, java, ifsp, projeto, dados, web, curso, para
2026-02-15 20:18:26,573 - INFO - 
============================================================
2026-02-15 20:18:26,573 - INFO - 🏛️  Processando IFSC - Campus Florianópolis
2026-02-15 20:18:26,573 - INFO - ============================================================
2026-02-15 20:18:26,574 - INFO - 
🔄 Iteração 1/3 para IFSC
2026-02-15 20:18:26,574 - INFO -   🔎 Testando: "ifsc"
2026-02-15 20:18:46,585 - INFO -      ✅ 500 resultados (eficiência: 0.30)
2026-02-15 20:18:49,588 - INFO - 
🔄 Iteração 2/3 para IFSC
2026-02-15 20:18:49,588 - INFO -   ⚠️ Sem novas queries para testar
2026-02-15 20:18:49,588 - INFO - 
📊 Métricas finais para IFSC:
2026-02-15 20:18:49,593 - INFO -    Total de queries testadas: 1
2026-02-15 20:18:49,593 - INFO -    Queries com sucesso: 0
2026-02-15 20:18:49,674 - INFO - ✅ IFSC: 500 repositórios
2026-02-15 20:18:49,676 - INFO -    Palavras-chave: engenharia, details, java, data, finder, projeto, curso, using, codes, code
2026-02-15 20:18:52,677 - INFO - 
============================================================
2026-02-15 20:18:52,678 - INFO - 🏛️  Processando IFSC - Campus São José
2026-02-15 20:18:52,678 - INFO - ============================================================
2026-02-15 20:18:52,678 - INFO - 
🔄 Iteração 1/3 para IFSC
2026-02-15 20:18:52,678 - INFO -   🔎 Testando: "campus são"
2026-02-15 20:19:01,772 - INFO -      ✅ 268 resultados (eficiência: 0.30)
2026-02-15 20:19:02,773 - INFO -   🔎 Testando: "ifsc"
2026-02-15 20:19:20,685 - INFO -      ✅ 500 resultados (eficiência: 0.30)
2026-02-15 20:19:23,688 - INFO - 
🔄 Iteração 2/3 para IFSC
2026-02-15 20:19:23,689 - INFO -   ⚠️ Sem novas queries para testar
2026-02-15 20:19:23,691 - INFO - 
📊 Métricas finais para IFSC:
2026-02-15 20:19:23,692 - INFO -    Total de queries testadas: 2
2026-02-15 20:19:23,692 - INFO -    Queries com sucesso: 0
2026-02-15 20:19:23,800 - INFO - ✅ IFSC: 748 repositórios
2026-02-15 20:19:23,800 - INFO -    Palavras-chave: engenharia, desenvolvimento, ifsp, projeto, federal, curso, paulo, para, sistemas, code
2026-02-15 20:19:26,802 - INFO - 
============================================================
2026-02-15 20:19:26,802 - INFO - 🏛️  Processando IFSC - Campus Continente
2026-02-15 20:19:26,802 - INFO - ============================================================
2026-02-15 20:19:26,802 - INFO - 
🔄 Iteração 1/3 para IFSC
2026-02-15 20:19:26,802 - INFO -   🔎 Testando: "ifsc"
2026-02-15 20:19:43,071 - INFO -      ✅ 500 resultados (eficiência: 0.30)
2026-02-15 20:19:46,075 - INFO - 
🔄 Iteração 2/3 para IFSC
2026-02-15 20:19:46,076 - INFO -   ⚠️ Sem novas queries para testar
2026-02-15 20:19:46,076 - INFO - 
📊 Métricas finais para IFSC:
2026-02-15 20:19:46,077 - INFO -    Total de queries testadas: 1
2026-02-15 20:19:46,077 - INFO -    Queries com sucesso: 0
2026-02-15 20:19:46,195 - INFO - ✅ IFSC: 500 repositórios
2026-02-15 20:19:46,195 - INFO -    Palavras-chave: engenharia, details, java, data, finder, projeto, curso, using, codes, code
2026-02-15 20:19:49,198 - INFO - 
============================================================
2026-02-15 20:19:49,198 - INFO - 🏛️  Processando IFSC - Campus Joinville
2026-02-15 20:19:49,199 - INFO - ============================================================
2026-02-15 20:19:49,199 - INFO - 
🔄 Iteração 1/3 para IFSC
2026-02-15 20:19:49,199 - INFO -   🔎 Testando: "ifsc"
2026-02-15 20:20:05,923 - INFO -      ✅ 500 resultados (eficiência: 0.30)
2026-02-15 20:20:08,927 - INFO - 
🔄 Iteração 2/3 para IFSC
2026-02-15 20:20:08,928 - INFO -   ⚠️ Sem novas queries para testar
2026-02-15 20:20:08,929 - INFO - 
📊 Métricas finais para IFSC:
2026-02-15 20:20:08,929 - INFO -    Total de queries testadas: 1
2026-02-15 20:20:08,930 - INFO -    Queries com sucesso: 0
2026-02-15 20:20:09,006 - INFO - ✅ IFSC: 500 repositórios
2026-02-15 20:20:09,007 - INFO -    Palavras-chave: engenharia, details, java, data, finder, projeto, curso, using, codes, code
2026-02-15 20:20:12,009 - INFO - 
============================================================
2026-02-15 20:20:12,009 - INFO - 🏛️  Processando IFSC - Campus Jaraguá do Sul
2026-02-15 20:20:12,010 - INFO - ============================================================
2026-02-15 20:20:12,010 - INFO - 
🔄 Iteração 1/3 para IFSC
2026-02-15 20:20:12,010 - INFO -   🔎 Testando: "campus jaraguá"
2026-02-15 20:20:12,521 - INFO -      ✅ 0 resultados (eficiência: 0.00)
2026-02-15 20:20:13,525 - INFO -   🔎 Testando: "ifsc"
2026-02-15 20:20:33,289 - INFO -      ✅ 500 resultados (eficiência: 0.30)
2026-02-15 20:20:36,293 - INFO - 
🔄 Iteração 2/3 para IFSC
2026-02-15 20:20:36,294 - INFO -   ⚠️ Sem novas queries para testar
2026-02-15 20:20:36,296 - INFO - 
📊 Métricas finais para IFSC:
2026-02-15 20:20:36,296 - INFO -    Total de queries testadas: 2
2026-02-15 20:20:36,296 - INFO -    Queries com sucesso: 0
2026-02-15 20:20:36,346 - INFO - ✅ IFSC: 500 repositórios
2026-02-15 20:20:36,347 - INFO -    Palavras-chave: engenharia, details, java, data, finder, projeto, curso, using, codes, code
2026-02-15 20:20:39,350 - INFO - 
============================================================
2026-02-15 20:20:39,350 - INFO - 🏛️  Processando IFSC - Campus Chapecó
2026-02-15 20:20:39,350 - INFO - ============================================================
2026-02-15 20:20:39,350 - INFO - 
🔄 Iteração 1/3 para IFSC
2026-02-15 20:20:39,350 - INFO -   🔎 Testando: "ifsc"
2026-02-15 20:20:57,536 - INFO -      ✅ 500 resultados (eficiência: 0.30)
2026-02-15 20:21:00,539 - INFO - 
🔄 Iteração 2/3 para IFSC
2026-02-15 20:21:00,539 - INFO -   ⚠️ Sem novas queries para testar
2026-02-15 20:21:00,539 - INFO - 
📊 Métricas finais para IFSC:
2026-02-15 20:21:00,539 - INFO -    Total de queries testadas: 1
2026-02-15 20:21:00,539 - INFO -    Queries com sucesso: 0
2026-02-15 20:21:00,600 - INFO - ✅ IFSC: 500 repositórios
2026-02-15 20:21:00,603 - INFO -    Palavras-chave: engenharia, details, java, data, finder, projeto, curso, using, codes, code
2026-02-15 20:21:03,607 - INFO - 
============================================================
2026-02-15 20:21:03,608 - INFO - 🏛️  Processando IFSC - Campus Araranguá
2026-02-15 20:21:03,608 - INFO - ============================================================
2026-02-15 20:21:03,608 - INFO - 
🔄 Iteração 1/3 para IFSC
2026-02-15 20:21:03,608 - INFO -   🔎 Testando: "ifsc"
2026-02-15 20:21:18,388 - INFO -      ✅ 500 resultados (eficiência: 0.30)
2026-02-15 20:21:21,392 - INFO - 
🔄 Iteração 2/3 para IFSC
2026-02-15 20:21:21,393 - INFO -   ⚠️ Sem novas queries para testar
2026-02-15 20:21:21,394 - INFO - 
📊 Métricas finais para IFSC:
2026-02-15 20:21:21,394 - INFO -    Total de queries testadas: 1
2026-02-15 20:21:21,395 - INFO -    Queries com sucesso: 0
2026-02-15 20:21:21,475 - INFO - ✅ IFSC: 500 repositórios
2026-02-15 20:21:21,476 - INFO -    Palavras-chave: engenharia, details, java, data, finder, projeto, curso, using, codes, code
2026-02-15 20:21:24,480 - INFO - 
============================================================
2026-02-15 20:21:24,480 - INFO - 🏛️  Processando IFSC - Campus Criciúma
2026-02-15 20:21:24,480 - INFO - ============================================================
2026-02-15 20:21:24,481 - INFO - 
🔄 Iteração 1/3 para IFSC
2026-02-15 20:21:24,481 - INFO -   🔎 Testando: "ifsc"
2026-02-15 20:21:40,154 - INFO -      ✅ 500 resultados (eficiência: 0.30)
2026-02-15 20:21:43,158 - INFO - 
🔄 Iteração 2/3 para IFSC
2026-02-15 20:21:43,159 - INFO -   ⚠️ Sem novas queries para testar
2026-02-15 20:21:43,160 - INFO - 
📊 Métricas finais para IFSC:
2026-02-15 20:21:43,160 - INFO -    Total de queries testadas: 1
2026-02-15 20:21:43,161 - INFO -    Queries com sucesso: 0
2026-02-15 20:21:43,211 - INFO - ✅ IFSC: 500 repositórios
2026-02-15 20:21:43,212 - INFO -    Palavras-chave: engenharia, details, java, data, finder, projeto, curso, using, codes, code
2026-02-15 20:21:46,217 - INFO - 
============================================================
2026-02-15 20:21:46,217 - INFO - 🏛️  Processando IFSC - Campus Itajaí
2026-02-15 20:21:46,217 - INFO - ============================================================
2026-02-15 20:21:46,217 - INFO - 
🔄 Iteração 1/3 para IFSC
2026-02-15 20:21:46,217 - INFO -   🔎 Testando: "ifsc"
2026-02-15 20:22:02,007 - INFO -      ✅ 500 resultados (eficiência: 0.30)
2026-02-15 20:22:05,011 - INFO - 
🔄 Iteração 2/3 para IFSC
2026-02-15 20:22:05,012 - INFO -   ⚠️ Sem novas queries para testar
2026-02-15 20:22:05,013 - INFO - 
📊 Métricas finais para IFSC:
2026-02-15 20:22:05,013 - INFO -    Total de queries testadas: 1
2026-02-15 20:22:05,014 - INFO -    Queries com sucesso: 0
2026-02-15 20:22:05,066 - INFO - ✅ IFSC: 500 repositórios
2026-02-15 20:22:05,067 - INFO -    Palavras-chave: engenharia, details, java, data, finder, projeto, curso, using, codes, code
2026-02-15 20:22:08,069 - INFO - 
============================================================
2026-02-15 20:22:08,069 - INFO - 🏛️  Processando IFSC - Campus Lages
2026-02-15 20:22:08,069 - INFO - ============================================================
2026-02-15 20:22:08,069 - INFO - 
🔄 Iteração 1/3 para IFSC
2026-02-15 20:22:08,070 - INFO -   🔎 Testando: "ifsc"
2026-02-15 20:22:23,182 - INFO -      ✅ 500 resultados (eficiência: 0.30)
2026-02-15 20:22:26,185 - INFO - 
🔄 Iteração 2/3 para IFSC
2026-02-15 20:22:26,186 - INFO -   ⚠️ Sem novas queries para testar
2026-02-15 20:22:26,188 - INFO - 
📊 Métricas finais para IFSC:
2026-02-15 20:22:26,188 - INFO -    Total de queries testadas: 1
2026-02-15 20:22:26,188 - INFO -    Queries com sucesso: 0
2026-02-15 20:22:26,245 - INFO - ✅ IFSC: 500 repositórios
2026-02-15 20:22:26,245 - INFO -    Palavras-chave: engenharia, details, java, data, finder, projeto, curso, using, codes, code
2026-02-15 20:22:29,249 - INFO - 
============================================================
2026-02-15 20:22:29,249 - INFO - 🏛️  Processando IFSC - Campus Gaspar
2026-02-15 20:22:29,249 - INFO - ============================================================
2026-02-15 20:22:29,249 - INFO - 
🔄 Iteração 1/3 para IFSC
2026-02-15 20:22:29,249 - INFO -   🔎 Testando: "ifsc"
2026-02-15 20:22:45,262 - INFO -      ✅ 500 resultados (eficiência: 0.30)
2026-02-15 20:22:48,266 - INFO - 
🔄 Iteração 2/3 para IFSC
2026-02-15 20:22:48,267 - INFO -   ⚠️ Sem novas queries para testar
2026-02-15 20:22:48,268 - INFO - 
📊 Métricas finais para IFSC:
2026-02-15 20:22:48,268 - INFO -    Total de queries testadas: 1
2026-02-15 20:22:48,269 - INFO -    Queries com sucesso: 0
2026-02-15 20:22:48,332 - INFO - ✅ IFSC: 500 repositórios
2026-02-15 20:22:48,332 - INFO -    Palavras-chave: engenharia, details, java, data, finder, projeto, curso, using, codes, code
2026-02-15 20:22:51,334 - INFO - 
============================================================
2026-02-15 20:22:51,334 - INFO - 🏛️  Processando IFSC - Campus Canoinhas
2026-02-15 20:22:51,334 - INFO - ============================================================
2026-02-15 20:22:51,334 - INFO - 
🔄 Iteração 1/3 para IFSC
2026-02-15 20:22:51,334 - INFO -   🔎 Testando: "ifsc"
2026-02-15 20:23:05,726 - INFO -      ✅ 500 resultados (eficiência: 0.30)
2026-02-15 20:23:08,731 - INFO - 
🔄 Iteração 2/3 para IFSC
2026-02-15 20:23:08,731 - INFO -   ⚠️ Sem novas queries para testar
2026-02-15 20:23:08,733 - INFO - 
📊 Métricas finais para IFSC:
2026-02-15 20:23:08,733 - INFO -    Total de queries testadas: 1
2026-02-15 20:23:08,734 - INFO -    Queries com sucesso: 0
2026-02-15 20:23:08,814 - INFO - ✅ IFSC: 500 repositórios
2026-02-15 20:23:08,814 - INFO -    Palavras-chave: engenharia, details, java, data, finder, projeto, curso, using, codes, code
2026-02-15 20:23:11,817 - INFO - 
============================================================
2026-02-15 20:23:11,817 - INFO - 🏛️  Processando IFSC - Campus São Miguel do Oeste
2026-02-15 20:23:11,817 - INFO - ============================================================
2026-02-15 20:23:11,817 - INFO - 
🔄 Iteração 1/3 para IFSC
2026-02-15 20:23:11,817 - INFO -   🔎 Testando: "campus são"
2026-02-15 20:23:19,878 - INFO -      ✅ 268 resultados (eficiência: 0.30)
2026-02-15 20:23:20,879 - INFO -   🔎 Testando: "ifsc"
2026-02-15 20:23:36,413 - INFO -      ✅ 500 resultados (eficiência: 0.30)
2026-02-15 20:23:39,417 - INFO - 
🔄 Iteração 2/3 para IFSC
2026-02-15 20:23:39,418 - INFO -   ⚠️ Sem novas queries para testar
2026-02-15 20:23:39,420 - INFO - 
📊 Métricas finais para IFSC:
2026-02-15 20:23:39,420 - INFO -    Total de queries testadas: 2
2026-02-15 20:23:39,421 - INFO -    Queries com sucesso: 0
2026-02-15 20:23:39,544 - INFO - ✅ IFSC: 748 repositórios
2026-02-15 20:23:39,544 - INFO -    Palavras-chave: engenharia, desenvolvimento, ifsp, projeto, federal, curso, paulo, para, sistemas, code
2026-02-15 20:23:42,545 - INFO - 
============================================================
2026-02-15 20:23:42,545 - INFO - 🏛️  Processando IFSC - Campus Tubarão
2026-02-15 20:23:42,545 - INFO - ============================================================
2026-02-15 20:23:42,545 - INFO - 
🔄 Iteração 1/3 para IFSC
2026-02-15 20:23:42,546 - INFO -   🔎 Testando: "ifsc"
2026-02-15 20:23:57,759 - INFO -      ✅ 500 resultados (eficiência: 0.30)
2026-02-15 20:24:00,761 - INFO - 
🔄 Iteração 2/3 para IFSC
2026-02-15 20:24:00,762 - INFO -   ⚠️ Sem novas queries para testar
2026-02-15 20:24:00,764 - INFO - 
📊 Métricas finais para IFSC:
2026-02-15 20:24:00,764 - INFO -    Total de queries testadas: 1
2026-02-15 20:24:00,764 - INFO -    Queries com sucesso: 0
2026-02-15 20:24:00,843 - INFO - ✅ IFSC: 500 repositórios
2026-02-15 20:24:00,843 - INFO -    Palavras-chave: engenharia, details, java, data, finder, projeto, curso, using, codes, code
2026-02-15 20:24:03,845 - INFO - 
============================================================
2026-02-15 20:24:03,845 - INFO - 🏛️  Processando IFTM - Campus Uberaba
2026-02-15 20:24:03,845 - INFO - ============================================================
2026-02-15 20:24:03,845 - INFO - 
🔄 Iteração 1/3 para IFTM
2026-02-15 20:24:03,845 - INFO -   🔎 Testando: "iftm"
2026-02-15 20:24:22,149 - INFO -      ✅ 500 resultados (eficiência: 0.30)
2026-02-15 20:24:25,154 - INFO - 
🔄 Iteração 2/3 para IFTM
2026-02-15 20:24:25,155 - INFO -   ⚠️ Sem novas queries para testar
2026-02-15 20:24:25,156 - INFO - 
📊 Métricas finais para IFTM:
2026-02-15 20:24:25,156 - INFO -    Total de queries testadas: 1
2026-02-15 20:24:25,157 - INFO -    Queries com sucesso: 0
2026-02-15 20:24:25,199 - INFO - ✅ IFTM: 500 repositórios
2026-02-15 20:24:25,200 - INFO -    Palavras-chave: trabalho, site, projeto, centro, durante, iftm, curso, sistemas, para, tecnologia
2026-02-15 20:24:28,201 - INFO - 
============================================================
2026-02-15 20:24:28,201 - INFO - 🏛️  Processando IFTM - Campus Paracatu
2026-02-15 20:24:28,201 - INFO - ============================================================
2026-02-15 20:24:28,201 - INFO - 
🔄 Iteração 1/3 para IFTM
2026-02-15 20:24:28,201 - INFO -   🔎 Testando: "iftm"
2026-02-15 20:24:47,681 - INFO -      ✅ 500 resultados (eficiência: 0.30)
2026-02-15 20:24:50,685 - INFO - 
🔄 Iteração 2/3 para IFTM
2026-02-15 20:24:50,686 - INFO -   ⚠️ Sem novas queries para testar
2026-02-15 20:24:50,687 - INFO - 
📊 Métricas finais para IFTM:
2026-02-15 20:24:50,688 - INFO -    Total de queries testadas: 1
2026-02-15 20:24:50,688 - INFO -    Queries com sucesso: 0
2026-02-15 20:24:50,814 - INFO - ✅ IFTM: 500 repositórios
2026-02-15 20:24:50,814 - INFO -    Palavras-chave: trabalho, site, projeto, centro, durante, iftm, curso, sistemas, para, tecnologia
2026-02-15 20:24:53,818 - INFO - 
============================================================
2026-02-15 20:24:53,818 - INFO - 🏛️  Processando IFTM - Campus Ituiutaba
2026-02-15 20:24:53,819 - INFO - ============================================================
2026-02-15 20:24:53,819 - INFO - 
🔄 Iteração 1/3 para IFTM
2026-02-15 20:24:53,819 - INFO -   🔎 Testando: "iftm"
2026-02-15 20:25:08,837 - INFO -      ✅ 500 resultados (eficiência: 0.30)
2026-02-15 20:25:11,841 - INFO - 
🔄 Iteração 2/3 para IFTM
2026-02-15 20:25:11,842 - INFO -   ⚠️ Sem novas queries para testar
2026-02-15 20:25:11,844 - INFO - 
📊 Métricas finais para IFTM:
2026-02-15 20:25:11,844 - INFO -    Total de queries testadas: 1
2026-02-15 20:25:11,844 - INFO -    Queries com sucesso: 0
2026-02-15 20:25:11,915 - INFO - ✅ IFTM: 500 repositórios
2026-02-15 20:25:11,915 - INFO -    Palavras-chave: trabalho, site, projeto, centro, durante, iftm, curso, sistemas, para, tecnologia
2026-02-15 20:25:14,917 - INFO - 
============================================================
2026-02-15 20:25:14,917 - INFO - 🏛️  Processando IFTM - Campus Patrocínio
2026-02-15 20:25:14,917 - INFO - ============================================================
2026-02-15 20:25:14,917 - INFO - 
🔄 Iteração 1/3 para IFTM
2026-02-15 20:25:14,918 - INFO -   🔎 Testando: "iftm"
2026-02-15 20:25:31,021 - INFO -      ✅ 500 resultados (eficiência: 0.30)
2026-02-15 20:25:34,025 - INFO - 
🔄 Iteração 2/3 para IFTM
2026-02-15 20:25:34,026 - INFO -   ⚠️ Sem novas queries para testar
2026-02-15 20:25:34,027 - INFO - 
📊 Métricas finais para IFTM:
2026-02-15 20:25:34,028 - INFO -    Total de queries testadas: 1
2026-02-15 20:25:34,028 - INFO -    Queries com sucesso: 0
2026-02-15 20:25:34,095 - INFO - ✅ IFTM: 500 repositórios
2026-02-15 20:25:34,095 - INFO -    Palavras-chave: trabalho, site, projeto, centro, durante, iftm, curso, sistemas, para, tecnologia
2026-02-15 20:25:37,097 - INFO - 
============================================================
2026-02-15 20:25:37,097 - INFO - 🏛️  Processando IFTM - Campus Araguari
2026-02-15 20:25:37,097 - INFO - ============================================================
2026-02-15 20:25:37,098 - INFO - 
🔄 Iteração 1/3 para IFTM
2026-02-15 20:25:37,098 - INFO -   🔎 Testando: "iftm"
2026-02-15 20:25:53,013 - INFO -      ✅ 500 resultados (eficiência: 0.30)
2026-02-15 20:25:56,017 - INFO - 
🔄 Iteração 2/3 para IFTM
2026-02-15 20:25:56,018 - INFO -   ⚠️ Sem novas queries para testar
2026-02-15 20:25:56,019 - INFO - 
📊 Métricas finais para IFTM:
2026-02-15 20:25:56,020 - INFO -    Total de queries testadas: 1
2026-02-15 20:25:56,020 - INFO -    Queries com sucesso: 0
2026-02-15 20:25:56,061 - INFO - ✅ IFTM: 500 repositórios
2026-02-15 20:25:56,061 - INFO -    Palavras-chave: trabalho, site, projeto, centro, durante, iftm, curso, sistemas, para, tecnologia
2026-02-15 20:25:59,065 - INFO - 
============================================================
2026-02-15 20:25:59,065 - INFO - 🏛️  Processando IFTM - Campus Campina Verde
2026-02-15 20:25:59,065 - INFO - ============================================================
2026-02-15 20:25:59,065 - INFO - 
🔄 Iteração 1/3 para IFTM
2026-02-15 20:25:59,065 - INFO -   🔎 Testando: "iftm"
2026-02-15 20:26:13,840 - INFO -      ✅ 500 resultados (eficiência: 0.30)
2026-02-15 20:26:14,841 - INFO -   🔎 Testando: "campus campina"
2026-02-15 20:26:17,223 - INFO -      ✅ 87 resultados (eficiência: 0.26)
2026-02-15 20:26:20,226 - INFO - 
🔄 Iteração 2/3 para IFTM
2026-02-15 20:26:20,227 - INFO -   ⚠️ Sem novas queries para testar
2026-02-15 20:26:20,228 - INFO - 
📊 Métricas finais para IFTM:
2026-02-15 20:26:20,229 - INFO -    Total de queries testadas: 2
2026-02-15 20:26:20,229 - INFO -    Queries com sucesso: 0
2026-02-15 20:26:20,289 - INFO - ✅ IFTM: 587 repositórios
2026-02-15 20:26:20,289 - INFO -    Palavras-chave: trabalho, projeto, iftm, curso, grande, para, sistemas, tecnologia, campus, atividades
2026-02-15 20:26:23,294 - INFO - 
============================================================
2026-02-15 20:26:23,294 - INFO - 🏛️  Processando IFTM - Campus Itapagipe
2026-02-15 20:26:23,294 - INFO - ============================================================
2026-02-15 20:26:23,295 - INFO - 
🔄 Iteração 1/3 para IFTM
2026-02-15 20:26:23,295 - INFO -   🔎 Testando: "iftm"
2026-02-15 20:26:37,995 - INFO -      ✅ 500 resultados (eficiência: 0.30)
2026-02-15 20:26:40,997 - INFO - 
🔄 Iteração 2/3 para IFTM
2026-02-15 20:26:40,998 - INFO -   ⚠️ Sem novas queries para testar
2026-02-15 20:26:41,000 - INFO - 
📊 Métricas finais para IFTM:
2026-02-15 20:26:41,000 - INFO -    Total de queries testadas: 1
2026-02-15 20:26:41,000 - INFO -    Queries com sucesso: 0
2026-02-15 20:26:41,038 - INFO - ✅ IFTM: 500 repositórios
2026-02-15 20:26:41,039 - INFO -    Palavras-chave: trabalho, site, projeto, centro, durante, iftm, curso, sistemas, para, tecnologia
2026-02-15 20:26:44,041 - INFO - 
============================================================
2026-02-15 20:26:44,041 - INFO - 🏛️  Processando IFTM - Campus Monte Carmelo
2026-02-15 20:26:44,042 - INFO - ============================================================
2026-02-15 20:26:44,042 - INFO - 
🔄 Iteração 1/3 para IFTM
2026-02-15 20:26:44,042 - INFO -   🔎 Testando: "iftm"
2026-02-15 20:27:03,191 - INFO -      ✅ 500 resultados (eficiência: 0.30)
2026-02-15 20:27:04,193 - INFO -   🔎 Testando: "campus monte"
2026-02-15 20:27:05,948 - INFO -      ✅ 38 resultados (eficiência: 0.11)
2026-02-15 20:27:08,951 - INFO - 
🔄 Iteração 2/3 para IFTM
2026-02-15 20:27:08,952 - INFO -   ⚠️ Sem novas queries para testar
2026-02-15 20:27:08,954 - INFO - 
📊 Métricas finais para IFTM:
2026-02-15 20:27:08,954 - INFO -    Total de queries testadas: 2
2026-02-15 20:27:08,954 - INFO -    Queries com sucesso: 0
2026-02-15 20:27:09,309 - INFO - ✅ IFTM: 538 repositórios
2026-02-15 20:27:09,309 - INFO -    Palavras-chave: trabalho, claros, java, projeto, centro, durante, iftm, curso, para, sistemas
2026-02-15 20:27:12,310 - INFO - 
============================================================
2026-02-15 20:27:12,310 - INFO - 🏛️  Processando IFTM - Campus Uberlândia
2026-02-15 20:27:12,310 - INFO - ============================================================
2026-02-15 20:27:12,310 - INFO - 
🔄 Iteração 1/3 para IFTM
2026-02-15 20:27:12,310 - INFO -   🔎 Testando: "iftm"
2026-02-15 20:27:28,310 - INFO -      ✅ 500 resultados (eficiência: 0.30)
2026-02-15 20:27:31,313 - INFO - 
🔄 Iteração 2/3 para IFTM
2026-02-15 20:27:31,314 - INFO -   ⚠️ Sem novas queries para testar
2026-02-15 20:27:31,314 - INFO - 
📊 Métricas finais para IFTM:
2026-02-15 20:27:31,315 - INFO -    Total de queries testadas: 1
2026-02-15 20:27:31,315 - INFO -    Queries com sucesso: 0
2026-02-15 20:27:31,428 - INFO - ✅ IFTM: 500 repositórios
2026-02-15 20:27:31,428 - INFO -    Palavras-chave: trabalho, site, projeto, centro, durante, iftm, curso, sistemas, para, tecnologia
2026-02-15 20:27:34,438 - INFO - 
============================================================
2026-02-15 20:27:34,438 - INFO - 🏛️  Processando IFNMG - Campus Montes Claros
2026-02-15 20:27:34,438 - INFO - ============================================================
2026-02-15 20:27:34,438 - INFO - 
🔄 Iteração 1/3 para IFNMG
2026-02-15 20:27:34,438 - INFO -   🔎 Testando: "campus montes"
2026-02-15 20:27:36,024 - INFO -      ✅ 38 resultados (eficiência: 0.11)
2026-02-15 20:27:37,025 - INFO -   🔎 Testando: "ifnmg"
2026-02-15 20:27:51,894 - INFO -      ✅ 418 resultados (eficiência: 0.30)
2026-02-15 20:27:54,897 - INFO - 
🔄 Iteração 2/3 para IFNMG
2026-02-15 20:27:54,897 - INFO -   ⚠️ Sem novas queries para testar
2026-02-15 20:27:54,898 - INFO - 
📊 Métricas finais para IFNMG:
2026-02-15 20:27:54,898 - INFO -    Total de queries testadas: 2
2026-02-15 20:27:54,898 - INFO -    Queries com sucesso: 0
2026-02-15 20:27:54,952 - INFO - ✅ IFNMG: 432 repositórios
2026-02-15 20:27:54,953 - INFO -    Palavras-chave: trabalho, desenvolvido, claros, sistema, projeto, dados, ifnmg, curso, para, sistemas
2026-02-15 20:27:57,957 - INFO - 
============================================================
2026-02-15 20:27:57,957 - INFO - 🏛️  Processando IFNMG - Campus Januária
2026-02-15 20:27:57,957 - INFO - ============================================================
2026-02-15 20:27:57,957 - INFO - 
🔄 Iteração 1/3 para IFNMG
2026-02-15 20:27:57,957 - INFO -   🔎 Testando: "ifnmg"
2026-02-15 20:28:12,895 - INFO -      ✅ 418 resultados (eficiência: 0.30)
2026-02-15 20:28:15,897 - INFO - 
🔄 Iteração 2/3 para IFNMG
2026-02-15 20:28:15,898 - INFO -   ⚠️ Sem novas queries para testar
2026-02-15 20:28:15,898 - INFO - 
📊 Métricas finais para IFNMG:
2026-02-15 20:28:15,898 - INFO -    Total de queries testadas: 1
2026-02-15 20:28:15,898 - INFO -    Queries com sucesso: 0
2026-02-15 20:28:15,980 - INFO - ✅ IFNMG: 418 repositórios
2026-02-15 20:28:15,986 - INFO -    Palavras-chave: trabalho, desenvolvido, claros, sistema, projeto, dados, ifnmg, curso, para, sistemas
2026-02-15 20:28:18,989 - INFO - 
============================================================
2026-02-15 20:28:18,989 - INFO - 🏛️  Processando IFNMG - Campus Salinas
2026-02-15 20:28:18,989 - INFO - ============================================================
2026-02-15 20:28:18,989 - INFO - 
🔄 Iteração 1/3 para IFNMG
2026-02-15 20:28:18,989 - INFO -   🔎 Testando: "ifnmg"
2026-02-15 20:28:32,826 - INFO -      ✅ 418 resultados (eficiência: 0.30)
2026-02-15 20:28:35,829 - INFO - 
🔄 Iteração 2/3 para IFNMG
2026-02-15 20:28:35,829 - INFO -   ⚠️ Sem novas queries para testar
2026-02-15 20:28:35,829 - INFO - 
📊 Métricas finais para IFNMG:
2026-02-15 20:28:35,830 - INFO -    Total de queries testadas: 1
2026-02-15 20:28:35,830 - INFO -    Queries com sucesso: 0
2026-02-15 20:28:35,884 - INFO - ✅ IFNMG: 418 repositórios
2026-02-15 20:28:35,886 - INFO -    Palavras-chave: trabalho, desenvolvido, claros, sistema, projeto, dados, ifnmg, curso, para, sistemas
2026-02-15 20:28:38,889 - INFO - 
============================================================
2026-02-15 20:28:38,889 - INFO - 🏛️  Processando IFNMG - Campus Pirapora
2026-02-15 20:28:38,890 - INFO - ============================================================
2026-02-15 20:28:38,890 - INFO - 
🔄 Iteração 1/3 para IFNMG
2026-02-15 20:28:38,890 - INFO -   🔎 Testando: "ifnmg"
2026-02-15 20:28:52,515 - INFO -      ✅ 418 resultados (eficiência: 0.30)
2026-02-15 20:28:55,520 - INFO - 
🔄 Iteração 2/3 para IFNMG
2026-02-15 20:28:55,520 - INFO -   ⚠️ Sem novas queries para testar
2026-02-15 20:28:55,522 - INFO - 
📊 Métricas finais para IFNMG:
2026-02-15 20:28:55,522 - INFO -    Total de queries testadas: 1
2026-02-15 20:28:55,522 - INFO -    Queries com sucesso: 0
2026-02-15 20:28:55,596 - INFO - ✅ IFNMG: 418 repositórios
2026-02-15 20:28:55,597 - INFO -    Palavras-chave: trabalho, desenvolvido, claros, sistema, projeto, dados, ifnmg, curso, para, sistemas
2026-02-15 20:28:58,600 - INFO - 
============================================================
2026-02-15 20:28:58,601 - INFO - 🏛️  Processando IFNMG - Campus Araçuaí
2026-02-15 20:28:58,601 - INFO - ============================================================
2026-02-15 20:28:58,601 - INFO - 
🔄 Iteração 1/3 para IFNMG
2026-02-15 20:28:58,601 - INFO -   🔎 Testando: "ifnmg"
2026-02-15 20:29:11,465 - INFO -      ✅ 418 resultados (eficiência: 0.30)
2026-02-15 20:29:14,468 - INFO - 
🔄 Iteração 2/3 para IFNMG
2026-02-15 20:29:14,469 - INFO -   ⚠️ Sem novas queries para testar
2026-02-15 20:29:14,469 - INFO - 
📊 Métricas finais para IFNMG:
2026-02-15 20:29:14,469 - INFO -    Total de queries testadas: 1
2026-02-15 20:29:14,469 - INFO -    Queries com sucesso: 0
2026-02-15 20:29:14,550 - INFO - ✅ IFNMG: 418 repositórios
2026-02-15 20:29:14,550 - INFO -    Palavras-chave: trabalho, desenvolvido, claros, sistema, projeto, dados, ifnmg, curso, para, sistemas
2026-02-15 20:29:17,553 - INFO - 
============================================================
2026-02-15 20:29:17,553 - INFO - 🏛️  Processando IFNMG - Campus Almenara
2026-02-15 20:29:17,553 - INFO - ============================================================
2026-02-15 20:29:17,554 - INFO - 
🔄 Iteração 1/3 para IFNMG
2026-02-15 20:29:17,554 - INFO -   🔎 Testando: "ifnmg"
2026-02-15 20:29:30,620 - INFO -      ✅ 418 resultados (eficiência: 0.30)
2026-02-15 20:29:33,622 - INFO - 
🔄 Iteração 2/3 para IFNMG
2026-02-15 20:29:33,623 - INFO -   ⚠️ Sem novas queries para testar
2026-02-15 20:29:33,624 - INFO - 
📊 Métricas finais para IFNMG:
2026-02-15 20:29:33,625 - INFO -    Total de queries testadas: 1
2026-02-15 20:29:33,626 - INFO -    Queries com sucesso: 0
2026-02-15 20:29:33,714 - INFO - ✅ IFNMG: 418 repositórios
2026-02-15 20:29:33,715 - INFO -    Palavras-chave: trabalho, desenvolvido, claros, sistema, projeto, dados, ifnmg, curso, para, sistemas
2026-02-15 20:29:36,717 - INFO - 
============================================================
2026-02-15 20:29:36,717 - INFO - 🏛️  Processando IFNMG - Campus Arinos
2026-02-15 20:29:36,717 - INFO - ============================================================
2026-02-15 20:29:36,718 - INFO - 
🔄 Iteração 1/3 para IFNMG
2026-02-15 20:29:36,718 - INFO -   🔎 Testando: "ifnmg"
2026-02-15 20:29:53,863 - INFO -      ✅ 418 resultados (eficiência: 0.30)
2026-02-15 20:29:56,865 - INFO - 
🔄 Iteração 2/3 para IFNMG
2026-02-15 20:29:56,865 - INFO -   ⚠️ Sem novas queries para testar
2026-02-15 20:29:56,865 - INFO - 
📊 Métricas finais para IFNMG:
2026-02-15 20:29:56,865 - INFO -    Total de queries testadas: 1
2026-02-15 20:29:56,865 - INFO -    Queries com sucesso: 0
2026-02-15 20:29:56,967 - INFO - ✅ IFNMG: 418 repositórios
2026-02-15 20:29:56,981 - INFO -    Palavras-chave: trabalho, desenvolvido, claros, sistema, projeto, dados, ifnmg, curso, para, sistemas
2026-02-15 20:29:59,986 - INFO - 
============================================================
2026-02-15 20:29:59,986 - INFO - 🏛️  Processando IFNMG - Campus Diamantina
2026-02-15 20:29:59,986 - INFO - ============================================================
2026-02-15 20:29:59,986 - INFO - 
🔄 Iteração 1/3 para IFNMG
2026-02-15 20:29:59,987 - INFO -   🔎 Testando: "ifnmg"
2026-02-15 20:30:13,000 - INFO -      ✅ 418 resultados (eficiência: 0.30)
2026-02-15 20:30:16,003 - INFO - 
🔄 Iteração 2/3 para IFNMG
2026-02-15 20:30:16,003 - INFO -   ⚠️ Sem novas queries para testar
2026-02-15 20:30:16,003 - INFO - 
📊 Métricas finais para IFNMG:
2026-02-15 20:30:16,004 - INFO -    Total de queries testadas: 1
2026-02-15 20:30:16,004 - INFO -    Queries com sucesso: 0
2026-02-15 20:30:16,088 - INFO - ✅ IFNMG: 418 repositórios
2026-02-15 20:30:16,090 - INFO -    Palavras-chave: trabalho, desenvolvido, claros, sistema, projeto, dados, ifnmg, curso, para, sistemas
2026-02-15 20:30:19,093 - INFO - 
============================================================
2026-02-15 20:30:19,094 - INFO - 🏛️  Processando IFNMG - Campus Porteirinha
2026-02-15 20:30:19,094 - INFO - ============================================================
2026-02-15 20:30:19,094 - INFO - 
🔄 Iteração 1/3 para IFNMG
2026-02-15 20:30:19,094 - INFO -   🔎 Testando: "ifnmg"
2026-02-15 20:30:31,077 - INFO -      ✅ 418 resultados (eficiência: 0.30)
2026-02-15 20:30:34,080 - INFO - 
🔄 Iteração 2/3 para IFNMG
2026-02-15 20:30:34,080 - INFO -   ⚠️ Sem novas queries para testar
2026-02-15 20:30:34,081 - INFO - 
📊 Métricas finais para IFNMG:
2026-02-15 20:30:34,081 - INFO -    Total de queries testadas: 1
2026-02-15 20:30:34,081 - INFO -    Queries com sucesso: 0
2026-02-15 20:30:34,128 - INFO - ✅ IFNMG: 418 repositórios
2026-02-15 20:30:34,128 - INFO -    Palavras-chave: trabalho, desenvolvido, claros, sistema, projeto, dados, ifnmg, curso, para, sistemas
2026-02-15 20:30:37,133 - INFO - 
============================================================
2026-02-15 20:30:37,133 - INFO - 🏛️  Processando IFNMG - Campus Rio Pardo de Minas
2026-02-15 20:30:37,133 - INFO - ============================================================
2026-02-15 20:30:37,133 - INFO - 
🔄 Iteração 1/3 para IFNMG
2026-02-15 20:30:37,133 - INFO -   🔎 Testando: "campus rio"
2026-02-15 20:30:41,940 - INFO -      ✅ 143 resultados (eficiência: 0.30)
2026-02-15 20:30:42,941 - INFO -   🔎 Testando: "ifnmg"
2026-02-15 20:30:57,231 - INFO -      ✅ 418 resultados (eficiência: 0.30)
2026-02-15 20:31:00,237 - INFO - 
🔄 Iteração 2/3 para IFNMG
2026-02-15 20:31:00,237 - INFO -   ⚠️ Sem novas queries para testar
2026-02-15 20:31:00,238 - INFO - 
📊 Métricas finais para IFNMG:
2026-02-15 20:31:00,238 - INFO -    Total de queries testadas: 2
2026-02-15 20:31:00,238 - INFO -    Queries com sucesso: 0
2026-02-15 20:31:00,449 - INFO - ✅ IFNMG: 561 repositórios
2026-02-15 20:31:00,454 - INFO -    Palavras-chave: trabalho, desenvolvido, sistema, projeto, dados, ifnmg, federal, curso, grande, para
2026-02-15 20:31:03,458 - INFO - 
============================================================
2026-02-15 20:31:03,459 - INFO - 🏛️  Processando IFNMG - Campus Taiobeiras
2026-02-15 20:31:03,459 - INFO - ============================================================
2026-02-15 20:31:03,459 - INFO - 
🔄 Iteração 1/3 para IFNMG
2026-02-15 20:31:03,459 - INFO -   🔎 Testando: "ifnmg"
2026-02-15 20:31:15,668 - INFO -      ✅ 418 resultados (eficiência: 0.30)
2026-02-15 20:31:18,671 - INFO - 
🔄 Iteração 2/3 para IFNMG
2026-02-15 20:31:18,671 - INFO -   ⚠️ Sem novas queries para testar
2026-02-15 20:31:18,672 - INFO - 
📊 Métricas finais para IFNMG:
2026-02-15 20:31:18,672 - INFO -    Total de queries testadas: 1
2026-02-15 20:31:18,672 - INFO -    Queries com sucesso: 0
2026-02-15 20:31:18,727 - INFO - ✅ IFNMG: 418 repositórios
2026-02-15 20:31:18,728 - INFO -    Palavras-chave: trabalho, desenvolvido, claros, sistema, projeto, dados, ifnmg, curso, para, sistemas
2026-02-15 20:31:21,733 - INFO - 
============================================================
2026-02-15 20:31:21,733 - INFO - 🏛️  Processando IFSULDEMINAS - Campus Inconfidentes
2026-02-15 20:31:21,734 - INFO - ============================================================
2026-02-15 20:31:21,734 - INFO - 
🔄 Iteração 1/3 para IFSULDEMINAS
2026-02-15 20:31:21,734 - INFO -   🔎 Testando: "ifsuldeminas"
2026-02-15 20:31:29,322 - INFO -      ✅ 231 resultados (eficiência: 0.30)
2026-02-15 20:31:32,326 - INFO - 
🔄 Iteração 2/3 para IFSULDEMINAS
2026-02-15 20:31:32,326 - INFO -   ⚠️ Sem novas queries para testar
2026-02-15 20:31:32,327 - INFO - 
📊 Métricas finais para IFSULDEMINAS:
2026-02-15 20:31:32,328 - INFO -    Total de queries testadas: 1
2026-02-15 20:31:32,328 - INFO -    Queries com sucesso: 0
2026-02-15 20:31:32,405 - INFO - ✅ IFSULDEMINAS: 231 repositórios
2026-02-15 20:31:32,405 - INFO -    Palavras-chave: desenvolvido, trabalho, ifsuldeminas, ifsuldeminas campus, projeto, dados, curso, muzambinho, para, sistemas
2026-02-15 20:31:35,409 - INFO - 
============================================================
2026-02-15 20:31:35,409 - INFO - 🏛️  Processando IFSULDEMINAS - Campus Machado
2026-02-15 20:31:35,409 - INFO - ============================================================
2026-02-15 20:31:35,410 - INFO - 
🔄 Iteração 1/3 para IFSULDEMINAS
2026-02-15 20:31:35,410 - INFO -   🔎 Testando: "ifsuldeminas"
2026-02-15 20:31:42,847 - INFO -      ✅ 231 resultados (eficiência: 0.30)
2026-02-15 20:31:45,849 - INFO - 
🔄 Iteração 2/3 para IFSULDEMINAS
2026-02-15 20:31:45,849 - INFO -   ⚠️ Sem novas queries para testar
2026-02-15 20:31:45,849 - INFO - 
📊 Métricas finais para IFSULDEMINAS:
2026-02-15 20:31:45,849 - INFO -    Total de queries testadas: 1
2026-02-15 20:31:45,849 - INFO -    Queries com sucesso: 0
2026-02-15 20:31:45,900 - INFO - ✅ IFSULDEMINAS: 231 repositórios
2026-02-15 20:31:45,901 - INFO -    Palavras-chave: desenvolvido, trabalho, ifsuldeminas, ifsuldeminas campus, projeto, dados, curso, muzambinho, para, sistemas
2026-02-15 20:31:48,905 - INFO - 
============================================================
2026-02-15 20:31:48,905 - INFO - 🏛️  Processando IFSULDEMINAS - Campus Muzambinho
2026-02-15 20:31:48,905 - INFO - ============================================================
2026-02-15 20:31:48,905 - INFO - 
🔄 Iteração 1/3 para IFSULDEMINAS
2026-02-15 20:31:48,905 - INFO -   🔎 Testando: "ifsuldeminas"
2026-02-15 20:31:57,248 - INFO -      ✅ 231 resultados (eficiência: 0.30)
2026-02-15 20:32:00,251 - INFO - 
🔄 Iteração 2/3 para IFSULDEMINAS
2026-02-15 20:32:00,251 - INFO -   ⚠️ Sem novas queries para testar
2026-02-15 20:32:00,252 - INFO - 
📊 Métricas finais para IFSULDEMINAS:
2026-02-15 20:32:00,252 - INFO -    Total de queries testadas: 1
2026-02-15 20:32:00,252 - INFO -    Queries com sucesso: 0
2026-02-15 20:32:00,284 - INFO - ✅ IFSULDEMINAS: 231 repositórios
2026-02-15 20:32:00,287 - INFO -    Palavras-chave: desenvolvido, trabalho, ifsuldeminas, ifsuldeminas campus, projeto, dados, curso, muzambinho, para, sistemas
2026-02-15 20:32:03,289 - INFO - 
============================================================
2026-02-15 20:32:03,289 - INFO - 🏛️  Processando IFSULDEMINAS - Campus Poços de Caldas
2026-02-15 20:32:03,289 - INFO - ============================================================
2026-02-15 20:32:03,289 - INFO - 
🔄 Iteração 1/3 para IFSULDEMINAS
2026-02-15 20:32:03,289 - INFO -   🔎 Testando: "campus poços"
2026-02-15 20:32:04,206 - INFO -      ✅ 18 resultados (eficiência: 0.05)
2026-02-15 20:32:05,208 - INFO -   🔎 Testando: "ifsuldeminas"
2026-02-15 20:32:12,298 - INFO -      ✅ 231 resultados (eficiência: 0.30)
2026-02-15 20:32:15,301 - INFO - 
🔄 Iteração 2/3 para IFSULDEMINAS
2026-02-15 20:32:15,301 - INFO -   ⚠️ Sem novas queries para testar
2026-02-15 20:32:15,301 - INFO - 
📊 Métricas finais para IFSULDEMINAS:
2026-02-15 20:32:15,302 - INFO -    Total de queries testadas: 2
2026-02-15 20:32:15,302 - INFO -    Queries com sucesso: 0
2026-02-15 20:32:15,370 - INFO - ✅ IFSULDEMINAS: 242 repositórios
2026-02-15 20:32:15,371 - INFO -    Palavras-chave: desenvolvido, trabalho, ifsuldeminas, caldas, ifsuldeminas campus, projeto, dados, curso, para, sistemas
2026-02-15 20:32:18,373 - INFO - 
============================================================
2026-02-15 20:32:18,373 - INFO - 🏛️  Processando IFSULDEMINAS - Campus Passos
2026-02-15 20:32:18,373 - INFO - ============================================================
2026-02-15 20:32:18,373 - INFO - 
🔄 Iteração 1/3 para IFSULDEMINAS
2026-02-15 20:32:18,374 - INFO -   🔎 Testando: "ifsuldeminas"
2026-02-15 20:32:25,145 - INFO -      ✅ 231 resultados (eficiência: 0.30)
2026-02-15 20:32:28,148 - INFO - 
🔄 Iteração 2/3 para IFSULDEMINAS
2026-02-15 20:32:28,148 - INFO -   ⚠️ Sem novas queries para testar
2026-02-15 20:32:28,148 - INFO - 
📊 Métricas finais para IFSULDEMINAS:
2026-02-15 20:32:28,149 - INFO -    Total de queries testadas: 1
2026-02-15 20:32:28,149 - INFO -    Queries com sucesso: 0
2026-02-15 20:32:28,204 - INFO - ✅ IFSULDEMINAS: 231 repositórios
2026-02-15 20:32:28,207 - INFO -    Palavras-chave: desenvolvido, trabalho, ifsuldeminas, ifsuldeminas campus, projeto, dados, curso, muzambinho, para, sistemas
2026-02-15 20:32:31,212 - INFO - 
============================================================
2026-02-15 20:32:31,212 - INFO - 🏛️  Processando IFSULDEMINAS - Campus Três Corações
2026-02-15 20:32:31,212 - INFO - ============================================================
2026-02-15 20:32:31,212 - INFO - 
🔄 Iteração 1/3 para IFSULDEMINAS
2026-02-15 20:32:31,212 - INFO -   🔎 Testando: "campus três"
2026-02-15 20:32:31,822 - INFO -      ✅ 3 resultados (eficiência: 0.01)
2026-02-15 20:32:32,825 - INFO -   🔎 Testando: "ifsuldeminas"
2026-02-15 20:32:39,878 - INFO -      ✅ 231 resultados (eficiência: 0.30)
2026-02-15 20:32:42,881 - INFO - 
🔄 Iteração 2/3 para IFSULDEMINAS
2026-02-15 20:32:42,881 - INFO -   ⚠️ Sem novas queries para testar
2026-02-15 20:32:42,881 - INFO - 
📊 Métricas finais para IFSULDEMINAS:
2026-02-15 20:32:42,881 - INFO -    Total de queries testadas: 2
2026-02-15 20:32:42,881 - INFO -    Queries com sucesso: 0
2026-02-15 20:32:42,921 - INFO - ✅ IFSULDEMINAS: 233 repositórios
2026-02-15 20:32:42,921 - INFO -    Palavras-chave: desenvolvido, trabalho, ifsuldeminas, ifsuldeminas campus, projeto, dados, curso, muzambinho, para, sistemas
2026-02-15 20:32:45,925 - INFO - 
============================================================
2026-02-15 20:32:45,925 - INFO - 🏛️  Processando IFSULDEMINAS - Campus Pouso Alegre
2026-02-15 20:32:45,925 - INFO - ============================================================
2026-02-15 20:32:45,925 - INFO - 
🔄 Iteração 1/3 para IFSULDEMINAS
2026-02-15 20:32:45,925 - INFO -   🔎 Testando: "campus pouso"
2026-02-15 20:32:46,484 - INFO -      ✅ 1 resultados (eficiência: 0.00)
2026-02-15 20:32:47,485 - INFO -   🔎 Testando: "ifsuldeminas"
2026-02-15 20:32:55,463 - INFO -      ✅ 231 resultados (eficiência: 0.30)
2026-02-15 20:32:58,465 - INFO - 
🔄 Iteração 2/3 para IFSULDEMINAS
2026-02-15 20:32:58,466 - INFO -   ⚠️ Sem novas queries para testar
2026-02-15 20:32:58,467 - INFO - 
📊 Métricas finais para IFSULDEMINAS:
2026-02-15 20:32:58,467 - INFO -    Total de queries testadas: 2
2026-02-15 20:32:58,468 - INFO -    Queries com sucesso: 0
2026-02-15 20:32:58,572 - INFO - ✅ IFSULDEMINAS: 231 repositórios
2026-02-15 20:32:58,572 - INFO -    Palavras-chave: desenvolvido, trabalho, ifsuldeminas, ifsuldeminas campus, projeto, dados, curso, muzambinho, para, sistemas
2026-02-15 20:33:01,573 - INFO - 
============================================================
2026-02-15 20:33:01,573 - INFO - 🏛️  Processando IFGoiano - Campus Rio Verde
2026-02-15 20:33:01,573 - INFO - ============================================================
2026-02-15 20:33:01,573 - INFO - 
🔄 Iteração 1/3 para IFGoiano
2026-02-15 20:33:01,573 - INFO -   🔎 Testando: "ifgoiano"
2026-02-15 20:33:03,999 - INFO -      ✅ 90 resultados (eficiência: 0.27)
2026-02-15 20:33:05,000 - INFO -   🔎 Testando: "campus rio"
2026-02-15 20:33:09,681 - INFO -      ✅ 143 resultados (eficiência: 0.30)
2026-02-15 20:33:12,685 - INFO - 
🔄 Iteração 2/3 para IFGoiano
2026-02-15 20:33:12,685 - INFO -   ⚠️ Sem novas queries para testar
2026-02-15 20:33:12,686 - INFO - 
📊 Métricas finais para IFGoiano:
2026-02-15 20:33:12,686 - INFO -    Total de queries testadas: 2
2026-02-15 20:33:12,686 - INFO -    Queries com sucesso: 0
2026-02-15 20:33:12,770 - INFO - ✅ IFGoiano: 232 repositórios
2026-02-15 20:33:12,771 - INFO -    Palavras-chave: trabalho, desenvolvimento, projeto, dados, federal, curso, grande, para, sistemas, ifgoiano
2026-02-15 20:33:15,773 - INFO - 
============================================================
2026-02-15 20:33:15,773 - INFO - 🏛️  Processando IFGoiano - Campus Ceres
2026-02-15 20:33:15,773 - INFO - ============================================================
2026-02-15 20:33:15,773 - INFO - 
🔄 Iteração 1/3 para IFGoiano
2026-02-15 20:33:15,774 - INFO -   🔎 Testando: "ifgoiano"
2026-02-15 20:33:17,990 - INFO -      ✅ 90 resultados (eficiência: 0.27)
2026-02-15 20:33:20,993 - INFO - 
🔄 Iteração 2/3 para IFGoiano
2026-02-15 20:33:20,993 - INFO -   ⚠️ Sem novas queries para testar
2026-02-15 20:33:20,993 - INFO - 
📊 Métricas finais para IFGoiano:
2026-02-15 20:33:20,993 - INFO -    Total de queries testadas: 1
2026-02-15 20:33:20,993 - INFO -    Queries com sucesso: 0
2026-02-15 20:33:21,016 - INFO - ✅ IFGoiano: 90 repositórios
2026-02-15 20:33:21,017 - INFO -    Palavras-chave: java, goiano, projeto, dados, site, github, curso, para, sistemas, ifgoiano
2026-02-15 20:33:24,017 - INFO - 
============================================================
2026-02-15 20:33:24,017 - INFO - 🏛️  Processando IFGoiano - Campus Urutaí
2026-02-15 20:33:24,017 - INFO - ============================================================
2026-02-15 20:33:24,017 - INFO - 
🔄 Iteração 1/3 para IFGoiano
2026-02-15 20:33:24,017 - INFO -   🔎 Testando: "ifgoiano"
2026-02-15 20:33:26,752 - INFO -      ✅ 90 resultados (eficiência: 0.27)
2026-02-15 20:33:29,757 - INFO - 
🔄 Iteração 2/3 para IFGoiano
2026-02-15 20:33:29,757 - INFO -   ⚠️ Sem novas queries para testar
2026-02-15 20:33:29,757 - INFO - 
📊 Métricas finais para IFGoiano:
2026-02-15 20:33:29,757 - INFO -    Total de queries testadas: 1
2026-02-15 20:33:29,757 - INFO -    Queries com sucesso: 0
2026-02-15 20:33:29,793 - INFO - ✅ IFGoiano: 90 repositórios
2026-02-15 20:33:29,795 - INFO -    Palavras-chave: java, goiano, projeto, dados, site, github, curso, para, sistemas, ifgoiano
2026-02-15 20:33:32,797 - INFO - 
============================================================
2026-02-15 20:33:32,797 - INFO - 🏛️  Processando IFGoiano - Campus Iporá
2026-02-15 20:33:32,797 - INFO - ============================================================
2026-02-15 20:33:32,797 - INFO - 
🔄 Iteração 1/3 para IFGoiano
2026-02-15 20:33:32,797 - INFO -   🔎 Testando: "ifgoiano"
2026-02-15 20:33:35,041 - INFO -      ✅ 90 resultados (eficiência: 0.27)
2026-02-15 20:33:38,045 - INFO - 
🔄 Iteração 2/3 para IFGoiano
2026-02-15 20:33:38,045 - INFO -   ⚠️ Sem novas queries para testar
2026-02-15 20:33:38,046 - INFO - 
📊 Métricas finais para IFGoiano:
2026-02-15 20:33:38,046 - INFO -    Total de queries testadas: 1
2026-02-15 20:33:38,046 - INFO -    Queries com sucesso: 0
2026-02-15 20:33:38,057 - INFO - ✅ IFGoiano: 90 repositórios
2026-02-15 20:33:38,057 - INFO -    Palavras-chave: java, goiano, projeto, dados, site, github, curso, para, sistemas, ifgoiano
2026-02-15 20:33:41,061 - INFO - 
============================================================
2026-02-15 20:33:41,061 - INFO - 🏛️  Processando IFGoiano - Campus Morrinhos
2026-02-15 20:33:41,061 - INFO - ============================================================
2026-02-15 20:33:41,061 - INFO - 
🔄 Iteração 1/3 para IFGoiano
2026-02-15 20:33:41,061 - INFO -   🔎 Testando: "ifgoiano"
2026-02-15 20:33:43,085 - INFO -      ✅ 90 resultados (eficiência: 0.27)
2026-02-15 20:33:46,089 - INFO - 
🔄 Iteração 2/3 para IFGoiano
2026-02-15 20:33:46,089 - INFO -   ⚠️ Sem novas queries para testar
2026-02-15 20:33:46,089 - INFO - 
📊 Métricas finais para IFGoiano:
2026-02-15 20:33:46,089 - INFO -    Total de queries testadas: 1
2026-02-15 20:33:46,089 - INFO -    Queries com sucesso: 0
2026-02-15 20:33:46,101 - INFO - ✅ IFGoiano: 90 repositórios
2026-02-15 20:33:46,103 - INFO -    Palavras-chave: java, goiano, projeto, dados, site, github, curso, para, sistemas, ifgoiano
2026-02-15 20:33:49,105 - INFO - 
============================================================
2026-02-15 20:33:49,106 - INFO - 🏛️  Processando IFGoiano - Campus Campos Belos
2026-02-15 20:33:49,106 - INFO - ============================================================
2026-02-15 20:33:49,106 - INFO - 
🔄 Iteração 1/3 para IFGoiano
2026-02-15 20:33:49,106 - INFO -   🔎 Testando: "ifgoiano"
2026-02-15 20:33:51,747 - INFO -      ✅ 90 resultados (eficiência: 0.27)
2026-02-15 20:33:52,749 - INFO -   🔎 Testando: "campus campos"
2026-02-15 20:33:54,594 - INFO -      ✅ 44 resultados (eficiência: 0.13)
2026-02-15 20:33:57,597 - INFO - 
🔄 Iteração 2/3 para IFGoiano
2026-02-15 20:33:57,597 - INFO -   ⚠️ Sem novas queries para testar
2026-02-15 20:33:57,598 - INFO - 
📊 Métricas finais para IFGoiano:
2026-02-15 20:33:57,598 - INFO -    Total de queries testadas: 2
2026-02-15 20:33:57,598 - INFO -    Queries com sucesso: 0
2026-02-15 20:33:57,630 - INFO - ✅ IFGoiano: 132 repositórios
2026-02-15 20:33:57,631 - INFO -    Palavras-chave: sistema, goiano, projeto, dados, federal, github, curso, utfpr, campo, para
2026-02-15 20:34:00,634 - INFO - 
============================================================
2026-02-15 20:34:00,634 - INFO - 🏛️  Processando IFGoiano - Campus Cristalina
2026-02-15 20:34:00,634 - INFO - ============================================================
2026-02-15 20:34:00,635 - INFO - 
🔄 Iteração 1/3 para IFGoiano
2026-02-15 20:34:00,635 - INFO -   🔎 Testando: "ifgoiano"
2026-02-15 20:34:03,146 - INFO -      ✅ 90 resultados (eficiência: 0.27)
2026-02-15 20:34:06,150 - INFO - 
🔄 Iteração 2/3 para IFGoiano
2026-02-15 20:34:06,151 - INFO -   ⚠️ Sem novas queries para testar
2026-02-15 20:34:06,151 - INFO - 
📊 Métricas finais para IFGoiano:
2026-02-15 20:34:06,152 - INFO -    Total de queries testadas: 1
2026-02-15 20:34:06,152 - INFO -    Queries com sucesso: 0
2026-02-15 20:34:06,209 - INFO - ✅ IFGoiano: 90 repositórios
2026-02-15 20:34:06,211 - INFO -    Palavras-chave: java, goiano, projeto, dados, site, github, curso, para, sistemas, ifgoiano
2026-02-15 20:34:09,215 - INFO - 
============================================================
2026-02-15 20:34:09,215 - INFO - 🏛️  Processando IFGoiano - Campus Hidrolândia
2026-02-15 20:34:09,215 - INFO - ============================================================
2026-02-15 20:34:09,215 - INFO - 
🔄 Iteração 1/3 para IFGoiano
2026-02-15 20:34:09,215 - INFO -   🔎 Testando: "ifgoiano"
2026-02-15 20:34:11,615 - INFO -      ✅ 90 resultados (eficiência: 0.27)
2026-02-15 20:34:14,617 - INFO - 
🔄 Iteração 2/3 para IFGoiano
2026-02-15 20:34:14,618 - INFO -   ⚠️ Sem novas queries para testar
2026-02-15 20:34:14,618 - INFO - 
📊 Métricas finais para IFGoiano:
2026-02-15 20:34:14,620 - INFO -    Total de queries testadas: 1
2026-02-15 20:34:14,620 - INFO -    Queries com sucesso: 0
2026-02-15 20:34:14,663 - INFO - ✅ IFGoiano: 90 repositórios
2026-02-15 20:34:14,664 - INFO -    Palavras-chave: java, goiano, projeto, dados, site, github, curso, para, sistemas, ifgoiano
2026-02-15 20:34:17,666 - INFO - 
============================================================
2026-02-15 20:34:17,667 - INFO - 🏛️  Processando IFGoiano - Campus Posse
2026-02-15 20:34:17,667 - INFO - ============================================================
2026-02-15 20:34:17,667 - INFO - 
🔄 Iteração 1/3 para IFGoiano
2026-02-15 20:34:17,671 - INFO -   🔎 Testando: "ifgoiano"
2026-02-15 20:34:19,802 - INFO -      ✅ 90 resultados (eficiência: 0.27)
2026-02-15 20:34:22,805 - INFO - 
🔄 Iteração 2/3 para IFGoiano
2026-02-15 20:34:22,805 - INFO -   ⚠️ Sem novas queries para testar
2026-02-15 20:34:22,805 - INFO - 
📊 Métricas finais para IFGoiano:
2026-02-15 20:34:22,805 - INFO -    Total de queries testadas: 1
2026-02-15 20:34:22,805 - INFO -    Queries com sucesso: 0
2026-02-15 20:34:22,827 - INFO - ✅ IFGoiano: 90 repositórios
2026-02-15 20:34:22,829 - INFO -    Palavras-chave: java, goiano, projeto, dados, site, github, curso, para, sistemas, ifgoiano
2026-02-15 20:34:25,833 - INFO - 
============================================================
2026-02-15 20:34:25,833 - INFO - 🏛️  Processando IFG - Campus Goiânia
2026-02-15 20:34:25,834 - INFO - ============================================================
2026-02-15 20:34:25,834 - INFO - 
🔄 Iteração 1/3 para IFG
2026-02-15 20:34:25,834 - INFO -   🔎 Testando: "ifg"
2026-02-15 20:34:43,922 - INFO -      ✅ 500 resultados (eficiência: 0.30)
2026-02-15 20:34:46,925 - INFO - 
🔄 Iteração 2/3 para IFG
2026-02-15 20:34:46,925 - INFO -   ⚠️ Sem novas queries para testar
2026-02-15 20:34:46,925 - INFO - 
📊 Métricas finais para IFG:
2026-02-15 20:34:46,926 - INFO -    Total de queries testadas: 1
2026-02-15 20:34:46,926 - INFO -    Queries com sucesso: 0
2026-02-15 20:34:46,983 - INFO - ✅ IFG: 500 repositórios
2026-02-15 20:34:46,984 - INFO -    Palavras-chave: trabalho, java, files, data, projeto, ifg, ifgame, github, test, life
2026-02-15 20:34:49,985 - INFO - 
============================================================
2026-02-15 20:34:49,985 - INFO - 🏛️  Processando IFG - Campus Luziânia
2026-02-15 20:34:49,985 - INFO - ============================================================
2026-02-15 20:34:49,986 - INFO - 
🔄 Iteração 1/3 para IFG
2026-02-15 20:34:49,986 - INFO -   🔎 Testando: "ifg"
2026-02-15 20:35:05,913 - INFO -      ✅ 500 resultados (eficiência: 0.30)
2026-02-15 20:35:08,917 - INFO - 
🔄 Iteração 2/3 para IFG
2026-02-15 20:35:08,917 - INFO -   ⚠️ Sem novas queries para testar
2026-02-15 20:35:08,917 - INFO - 
📊 Métricas finais para IFG:
2026-02-15 20:35:08,918 - INFO -    Total de queries testadas: 1
2026-02-15 20:35:08,918 - INFO -    Queries com sucesso: 0
2026-02-15 20:35:08,966 - INFO - ✅ IFG: 500 repositórios
2026-02-15 20:35:08,966 - INFO -    Palavras-chave: trabalho, java, files, data, projeto, ifg, ifgame, github, test, life
2026-02-15 20:35:11,969 - INFO - 
============================================================
2026-02-15 20:35:11,969 - INFO - 🏛️  Processando IFG - Campus Jataí
2026-02-15 20:35:11,969 - INFO - ============================================================
2026-02-15 20:35:11,969 - INFO - 
🔄 Iteração 1/3 para IFG
2026-02-15 20:35:11,970 - INFO -   🔎 Testando: "ifg"
2026-02-15 20:35:27,323 - INFO -      ✅ 500 resultados (eficiência: 0.30)
2026-02-15 20:35:30,325 - INFO - 
🔄 Iteração 2/3 para IFG
2026-02-15 20:35:30,326 - INFO -   ⚠️ Sem novas queries para testar
2026-02-15 20:35:30,326 - INFO - 
📊 Métricas finais para IFG:
2026-02-15 20:35:30,327 - INFO -    Total de queries testadas: 1
2026-02-15 20:35:30,327 - INFO -    Queries com sucesso: 0
2026-02-15 20:35:30,429 - INFO - ✅ IFG: 500 repositórios
2026-02-15 20:35:30,429 - INFO -    Palavras-chave: trabalho, java, files, data, projeto, ifg, ifgame, github, test, life
2026-02-15 20:35:33,433 - INFO - 
============================================================
2026-02-15 20:35:33,433 - INFO - 🏛️  Processando IFG - Campus Inhumas
2026-02-15 20:35:33,433 - INFO - ============================================================
2026-02-15 20:35:33,433 - INFO - 
🔄 Iteração 1/3 para IFG
2026-02-15 20:35:33,434 - INFO -   🔎 Testando: "ifg"
2026-02-15 20:35:54,204 - INFO -      ✅ 500 resultados (eficiência: 0.30)
2026-02-15 20:35:57,207 - INFO - 
🔄 Iteração 2/3 para IFG
2026-02-15 20:35:57,208 - INFO -   ⚠️ Sem novas queries para testar
2026-02-15 20:35:57,209 - INFO - 
📊 Métricas finais para IFG:
2026-02-15 20:35:57,209 - INFO -    Total de queries testadas: 1
2026-02-15 20:35:57,209 - INFO -    Queries com sucesso: 0
2026-02-15 20:35:57,260 - INFO - ✅ IFG: 500 repositórios
2026-02-15 20:35:57,261 - INFO -    Palavras-chave: trabalho, java, files, data, projeto, ifg, ifgame, github, test, life
2026-02-15 20:36:00,265 - INFO - 
============================================================
2026-02-15 20:36:00,265 - INFO - 🏛️  Processando IFG - Campus Itumbiara
2026-02-15 20:36:00,265 - INFO - ============================================================
2026-02-15 20:36:00,266 - INFO - 
🔄 Iteração 1/3 para IFG
2026-02-15 20:36:00,266 - INFO -   🔎 Testando: "ifg"
2026-02-15 20:36:17,209 - INFO -      ✅ 500 resultados (eficiência: 0.30)
2026-02-15 20:36:20,212 - INFO - 
🔄 Iteração 2/3 para IFG
2026-02-15 20:36:20,212 - INFO -   ⚠️ Sem novas queries para testar
2026-02-15 20:36:20,213 - INFO - 
📊 Métricas finais para IFG:
2026-02-15 20:36:20,213 - INFO -    Total de queries testadas: 1
2026-02-15 20:36:20,213 - INFO -    Queries com sucesso: 0
2026-02-15 20:36:20,336 - INFO - ✅ IFG: 500 repositórios
2026-02-15 20:36:20,337 - INFO -    Palavras-chave: trabalho, java, files, data, projeto, ifg, ifgame, github, test, life
2026-02-15 20:36:23,341 - INFO - 
============================================================
2026-02-15 20:36:23,341 - INFO - 🏛️  Processando IFG - Campus Uruaçu
2026-02-15 20:36:23,342 - INFO - ============================================================
2026-02-15 20:36:23,342 - INFO - 
🔄 Iteração 1/3 para IFG
2026-02-15 20:36:23,342 - INFO -   🔎 Testando: "ifg"
2026-02-15 20:36:39,445 - INFO -      ✅ 500 resultados (eficiência: 0.30)
2026-02-15 20:36:42,449 - INFO - 
🔄 Iteração 2/3 para IFG
2026-02-15 20:36:42,449 - INFO -   ⚠️ Sem novas queries para testar
2026-02-15 20:36:42,450 - INFO - 
📊 Métricas finais para IFG:
2026-02-15 20:36:42,450 - INFO -    Total de queries testadas: 1
2026-02-15 20:36:42,450 - INFO -    Queries com sucesso: 0
2026-02-15 20:36:42,573 - INFO - ✅ IFG: 500 repositórios
2026-02-15 20:36:42,574 - INFO -    Palavras-chave: trabalho, java, files, data, projeto, ifg, ifgame, github, test, life
2026-02-15 20:36:45,577 - INFO - 
============================================================
2026-02-15 20:36:45,577 - INFO - 🏛️  Processando IFG - Campus Formosa
2026-02-15 20:36:45,578 - INFO - ============================================================
2026-02-15 20:36:45,578 - INFO - 
🔄 Iteração 1/3 para IFG
2026-02-15 20:36:45,578 - INFO -   🔎 Testando: "ifg"
2026-02-15 20:37:00,856 - INFO -      ✅ 500 resultados (eficiência: 0.30)
2026-02-15 20:37:03,859 - INFO - 
🔄 Iteração 2/3 para IFG
2026-02-15 20:37:03,859 - INFO -   ⚠️ Sem novas queries para testar
2026-02-15 20:37:03,859 - INFO - 
📊 Métricas finais para IFG:
2026-02-15 20:37:03,860 - INFO -    Total de queries testadas: 1
2026-02-15 20:37:03,860 - INFO -    Queries com sucesso: 0
2026-02-15 20:37:03,909 - INFO - ✅ IFG: 500 repositórios
2026-02-15 20:37:03,912 - INFO -    Palavras-chave: trabalho, java, files, data, projeto, ifg, ifgame, github, test, life
2026-02-15 20:37:06,913 - INFO - 
============================================================
2026-02-15 20:37:06,913 - INFO - 🏛️  Processando IFG - Campus Anápolis
2026-02-15 20:37:06,913 - INFO - ============================================================
2026-02-15 20:37:06,913 - INFO - 
🔄 Iteração 1/3 para IFG
2026-02-15 20:37:06,914 - INFO -   🔎 Testando: "ifg"
2026-02-15 20:37:23,567 - INFO -      ✅ 500 resultados (eficiência: 0.30)
2026-02-15 20:37:26,570 - INFO - 
🔄 Iteração 2/3 para IFG
2026-02-15 20:37:26,571 - INFO -   ⚠️ Sem novas queries para testar
2026-02-15 20:37:26,571 - INFO - 
📊 Métricas finais para IFG:
2026-02-15 20:37:26,571 - INFO -    Total de queries testadas: 1
2026-02-15 20:37:26,571 - INFO -    Queries com sucesso: 0
2026-02-15 20:37:26,640 - INFO - ✅ IFG: 500 repositórios
2026-02-15 20:37:26,641 - INFO -    Palavras-chave: trabalho, java, files, data, projeto, ifg, ifgame, github, test, life
2026-02-15 20:37:29,646 - INFO - 
============================================================
2026-02-15 20:37:29,647 - INFO - 🏛️  Processando IFG - Campus Águas Lindas
2026-02-15 20:37:29,647 - INFO - ============================================================
2026-02-15 20:37:29,647 - INFO - 
🔄 Iteração 1/3 para IFG
2026-02-15 20:37:29,648 - INFO -   🔎 Testando: "ifg"
2026-02-15 20:37:47,011 - INFO -      ✅ 500 resultados (eficiência: 0.30)
2026-02-15 20:37:48,012 - INFO -   🔎 Testando: "campus águas"
2026-02-15 20:37:48,688 - INFO -      ✅ 0 resultados (eficiência: 0.00)
2026-02-15 20:37:51,692 - INFO - 
🔄 Iteração 2/3 para IFG
2026-02-15 20:37:51,693 - INFO -   ⚠️ Sem novas queries para testar
2026-02-15 20:37:51,693 - INFO - 
📊 Métricas finais para IFG:
2026-02-15 20:37:51,694 - INFO -    Total de queries testadas: 2
2026-02-15 20:37:51,694 - INFO -    Queries com sucesso: 0
2026-02-15 20:37:51,816 - INFO - ✅ IFG: 500 repositórios
2026-02-15 20:37:51,817 - INFO -    Palavras-chave: trabalho, java, files, data, projeto, ifg, ifgame, github, test, life
2026-02-15 20:37:54,821 - INFO - 
============================================================
2026-02-15 20:37:54,821 - INFO - 🏛️  Processando IFG - Campus Aparecida de Goiânia
2026-02-15 20:37:54,822 - INFO - ============================================================
2026-02-15 20:37:54,822 - INFO - 
🔄 Iteração 1/3 para IFG
2026-02-15 20:37:54,822 - INFO -   🔎 Testando: "ifg"
2026-02-15 20:38:09,687 - INFO -      ✅ 500 resultados (eficiência: 0.30)
2026-02-15 20:38:10,688 - INFO -   🔎 Testando: "campus aparecida"
2026-02-15 20:38:11,245 - INFO -      ✅ 0 resultados (eficiência: 0.00)
2026-02-15 20:38:14,248 - INFO - 
🔄 Iteração 2/3 para IFG
2026-02-15 20:38:14,249 - INFO -   ⚠️ Sem novas queries para testar
2026-02-15 20:38:14,250 - INFO - 
📊 Métricas finais para IFG:
2026-02-15 20:38:14,250 - INFO -    Total de queries testadas: 2
2026-02-15 20:38:14,250 - INFO -    Queries com sucesso: 0
2026-02-15 20:38:14,348 - INFO - ✅ IFG: 500 repositórios
2026-02-15 20:38:14,349 - INFO -    Palavras-chave: trabalho, java, files, data, projeto, ifg, ifgame, github, test, life
2026-02-15 20:38:17,353 - INFO - 
============================================================
2026-02-15 20:38:17,353 - INFO - 🏛️  Processando IFG - Campus Cidade de Goiás
2026-02-15 20:38:17,354 - INFO - ============================================================
2026-02-15 20:38:17,354 - INFO - 
🔄 Iteração 1/3 para IFG
2026-02-15 20:38:17,354 - INFO -   🔎 Testando: "ifg"
2026-02-15 20:38:33,888 - INFO -      ✅ 500 resultados (eficiência: 0.30)
2026-02-15 20:38:34,889 - INFO -   🔎 Testando: "campus cidade"
2026-02-15 20:38:35,692 - INFO -      ✅ 0 resultados (eficiência: 0.00)
2026-02-15 20:38:38,694 - INFO - 
🔄 Iteração 2/3 para IFG
2026-02-15 20:38:38,694 - INFO -   ⚠️ Sem novas queries para testar
2026-02-15 20:38:38,695 - INFO - 
📊 Métricas finais para IFG:
2026-02-15 20:38:38,695 - INFO -    Total de queries testadas: 2
2026-02-15 20:38:38,695 - INFO -    Queries com sucesso: 0
2026-02-15 20:38:38,773 - INFO - ✅ IFG: 500 repositórios
2026-02-15 20:38:38,773 - INFO -    Palavras-chave: trabalho, java, files, data, projeto, ifg, ifgame, github, test, life
2026-02-15 20:38:41,776 - INFO - 
============================================================
2026-02-15 20:38:41,777 - INFO - 🏛️  Processando IFG - Campus Goiânia Oeste
2026-02-15 20:38:41,777 - INFO - ============================================================
2026-02-15 20:38:41,777 - INFO - 
🔄 Iteração 1/3 para IFG
2026-02-15 20:38:41,777 - INFO -   🔎 Testando: "ifg"
2026-02-15 20:38:58,021 - INFO -      ✅ 500 resultados (eficiência: 0.30)
2026-02-15 20:38:59,023 - INFO -   🔎 Testando: "campus goiânia"
2026-02-15 20:39:00,170 - INFO -      ✅ 10 resultados (eficiência: 0.03)
2026-02-15 20:39:03,173 - INFO - 
🔄 Iteração 2/3 para IFG
2026-02-15 20:39:03,173 - INFO -   ⚠️ Sem novas queries para testar
2026-02-15 20:39:03,174 - INFO - 
📊 Métricas finais para IFG:
2026-02-15 20:39:03,174 - INFO -    Total de queries testadas: 2
2026-02-15 20:39:03,174 - INFO -    Queries com sucesso: 0
2026-02-15 20:39:03,228 - INFO - ✅ IFG: 510 repositórios
2026-02-15 20:39:03,229 - INFO -    Palavras-chave: java, files, data, projeto, ifg, ifgame, github, test, curso, life
2026-02-15 20:39:06,233 - INFO - 
============================================================
2026-02-15 20:39:06,233 - INFO - 🏛️  Processando IFG - Campus Senador Canedo
2026-02-15 20:39:06,234 - INFO - ============================================================
2026-02-15 20:39:06,234 - INFO - 
🔄 Iteração 1/3 para IFG
2026-02-15 20:39:06,234 - INFO -   🔎 Testando: "ifg"
2026-02-15 20:39:22,005 - INFO -      ✅ 500 resultados (eficiência: 0.30)
2026-02-15 20:39:23,006 - INFO -   🔎 Testando: "campus senador"
2026-02-15 20:39:23,633 - INFO -      ✅ 1 resultados (eficiência: 0.00)
2026-02-15 20:39:26,641 - INFO - 
🔄 Iteração 2/3 para IFG
2026-02-15 20:39:26,641 - INFO -   ⚠️ Sem novas queries para testar
2026-02-15 20:39:26,642 - INFO - 
📊 Métricas finais para IFG:
2026-02-15 20:39:26,642 - INFO -    Total de queries testadas: 2
2026-02-15 20:39:26,642 - INFO -    Queries com sucesso: 0
2026-02-15 20:39:26,769 - INFO - ✅ IFG: 501 repositórios
2026-02-15 20:39:26,801 - INFO -    Palavras-chave: trabalho, java, files, data, projeto, ifg, ifgame, github, test, life
2026-02-15 20:39:29,805 - INFO - 
============================================================
2026-02-15 20:39:29,805 - INFO - 🏛️  Processando IFG - Campus Valparaíso
2026-02-15 20:39:29,805 - INFO - ============================================================
2026-02-15 20:39:29,806 - INFO - 
🔄 Iteração 1/3 para IFG
2026-02-15 20:39:29,806 - INFO -   🔎 Testando: "ifg"
2026-02-15 20:39:45,152 - INFO -      ✅ 500 resultados (eficiência: 0.30)
2026-02-15 20:39:48,155 - INFO - 
🔄 Iteração 2/3 para IFG
2026-02-15 20:39:48,155 - INFO -   ⚠️ Sem novas queries para testar
2026-02-15 20:39:48,156 - INFO - 
📊 Métricas finais para IFG:
2026-02-15 20:39:48,156 - INFO -    Total de queries testadas: 1
2026-02-15 20:39:48,157 - INFO -    Queries com sucesso: 0
2026-02-15 20:39:48,206 - INFO - ✅ IFG: 500 repositórios
2026-02-15 20:39:48,207 - INFO -    Palavras-chave: trabalho, java, files, data, projeto, ifg, ifgame, github, test, life
2026-02-15 20:39:51,209 - INFO - 
============================================================
2026-02-15 20:39:51,209 - INFO - 🏛️  Processando IFSEMG - Campus Juiz de Fora
2026-02-15 20:39:51,209 - INFO - ============================================================
2026-02-15 20:39:51,210 - INFO - 
🔄 Iteração 1/3 para IFSEMG
2026-02-15 20:39:51,210 - INFO -   🔎 Testando: "ifsemg"
2026-02-15 20:39:52,409 - INFO -      ✅ 24 resultados (eficiência: 0.07)
2026-02-15 20:39:53,413 - INFO -   🔎 Testando: "campus juiz"
2026-02-15 20:39:54,393 - INFO -      ✅ 14 resultados (eficiência: 0.04)
2026-02-15 20:39:57,396 - INFO - 
🔄 Iteração 2/3 para IFSEMG
2026-02-15 20:39:57,397 - INFO -   ⚠️ Sem novas queries para testar
2026-02-15 20:39:57,397 - INFO - 
📊 Métricas finais para IFSEMG:
2026-02-15 20:39:57,397 - INFO -    Total de queries testadas: 2
2026-02-15 20:39:57,397 - INFO -    Queries com sucesso: 0
2026-02-15 20:39:57,423 - INFO - ✅ IFSEMG: 37 repositórios
2026-02-15 20:39:57,425 - INFO -    Palavras-chave: trabalho, sistema, java, sudeste, fora, projeto, curso, para, sistemas, linguagem
2026-02-15 20:40:00,430 - INFO - 
============================================================
2026-02-15 20:40:00,434 - INFO - 🏛️  Processando IFSEMG - Campus Muriaé
2026-02-15 20:40:00,434 - INFO - ============================================================
2026-02-15 20:40:00,435 - INFO - 
🔄 Iteração 1/3 para IFSEMG
2026-02-15 20:40:00,435 - INFO -   🔎 Testando: "ifsemg"
2026-02-15 20:40:01,990 - INFO -      ✅ 24 resultados (eficiência: 0.07)
2026-02-15 20:40:04,995 - INFO - 
🔄 Iteração 2/3 para IFSEMG
2026-02-15 20:40:04,996 - INFO -   ⚠️ Sem novas queries para testar
2026-02-15 20:40:04,996 - INFO - 
📊 Métricas finais para IFSEMG:
2026-02-15 20:40:04,996 - INFO -    Total de queries testadas: 1
2026-02-15 20:40:04,996 - INFO -    Queries com sucesso: 0
2026-02-15 20:40:05,008 - INFO - ✅ IFSEMG: 24 repositórios
2026-02-15 20:40:05,011 - INFO -    Palavras-chave: trabalho, java, ionic, sudeste, pomba, projeto, curso, para, sistemas, linguagem
2026-02-15 20:40:08,013 - INFO - 
============================================================
2026-02-15 20:40:08,013 - INFO - 🏛️  Processando IFSEMG - Campus Rio Pomba
2026-02-15 20:40:08,014 - INFO - ============================================================
2026-02-15 20:40:08,014 - INFO - 
🔄 Iteração 1/3 para IFSEMG
2026-02-15 20:40:08,014 - INFO -   🔎 Testando: "ifsemg"
2026-02-15 20:40:09,262 - INFO -      ✅ 24 resultados (eficiência: 0.07)
2026-02-15 20:40:10,263 - INFO -   🔎 Testando: "campus rio"
2026-02-15 20:40:14,981 - INFO -      ✅ 143 resultados (eficiência: 0.30)
2026-02-15 20:40:17,985 - INFO - 
🔄 Iteração 2/3 para IFSEMG
2026-02-15 20:40:17,986 - INFO -   ⚠️ Sem novas queries para testar
2026-02-15 20:40:17,987 - INFO - 
📊 Métricas finais para IFSEMG:
2026-02-15 20:40:17,987 - INFO -    Total de queries testadas: 2
2026-02-15 20:40:17,987 - INFO -    Queries com sucesso: 0
2026-02-15 20:40:18,086 - INFO - ✅ IFSEMG: 163 repositórios
2026-02-15 20:40:18,087 - INFO -    Palavras-chave: trabalho, projeto, pomba, federal, curso, grande, rio, para, sistemas, campus
2026-02-15 20:40:21,091 - INFO - 
============================================================
2026-02-15 20:40:21,091 - INFO - 🏛️  Processando IFSEMG - Campus Santos Dumont
2026-02-15 20:40:21,091 - INFO - ============================================================
2026-02-15 20:40:21,092 - INFO - 
🔄 Iteração 1/3 para IFSEMG
2026-02-15 20:40:21,092 - INFO -   🔎 Testando: "campus santos"
2026-02-15 20:40:22,291 - INFO -      ✅ 23 resultados (eficiência: 0.07)
2026-02-15 20:40:23,293 - INFO -   🔎 Testando: "ifsemg"
2026-02-15 20:40:24,356 - INFO -      ✅ 24 resultados (eficiência: 0.07)
2026-02-15 20:40:27,357 - INFO - 
🔄 Iteração 2/3 para IFSEMG
2026-02-15 20:40:27,357 - INFO -   ⚠️ Sem novas queries para testar
2026-02-15 20:40:27,357 - INFO - 
📊 Métricas finais para IFSEMG:
2026-02-15 20:40:27,357 - INFO -    Total de queries testadas: 2
2026-02-15 20:40:27,357 - INFO -    Queries com sucesso: 0
2026-02-15 20:40:27,386 - INFO - ✅ IFSEMG: 47 repositórios
2026-02-15 20:40:27,386 - INFO -    Palavras-chave: trabalho, senac, integrador, java, projeto, santo, amaro, curso, sistemas, para
2026-02-15 20:40:30,390 - INFO - 
============================================================
2026-02-15 20:40:30,390 - INFO - 🏛️  Processando IFSEMG - Campus Barbacena
2026-02-15 20:40:30,390 - INFO - ============================================================
2026-02-15 20:40:30,391 - INFO - 
🔄 Iteração 1/3 para IFSEMG
2026-02-15 20:40:30,391 - INFO -   🔎 Testando: "ifsemg"
2026-02-15 20:40:31,632 - INFO -      ✅ 24 resultados (eficiência: 0.07)
2026-02-15 20:40:34,635 - INFO - 
🔄 Iteração 2/3 para IFSEMG
2026-02-15 20:40:34,636 - INFO -   ⚠️ Sem novas queries para testar
2026-02-15 20:40:34,636 - INFO - 
📊 Métricas finais para IFSEMG:
2026-02-15 20:40:34,636 - INFO -    Total de queries testadas: 1
2026-02-15 20:40:34,637 - INFO -    Queries com sucesso: 0
2026-02-15 20:40:34,661 - INFO - ✅ IFSEMG: 24 repositórios
2026-02-15 20:40:34,662 - INFO -    Palavras-chave: trabalho, java, ionic, sudeste, pomba, projeto, curso, para, sistemas, linguagem
2026-02-15 20:40:37,665 - INFO - 
============================================================
2026-02-15 20:40:37,665 - INFO - 🏛️  Processando IFSEMG - Campus Bom Sucesso
2026-02-15 20:40:37,665 - INFO - ============================================================
2026-02-15 20:40:37,665 - INFO - 
🔄 Iteração 1/3 para IFSEMG
2026-02-15 20:40:37,666 - INFO -   🔎 Testando: "ifsemg"
2026-02-15 20:40:39,004 - INFO -      ✅ 24 resultados (eficiência: 0.07)
2026-02-15 20:40:40,005 - INFO -   🔎 Testando: "campus bom"
2026-02-15 20:40:40,823 - INFO -      ✅ 8 resultados (eficiência: 0.02)
2026-02-15 20:40:43,825 - INFO - 
🔄 Iteração 2/3 para IFSEMG
2026-02-15 20:40:43,826 - INFO -   ⚠️ Sem novas queries para testar
2026-02-15 20:40:43,826 - INFO - 
📊 Métricas finais para IFSEMG:
2026-02-15 20:40:43,826 - INFO -    Total de queries testadas: 2
2026-02-15 20:40:43,827 - INFO -    Queries com sucesso: 0
2026-02-15 20:40:43,847 - INFO - ✅ IFSEMG: 32 repositórios
2026-02-15 20:40:43,890 - INFO -    Palavras-chave: java, ionic, sudeste, projeto, pomba, para, sistemas, tecnologia, campus, jesus
2026-02-15 20:40:46,894 - INFO - 
============================================================
2026-02-15 20:40:46,895 - INFO - 🏛️  Processando IFSEMG - Campus Cataguases
2026-02-15 20:40:46,895 - INFO - ============================================================
2026-02-15 20:40:46,895 - INFO - 
🔄 Iteração 1/3 para IFSEMG
2026-02-15 20:40:46,895 - INFO -   🔎 Testando: "ifsemg"
2026-02-15 20:40:48,222 - INFO -      ✅ 24 resultados (eficiência: 0.07)
2026-02-15 20:40:51,225 - INFO - 
🔄 Iteração 2/3 para IFSEMG
2026-02-15 20:40:51,226 - INFO -   ⚠️ Sem novas queries para testar
2026-02-15 20:40:51,226 - INFO - 
📊 Métricas finais para IFSEMG:
2026-02-15 20:40:51,226 - INFO -    Total de queries testadas: 1
2026-02-15 20:40:51,226 - INFO -    Queries com sucesso: 0
2026-02-15 20:40:51,234 - INFO - ✅ IFSEMG: 24 repositórios
2026-02-15 20:40:51,235 - INFO -    Palavras-chave: trabalho, java, ionic, sudeste, pomba, projeto, curso, para, sistemas, linguagem
2026-02-15 20:40:54,238 - INFO - 
============================================================
2026-02-15 20:40:54,238 - INFO - 🏛️  Processando IFSEMG - Campus Manhuaçu
2026-02-15 20:40:54,238 - INFO - ============================================================
2026-02-15 20:40:54,238 - INFO - 
🔄 Iteração 1/3 para IFSEMG
2026-02-15 20:40:54,239 - INFO -   🔎 Testando: "ifsemg"
2026-02-15 20:40:55,357 - INFO -      ✅ 24 resultados (eficiência: 0.07)
2026-02-15 20:40:58,361 - INFO - 
🔄 Iteração 2/3 para IFSEMG
2026-02-15 20:40:58,361 - INFO -   ⚠️ Sem novas queries para testar
2026-02-15 20:40:58,362 - INFO - 
📊 Métricas finais para IFSEMG:
2026-02-15 20:40:58,362 - INFO -    Total de queries testadas: 1
2026-02-15 20:40:58,362 - INFO -    Queries com sucesso: 0
2026-02-15 20:40:58,392 - INFO - ✅ IFSEMG: 24 repositórios
2026-02-15 20:40:58,395 - INFO -    Palavras-chave: trabalho, java, ionic, sudeste, pomba, projeto, curso, para, sistemas, linguagem
2026-02-15 20:41:01,406 - INFO - 
============================================================
2026-02-15 20:41:01,406 - INFO - 🏛️  Processando IFSEMG - Campus São João del-Rei
2026-02-15 20:41:01,406 - INFO - ============================================================
2026-02-15 20:41:01,406 - INFO - 
🔄 Iteração 1/3 para IFSEMG
2026-02-15 20:41:01,408 - INFO -   🔎 Testando: "ifsemg"
2026-02-15 20:41:02,603 - INFO -      ✅ 24 resultados (eficiência: 0.07)
2026-02-15 20:41:03,609 - INFO -   🔎 Testando: "campus são"
2026-02-15 20:41:11,543 - INFO -      ✅ 268 resultados (eficiência: 0.30)
2026-02-15 20:41:14,545 - INFO - 
🔄 Iteração 2/3 para IFSEMG
2026-02-15 20:41:14,546 - INFO -   ⚠️ Sem novas queries para testar
2026-02-15 20:41:14,546 - INFO - 
📊 Métricas finais para IFSEMG:
2026-02-15 20:41:14,547 - INFO -    Total de queries testadas: 2
2026-02-15 20:41:14,547 - INFO -    Queries com sucesso: 0
2026-02-15 20:41:14,624 - INFO - ✅ IFSEMG: 292 repositórios
2026-02-15 20:41:14,624 - INFO -    Palavras-chave: desenvolvido, instituto, engenharia, ifsp, projeto, federal, curso, paulo, para, sistemas
2026-02-15 20:41:17,626 - INFO - 
============================================================
2026-02-15 20:41:17,626 - INFO - 🏛️  Processando IFSEMG - Campus Ubá
2026-02-15 20:41:17,626 - INFO - ============================================================
2026-02-15 20:41:17,626 - INFO - 
🔄 Iteração 1/3 para IFSEMG
2026-02-15 20:41:17,626 - INFO -   🔎 Testando: "ifsemg"
2026-02-15 20:41:18,782 - INFO -      ✅ 24 resultados (eficiência: 0.07)
2026-02-15 20:41:21,785 - INFO - 
🔄 Iteração 2/3 para IFSEMG
2026-02-15 20:41:21,785 - INFO -   ⚠️ Sem novas queries para testar
2026-02-15 20:41:21,785 - INFO - 
📊 Métricas finais para IFSEMG:
2026-02-15 20:41:21,785 - INFO -    Total de queries testadas: 1
2026-02-15 20:41:21,785 - INFO -    Queries com sucesso: 0
2026-02-15 20:41:21,797 - INFO - ✅ IFSEMG: 24 repositórios
2026-02-15 20:41:21,798 - INFO -    Palavras-chave: trabalho, java, ionic, sudeste, pomba, projeto, curso, para, sistemas, linguagem
2026-02-15 20:41:24,801 - INFO - 
============================================================
2026-02-15 20:41:24,801 - INFO - 🏛️  Processando IFMS - Campus Campo Grande
2026-02-15 20:41:24,801 - INFO - ============================================================
2026-02-15 20:41:24,801 - INFO - 
🔄 Iteração 1/3 para IFMS
2026-02-15 20:41:24,801 - INFO -   🔎 Testando: "ifms"
2026-02-15 20:41:44,681 - INFO -      ✅ 500 resultados (eficiência: 0.30)
2026-02-15 20:41:45,681 - INFO -   🔎 Testando: "campus campo"
2026-02-15 20:41:47,223 - INFO -      ✅ 44 resultados (eficiência: 0.13)
2026-02-15 20:41:50,225 - INFO - 
🔄 Iteração 2/3 para IFMS
2026-02-15 20:41:50,226 - INFO -   ⚠️ Sem novas queries para testar
2026-02-15 20:41:50,227 - INFO - 
📊 Métricas finais para IFMS:
2026-02-15 20:41:50,228 - INFO -    Total de queries testadas: 2
2026-02-15 20:41:50,228 - INFO -    Queries com sucesso: 0
2026-02-15 20:41:50,347 - INFO - ✅ IFMS: 542 repositórios
2026-02-15 20:41:50,347 - INFO -    Palavras-chave: trabalho, ifmslego, sistema, site, projeto, aula, ifms, github, curso, campo
2026-02-15 20:41:53,350 - INFO - 
============================================================
2026-02-15 20:41:53,350 - INFO - 🏛️  Processando IFMS - Campus Três Lagoas
2026-02-15 20:41:53,350 - INFO - ============================================================
2026-02-15 20:41:53,351 - INFO - 
🔄 Iteração 1/3 para IFMS
2026-02-15 20:41:53,351 - INFO -   🔎 Testando: "ifms"
2026-02-15 20:42:12,309 - INFO -      ✅ 500 resultados (eficiência: 0.30)
2026-02-15 20:42:13,310 - INFO -   🔎 Testando: "campus três"
2026-02-15 20:42:14,218 - INFO -      ✅ 3 resultados (eficiência: 0.01)
2026-02-15 20:42:17,221 - INFO - 
🔄 Iteração 2/3 para IFMS
2026-02-15 20:42:17,222 - INFO -   ⚠️ Sem novas queries para testar
2026-02-15 20:42:17,223 - INFO - 
📊 Métricas finais para IFMS:
2026-02-15 20:42:17,223 - INFO -    Total de queries testadas: 2
2026-02-15 20:42:17,224 - INFO -    Queries com sucesso: 0
2026-02-15 20:42:17,318 - INFO - ✅ IFMS: 503 repositórios
2026-02-15 20:42:17,318 - INFO -    Palavras-chave: trabalho, ifmslego, sistema, desenvolvimento, site, aula, projeto, ifms, github, curso
2026-02-15 20:42:20,322 - INFO - 
============================================================
2026-02-15 20:42:20,322 - INFO - 🏛️  Processando IFMS - Campus Nova Andradina
2026-02-15 20:42:20,322 - INFO - ============================================================
2026-02-15 20:42:20,323 - INFO - 
🔄 Iteração 1/3 para IFMS
2026-02-15 20:42:20,323 - INFO -   🔎 Testando: "ifms"
2026-02-15 20:42:36,582 - INFO -      ✅ 500 resultados (eficiência: 0.30)
2026-02-15 20:42:37,583 - INFO -   🔎 Testando: "campus nova"
2026-02-15 20:42:39,129 - INFO -      ✅ 28 resultados (eficiência: 0.08)
2026-02-15 20:42:42,133 - INFO - 
🔄 Iteração 2/3 para IFMS
2026-02-15 20:42:42,134 - INFO -   ⚠️ Sem novas queries para testar
2026-02-15 20:42:42,135 - INFO - 
📊 Métricas finais para IFMS:
2026-02-15 20:42:42,135 - INFO -    Total de queries testadas: 2
2026-02-15 20:42:42,136 - INFO -    Queries com sucesso: 0
2026-02-15 20:42:42,201 - INFO - ✅ IFMS: 528 repositórios
2026-02-15 20:42:42,202 - INFO -    Palavras-chave: trabalho, desenvolvido, ifmslego, nova, sistema, site, aula, projeto, ifms, github
2026-02-15 20:42:45,206 - INFO - 
============================================================
2026-02-15 20:42:45,206 - INFO - 🏛️  Processando IFMS - Campus Corumbá
2026-02-15 20:42:45,207 - INFO - ============================================================
2026-02-15 20:42:45,207 - INFO - 
🔄 Iteração 1/3 para IFMS
2026-02-15 20:42:45,208 - INFO -   🔎 Testando: "ifms"
2026-02-15 20:43:01,903 - INFO -      ✅ 500 resultados (eficiência: 0.30)
2026-02-15 20:43:04,905 - INFO - 
🔄 Iteração 2/3 para IFMS
2026-02-15 20:43:04,906 - INFO -   ⚠️ Sem novas queries para testar
2026-02-15 20:43:04,906 - INFO - 
📊 Métricas finais para IFMS:
2026-02-15 20:43:04,906 - INFO -    Total de queries testadas: 1
2026-02-15 20:43:04,906 - INFO -    Queries com sucesso: 0
2026-02-15 20:43:04,974 - INFO - ✅ IFMS: 500 repositórios
2026-02-15 20:43:04,975 - INFO -    Palavras-chave: trabalho, ifmslego, sistema, desenvolvimento, site, aula, projeto, ifms, github, curso
2026-02-15 20:43:07,977 - INFO - 
============================================================
2026-02-15 20:43:07,977 - INFO - 🏛️  Processando IFMS - Campus Aquidauana
2026-02-15 20:43:07,977 - INFO - ============================================================
2026-02-15 20:43:07,977 - INFO - 
🔄 Iteração 1/3 para IFMS
2026-02-15 20:43:07,977 - INFO -   🔎 Testando: "ifms"
2026-02-15 20:43:25,278 - INFO -      ✅ 500 resultados (eficiência: 0.30)
2026-02-15 20:43:28,281 - INFO - 
🔄 Iteração 2/3 para IFMS
2026-02-15 20:43:28,282 - INFO -   ⚠️ Sem novas queries para testar
2026-02-15 20:43:28,283 - INFO - 
📊 Métricas finais para IFMS:
2026-02-15 20:43:28,284 - INFO -    Total de queries testadas: 1
2026-02-15 20:43:28,284 - INFO -    Queries com sucesso: 0
2026-02-15 20:43:28,429 - INFO - ✅ IFMS: 500 repositórios
2026-02-15 20:43:28,432 - INFO -    Palavras-chave: trabalho, ifmslego, sistema, desenvolvimento, site, aula, projeto, ifms, github, curso
2026-02-15 20:43:31,434 - INFO - 
============================================================
2026-02-15 20:43:31,434 - INFO - 🏛️  Processando IFMS - Campus Coxim
2026-02-15 20:43:31,434 - INFO - ============================================================
2026-02-15 20:43:31,434 - INFO - 
🔄 Iteração 1/3 para IFMS
2026-02-15 20:43:31,434 - INFO -   🔎 Testando: "ifms"
2026-02-15 20:43:49,442 - INFO -      ✅ 500 resultados (eficiência: 0.30)
2026-02-15 20:43:52,446 - INFO - 
🔄 Iteração 2/3 para IFMS
2026-02-15 20:43:52,447 - INFO -   ⚠️ Sem novas queries para testar
2026-02-15 20:43:52,448 - INFO - 
📊 Métricas finais para IFMS:
2026-02-15 20:43:52,448 - INFO -    Total de queries testadas: 1
2026-02-15 20:43:52,449 - INFO -    Queries com sucesso: 0
2026-02-15 20:43:52,585 - INFO - ✅ IFMS: 500 repositórios
2026-02-15 20:43:52,587 - INFO -    Palavras-chave: trabalho, ifmslego, sistema, desenvolvimento, site, aula, projeto, ifms, github, curso
2026-02-15 20:43:55,589 - INFO - 
============================================================
2026-02-15 20:43:55,589 - INFO - 🏛️  Processando IFMS - Campus Ponta Porã
2026-02-15 20:43:55,590 - INFO - ============================================================
2026-02-15 20:43:55,590 - INFO - 
🔄 Iteração 1/3 para IFMS
2026-02-15 20:43:55,590 - INFO -   🔎 Testando: "ifms"
2026-02-15 20:44:11,370 - INFO -      ✅ 500 resultados (eficiência: 0.30)
2026-02-15 20:44:12,371 - INFO -   🔎 Testando: "campus ponta"
2026-02-15 20:44:13,738 - INFO -      ✅ 21 resultados (eficiência: 0.06)
2026-02-15 20:44:16,741 - INFO - 
🔄 Iteração 2/3 para IFMS
2026-02-15 20:44:16,741 - INFO -   ⚠️ Sem novas queries para testar
2026-02-15 20:44:16,742 - INFO - 
📊 Métricas finais para IFMS:
2026-02-15 20:44:16,742 - INFO -    Total de queries testadas: 2
2026-02-15 20:44:16,742 - INFO -    Queries com sucesso: 0
2026-02-15 20:44:16,903 - INFO - ✅ IFMS: 520 repositórios
2026-02-15 20:44:16,906 - INFO -    Palavras-chave: trabalho, ifmslego, sistema, site, aula, projeto, ifms, github, curso, ponta
2026-02-15 20:44:19,927 - INFO - 
============================================================
2026-02-15 20:44:19,927 - INFO - 🏛️  Processando IFMS - Campus Amambai
2026-02-15 20:44:19,927 - INFO - ============================================================
2026-02-15 20:44:19,927 - INFO - 
🔄 Iteração 1/3 para IFMS
2026-02-15 20:44:19,927 - INFO -   🔎 Testando: "ifms"
2026-02-15 20:44:35,216 - INFO -      ✅ 500 resultados (eficiência: 0.30)
2026-02-15 20:44:38,217 - INFO - 
🔄 Iteração 2/3 para IFMS
2026-02-15 20:44:38,218 - INFO -   ⚠️ Sem novas queries para testar
2026-02-15 20:44:38,219 - INFO - 
📊 Métricas finais para IFMS:
2026-02-15 20:44:38,219 - INFO -    Total de queries testadas: 1
2026-02-15 20:44:38,219 - INFO -    Queries com sucesso: 0
2026-02-15 20:44:38,355 - INFO - ✅ IFMS: 500 repositórios
2026-02-15 20:44:38,356 - INFO -    Palavras-chave: trabalho, ifmslego, sistema, desenvolvimento, site, aula, projeto, ifms, github, curso
2026-02-15 20:44:41,357 - INFO - 
============================================================
2026-02-15 20:44:41,357 - INFO - 🏛️  Processando IFMS - Campus Jardim
2026-02-15 20:44:41,357 - INFO - ============================================================
2026-02-15 20:44:41,358 - INFO - 
🔄 Iteração 1/3 para IFMS
2026-02-15 20:44:41,358 - INFO -   🔎 Testando: "ifms"
2026-02-15 20:44:58,421 - INFO -      ✅ 500 resultados (eficiência: 0.30)
2026-02-15 20:45:01,424 - INFO - 
🔄 Iteração 2/3 para IFMS
2026-02-15 20:45:01,424 - INFO -   ⚠️ Sem novas queries para testar
2026-02-15 20:45:01,424 - INFO - 
📊 Métricas finais para IFMS:
2026-02-15 20:45:01,424 - INFO -    Total de queries testadas: 1
2026-02-15 20:45:01,424 - INFO -    Queries com sucesso: 0
2026-02-15 20:45:01,507 - INFO - ✅ IFMS: 500 repositórios
2026-02-15 20:45:01,507 - INFO -    Palavras-chave: trabalho, ifmslego, sistema, desenvolvimento, site, aula, projeto, ifms, github, curso
2026-02-15 20:45:04,509 - INFO - 
============================================================
2026-02-15 20:45:04,510 - INFO - 🏛️  Processando IFMS - Campus Maracaju
2026-02-15 20:45:04,510 - INFO - ============================================================
2026-02-15 20:45:04,510 - INFO - 
🔄 Iteração 1/3 para IFMS
2026-02-15 20:45:04,510 - INFO -   🔎 Testando: "ifms"
2026-02-15 20:45:20,846 - INFO -      ✅ 500 resultados (eficiência: 0.30)
2026-02-15 20:45:23,849 - INFO - 
🔄 Iteração 2/3 para IFMS
2026-02-15 20:45:23,849 - INFO -   ⚠️ Sem novas queries para testar
2026-02-15 20:45:23,849 - INFO - 
📊 Métricas finais para IFMS:
2026-02-15 20:45:23,849 - INFO -    Total de queries testadas: 1
2026-02-15 20:45:23,850 - INFO -    Queries com sucesso: 0
2026-02-15 20:45:23,901 - INFO - ✅ IFMS: 500 repositórios
2026-02-15 20:45:23,903 - INFO -    Palavras-chave: trabalho, ifmslego, sistema, desenvolvimento, site, aula, projeto, ifms, github, curso
2026-02-15 20:45:26,909 - INFO - 
============================================================
2026-02-15 20:45:26,909 - INFO - 🏛️  Processando IFMS - Campus Naviraí
2026-02-15 20:45:26,909 - INFO - ============================================================
2026-02-15 20:45:26,909 - INFO - 
🔄 Iteração 1/3 para IFMS
2026-02-15 20:45:26,909 - INFO -   🔎 Testando: "ifms"
2026-02-15 20:45:41,931 - INFO -      ✅ 500 resultados (eficiência: 0.30)
2026-02-15 20:45:44,933 - INFO - 
🔄 Iteração 2/3 para IFMS
2026-02-15 20:45:44,933 - INFO -   ⚠️ Sem novas queries para testar
2026-02-15 20:45:44,933 - INFO - 
📊 Métricas finais para IFMS:
2026-02-15 20:45:44,934 - INFO -    Total de queries testadas: 1
2026-02-15 20:45:44,934 - INFO -    Queries com sucesso: 0
2026-02-15 20:45:44,989 - INFO - ✅ IFMS: 500 repositórios
2026-02-15 20:45:44,990 - INFO -    Palavras-chave: trabalho, ifmslego, sistema, desenvolvimento, site, aula, projeto, ifms, github, curso
2026-02-15 20:45:47,993 - INFO - 
============================================================
2026-02-15 20:45:47,993 - INFO - 🏛️  Processando IFMS - Campus Paranaíba
2026-02-15 20:45:47,993 - INFO - ============================================================
2026-02-15 20:45:47,993 - INFO - 
🔄 Iteração 1/3 para IFMS
2026-02-15 20:45:47,993 - INFO -   🔎 Testando: "ifms"
2026-02-15 20:46:02,181 - INFO -      ✅ 500 resultados (eficiência: 0.30)
2026-02-15 20:46:05,185 - INFO - 
🔄 Iteração 2/3 para IFMS
2026-02-15 20:46:05,185 - INFO -   ⚠️ Sem novas queries para testar
2026-02-15 20:46:05,185 - INFO - 
📊 Métricas finais para IFMS:
2026-02-15 20:46:05,186 - INFO -    Total de queries testadas: 1
2026-02-15 20:46:05,186 - INFO -    Queries com sucesso: 0
2026-02-15 20:46:05,295 - INFO - ✅ IFMS: 500 repositórios
2026-02-15 20:46:05,300 - INFO -    Palavras-chave: trabalho, ifmslego, sistema, desenvolvimento, site, aula, projeto, ifms, github, curso
2026-02-15 20:46:08,305 - INFO - 
============================================================
2026-02-15 20:46:08,305 - INFO - 🏛️  Processando IFMS - Campus Rio Brilhante
2026-02-15 20:46:08,306 - INFO - ============================================================
2026-02-15 20:46:08,306 - INFO - 
🔄 Iteração 1/3 para IFMS
2026-02-15 20:46:08,306 - INFO -   🔎 Testando: "ifms"
2026-02-15 20:46:23,615 - INFO -      ✅ 500 resultados (eficiência: 0.30)
2026-02-15 20:46:24,617 - INFO -   🔎 Testando: "campus rio"
2026-02-15 20:46:29,232 - INFO -      ✅ 143 resultados (eficiência: 0.30)
2026-02-15 20:46:32,235 - INFO - 
🔄 Iteração 2/3 para IFMS
2026-02-15 20:46:32,235 - INFO -   ⚠️ Sem novas queries para testar
2026-02-15 20:46:32,236 - INFO - 
📊 Métricas finais para IFMS:
2026-02-15 20:46:32,236 - INFO -    Total de queries testadas: 2
2026-02-15 20:46:32,236 - INFO -    Queries com sucesso: 0
2026-02-15 20:46:32,285 - INFO - ✅ IFMS: 643 repositórios
2026-02-15 20:46:32,286 - INFO -    Palavras-chave: trabalho, ifmslego, projeto, aula, ifms, federal, curso, grande, para, sistemas
2026-02-15 20:46:35,290 - INFO - 
============================================================
2026-02-15 20:46:35,290 - INFO - 🏛️  Processando IFMS - Campus São Gabriel do Oeste
2026-02-15 20:46:35,290 - INFO - ============================================================
2026-02-15 20:46:35,291 - INFO - 
🔄 Iteração 1/3 para IFMS
2026-02-15 20:46:35,291 - INFO -   🔎 Testando: "ifms"
2026-02-15 20:46:51,626 - INFO -      ✅ 500 resultados (eficiência: 0.30)
2026-02-15 20:46:52,627 - INFO -   🔎 Testando: "campus são"
2026-02-15 20:47:01,447 - INFO -      ✅ 268 resultados (eficiência: 0.30)
2026-02-15 20:47:04,458 - INFO - 
🔄 Iteração 2/3 para IFMS
2026-02-15 20:47:04,458 - INFO -   ⚠️ Sem novas queries para testar
2026-02-15 20:47:04,459 - INFO - 
📊 Métricas finais para IFMS:
2026-02-15 20:47:04,459 - INFO -    Total de queries testadas: 2
2026-02-15 20:47:04,459 - INFO -    Queries com sucesso: 0
2026-02-15 20:47:04,576 - INFO - ✅ IFMS: 768 repositórios
2026-02-15 20:47:04,577 - INFO -    Palavras-chave: instituto, ifsp, projeto, aula, ifms, federal, curso, paulo, para, sistemas
2026-02-15 20:47:07,577 - INFO - 
============================================================
2026-02-15 20:47:07,577 - INFO - 🏛️  Processando IFMS - Campus Sidrolândia
2026-02-15 20:47:07,577 - INFO - ============================================================
2026-02-15 20:47:07,577 - INFO - 
🔄 Iteração 1/3 para IFMS
2026-02-15 20:47:07,577 - INFO -   🔎 Testando: "ifms"
2026-02-15 20:47:22,163 - INFO -      ✅ 500 resultados (eficiência: 0.30)
2026-02-15 20:47:25,167 - INFO - 
🔄 Iteração 2/3 para IFMS
2026-02-15 20:47:25,167 - INFO -   ⚠️ Sem novas queries para testar
2026-02-15 20:47:25,167 - INFO - 
📊 Métricas finais para IFMS:
2026-02-15 20:47:25,167 - INFO -    Total de queries testadas: 1
2026-02-15 20:47:25,168 - INFO -    Queries com sucesso: 0
2026-02-15 20:47:25,213 - INFO - ✅ IFMS: 500 repositórios
2026-02-15 20:47:25,214 - INFO -    Palavras-chave: trabalho, ifmslego, sistema, desenvolvimento, site, aula, projeto, ifms, github, curso
2026-02-15 20:47:28,217 - INFO - 
============================================================
2026-02-15 20:47:28,217 - INFO - 🏛️  Processando IFMT - Campus Cuiabá
2026-02-15 20:47:28,217 - INFO - ============================================================
2026-02-15 20:47:28,218 - INFO - 
🔄 Iteração 1/3 para IFMT
2026-02-15 20:47:28,218 - INFO -   🔎 Testando: "ifmt"
2026-02-15 20:47:44,587 - INFO -      ✅ 452 resultados (eficiência: 0.30)
2026-02-15 20:47:47,589 - INFO - 
🔄 Iteração 2/3 para IFMT
2026-02-15 20:47:47,590 - INFO -   ⚠️ Sem novas queries para testar
2026-02-15 20:47:47,591 - INFO - 
📊 Métricas finais para IFMT:
2026-02-15 20:47:47,591 - INFO -    Total de queries testadas: 1
2026-02-15 20:47:47,591 - INFO -    Queries com sucesso: 0
2026-02-15 20:47:47,689 - INFO - ✅ IFMT: 452 repositórios
2026-02-15 20:47:47,689 - INFO -    Palavras-chave: sala, sistema, projeto, aula, github, curso, para, sistemas, campus, atividades
2026-02-15 20:47:50,693 - INFO - 
============================================================
2026-02-15 20:47:50,693 - INFO - 🏛️  Processando IFMT - Campus Cáceres
2026-02-15 20:47:50,693 - INFO - ============================================================
2026-02-15 20:47:50,693 - INFO - 
🔄 Iteração 1/3 para IFMT
2026-02-15 20:47:50,693 - INFO -   🔎 Testando: "ifmt"
2026-02-15 20:48:06,423 - INFO -      ✅ 452 resultados (eficiência: 0.30)
2026-02-15 20:48:09,426 - INFO - 
🔄 Iteração 2/3 para IFMT
2026-02-15 20:48:09,427 - INFO -   ⚠️ Sem novas queries para testar
2026-02-15 20:48:09,428 - INFO - 
📊 Métricas finais para IFMT:
2026-02-15 20:48:09,429 - INFO -    Total de queries testadas: 1
2026-02-15 20:48:09,429 - INFO -    Queries com sucesso: 0
2026-02-15 20:48:09,565 - INFO - ✅ IFMT: 452 repositórios
2026-02-15 20:48:09,568 - INFO -    Palavras-chave: sala, sistema, projeto, aula, github, curso, para, sistemas, campus, atividades
2026-02-15 20:48:12,574 - INFO - 
============================================================
2026-02-15 20:48:12,574 - INFO - 🏛️  Processando IFMT - Campus Confresa
2026-02-15 20:48:12,574 - INFO - ============================================================
2026-02-15 20:48:12,574 - INFO - 
🔄 Iteração 1/3 para IFMT
2026-02-15 20:48:12,574 - INFO -   🔎 Testando: "ifmt"
2026-02-15 20:48:28,938 - INFO -      ✅ 452 resultados (eficiência: 0.30)
2026-02-15 20:48:31,943 - INFO - 
🔄 Iteração 2/3 para IFMT
2026-02-15 20:48:31,944 - INFO -   ⚠️ Sem novas queries para testar
2026-02-15 20:48:31,945 - INFO - 
📊 Métricas finais para IFMT:
2026-02-15 20:48:31,946 - INFO -    Total de queries testadas: 1
2026-02-15 20:48:31,946 - INFO -    Queries com sucesso: 0
2026-02-15 20:48:32,070 - INFO - ✅ IFMT: 452 repositórios
2026-02-15 20:48:32,071 - INFO -    Palavras-chave: sala, sistema, projeto, aula, github, curso, para, sistemas, campus, atividades
2026-02-15 20:48:35,073 - INFO - 
============================================================
2026-02-15 20:48:35,073 - INFO - 🏛️  Processando IFMT - Campus Pontes e Lacerda
2026-02-15 20:48:35,073 - INFO - ============================================================
2026-02-15 20:48:35,073 - INFO - 
🔄 Iteração 1/3 para IFMT
2026-02-15 20:48:35,073 - INFO -   🔎 Testando: "campus pontes"
2026-02-15 20:48:35,530 - INFO -      ✅ 0 resultados (eficiência: 0.00)
2026-02-15 20:48:36,537 - INFO -   🔎 Testando: "ifmt"
2026-02-15 20:48:50,263 - INFO -      ✅ 452 resultados (eficiência: 0.30)
2026-02-15 20:48:53,268 - INFO - 
🔄 Iteração 2/3 para IFMT
2026-02-15 20:48:53,269 - INFO -   ⚠️ Sem novas queries para testar
2026-02-15 20:48:53,270 - INFO - 
📊 Métricas finais para IFMT:
2026-02-15 20:48:53,270 - INFO -    Total de queries testadas: 2
2026-02-15 20:48:53,271 - INFO -    Queries com sucesso: 0
2026-02-15 20:48:53,316 - INFO - ✅ IFMT: 452 repositórios
2026-02-15 20:48:53,316 - INFO -    Palavras-chave: sala, sistema, projeto, aula, github, curso, para, sistemas, campus, atividades
2026-02-15 20:48:56,321 - INFO - 
============================================================
2026-02-15 20:48:56,321 - INFO - 🏛️  Processando IFMT - Campus Barra do Garças
2026-02-15 20:48:56,321 - INFO - ============================================================
2026-02-15 20:48:56,321 - INFO - 
🔄 Iteração 1/3 para IFMT
2026-02-15 20:48:56,321 - INFO -   🔎 Testando: "campus barra"
2026-02-15 20:48:57,055 - INFO -      ✅ 4 resultados (eficiência: 0.01)
2026-02-15 20:48:58,056 - INFO -   🔎 Testando: "ifmt"
2026-02-15 20:49:11,620 - INFO -      ✅ 452 resultados (eficiência: 0.30)
2026-02-15 20:49:14,623 - INFO - 
🔄 Iteração 2/3 para IFMT
2026-02-15 20:49:14,623 - INFO -   ⚠️ Sem novas queries para testar
2026-02-15 20:49:14,623 - INFO - 
📊 Métricas finais para IFMT:
2026-02-15 20:49:14,624 - INFO -    Total de queries testadas: 2
2026-02-15 20:49:14,624 - INFO -    Queries com sucesso: 0
2026-02-15 20:49:14,659 - INFO - ✅ IFMT: 455 repositórios
2026-02-15 20:49:14,659 - INFO -    Palavras-chave: sala, sistema, projeto, aula, github, curso, para, sistemas, realizadas, campus
2026-02-15 20:49:17,662 - INFO - 
============================================================
2026-02-15 20:49:17,662 - INFO - 🏛️  Processando IFMT - Campus Juína
2026-02-15 20:49:17,663 - INFO - ============================================================
2026-02-15 20:49:17,663 - INFO - 
🔄 Iteração 1/3 para IFMT
2026-02-15 20:49:17,663 - INFO -   🔎 Testando: "ifmt"
2026-02-15 20:49:31,315 - INFO -      ✅ 452 resultados (eficiência: 0.30)
2026-02-15 20:49:34,317 - INFO - 
🔄 Iteração 2/3 para IFMT
2026-02-15 20:49:34,318 - INFO -   ⚠️ Sem novas queries para testar
2026-02-15 20:49:34,319 - INFO - 
📊 Métricas finais para IFMT:
2026-02-15 20:49:34,320 - INFO -    Total de queries testadas: 1
2026-02-15 20:49:34,320 - INFO -    Queries com sucesso: 0
2026-02-15 20:49:34,374 - INFO - ✅ IFMT: 452 repositórios
2026-02-15 20:49:34,374 - INFO -    Palavras-chave: sala, sistema, projeto, aula, github, curso, para, sistemas, campus, atividades
2026-02-15 20:49:37,378 - INFO - 
============================================================
2026-02-15 20:49:37,378 - INFO - 🏛️  Processando IFMT - Campus São Vicente
2026-02-15 20:49:37,378 - INFO - ============================================================
2026-02-15 20:49:37,378 - INFO - 
🔄 Iteração 1/3 para IFMT
2026-02-15 20:49:37,378 - INFO -   🔎 Testando: "campus são"
2026-02-15 20:49:45,125 - INFO -      ✅ 268 resultados (eficiência: 0.30)
2026-02-15 20:49:46,127 - INFO -   🔎 Testando: "ifmt"
2026-02-15 20:50:00,968 - INFO -      ✅ 452 resultados (eficiência: 0.30)
2026-02-15 20:50:03,971 - INFO - 
🔄 Iteração 2/3 para IFMT
2026-02-15 20:50:03,972 - INFO -   ⚠️ Sem novas queries para testar
2026-02-15 20:50:03,972 - INFO - 
📊 Métricas finais para IFMT:
2026-02-15 20:50:03,972 - INFO -    Total de queries testadas: 2
2026-02-15 20:50:03,972 - INFO -    Queries com sucesso: 0
2026-02-15 20:50:04,066 - INFO - ✅ IFMT: 719 repositórios
2026-02-15 20:50:04,067 - INFO -    Palavras-chave: desenvolvido, instituto, engenharia, ifsp, projeto, federal, curso, paulo, para, sistemas
2026-02-15 20:50:07,069 - INFO - 
============================================================
2026-02-15 20:50:07,069 - INFO - 🏛️  Processando IFMT - Campus Bela Vista
2026-02-15 20:50:07,069 - INFO - ============================================================
2026-02-15 20:50:07,069 - INFO - 
🔄 Iteração 1/3 para IFMT
2026-02-15 20:50:07,069 - INFO -   🔎 Testando: "ifmt"
2026-02-15 20:50:20,764 - INFO -      ✅ 452 resultados (eficiência: 0.30)
2026-02-15 20:50:21,765 - INFO -   🔎 Testando: "campus bela"
2026-02-15 20:50:22,363 - INFO -      ✅ 0 resultados (eficiência: 0.00)
2026-02-15 20:50:25,368 - INFO - 
🔄 Iteração 2/3 para IFMT
2026-02-15 20:50:25,369 - INFO -   ⚠️ Sem novas queries para testar
2026-02-15 20:50:25,370 - INFO - 
📊 Métricas finais para IFMT:
2026-02-15 20:50:25,371 - INFO -    Total de queries testadas: 2
2026-02-15 20:50:25,371 - INFO -    Queries com sucesso: 0
2026-02-15 20:50:25,441 - INFO - ✅ IFMT: 452 repositórios
2026-02-15 20:50:25,441 - INFO -    Palavras-chave: sala, sistema, projeto, aula, github, curso, para, sistemas, campus, atividades
2026-02-15 20:50:28,445 - INFO - 
============================================================
2026-02-15 20:50:28,446 - INFO - 🏛️  Processando IFMT - Campus Rondonópolis
2026-02-15 20:50:28,446 - INFO - ============================================================
2026-02-15 20:50:28,446 - INFO - 
🔄 Iteração 1/3 para IFMT
2026-02-15 20:50:28,447 - INFO -   🔎 Testando: "ifmt"
2026-02-15 20:50:42,547 - INFO -      ✅ 452 resultados (eficiência: 0.30)
2026-02-15 20:50:45,550 - INFO - 
🔄 Iteração 2/3 para IFMT
2026-02-15 20:50:45,550 - INFO -   ⚠️ Sem novas queries para testar
2026-02-15 20:50:45,551 - INFO - 
📊 Métricas finais para IFMT:
2026-02-15 20:50:45,551 - INFO -    Total de queries testadas: 1
2026-02-15 20:50:45,551 - INFO -    Queries com sucesso: 0
2026-02-15 20:50:45,612 - INFO - ✅ IFMT: 452 repositórios
2026-02-15 20:50:45,612 - INFO -    Palavras-chave: sala, sistema, projeto, aula, github, curso, para, sistemas, campus, atividades
2026-02-15 20:50:48,614 - INFO - 
============================================================
2026-02-15 20:50:48,614 - INFO - 🏛️  Processando IFMT - Campus Campo Novo do Parecis
2026-02-15 20:50:48,615 - INFO - ============================================================
2026-02-15 20:50:48,615 - INFO - 
🔄 Iteração 1/3 para IFMT
2026-02-15 20:50:48,615 - INFO -   🔎 Testando: "ifmt"
2026-02-15 20:51:01,212 - INFO -      ✅ 452 resultados (eficiência: 0.30)
2026-02-15 20:51:02,213 - INFO -   🔎 Testando: "campus campo"
2026-02-15 20:51:04,271 - INFO -      ✅ 44 resultados (eficiência: 0.13)
2026-02-15 20:51:07,275 - INFO - 
🔄 Iteração 2/3 para IFMT
2026-02-15 20:51:07,276 - INFO -   ⚠️ Sem novas queries para testar
2026-02-15 20:51:07,276 - INFO - 
📊 Métricas finais para IFMT:
2026-02-15 20:51:07,276 - INFO -    Total de queries testadas: 2
2026-02-15 20:51:07,276 - INFO -    Queries com sucesso: 0
2026-02-15 20:51:07,327 - INFO - ✅ IFMT: 496 repositórios
2026-02-15 20:51:07,328 - INFO -    Palavras-chave: sistema, sala, projeto, aula, github, curso, campo, para, sistemas, campus
2026-02-15 20:51:10,332 - INFO - 
============================================================
2026-02-15 20:51:10,333 - INFO - 🏛️  Processando IFMT - Campus Alta Floresta
2026-02-15 20:51:10,333 - INFO - ============================================================
2026-02-15 20:51:10,333 - INFO - 
🔄 Iteração 1/3 para IFMT
2026-02-15 20:51:10,334 - INFO -   🔎 Testando: "campus alta"
2026-02-15 20:51:10,967 - INFO -      ✅ 1 resultados (eficiência: 0.00)
2026-02-15 20:51:11,969 - INFO -   🔎 Testando: "ifmt"
2026-02-15 20:51:24,963 - INFO -      ✅ 452 resultados (eficiência: 0.30)
2026-02-15 20:51:27,965 - INFO - 
🔄 Iteração 2/3 para IFMT
2026-02-15 20:51:27,965 - INFO -   ⚠️ Sem novas queries para testar
2026-02-15 20:51:27,965 - INFO - 
📊 Métricas finais para IFMT:
2026-02-15 20:51:27,965 - INFO -    Total de queries testadas: 2
2026-02-15 20:51:27,966 - INFO -    Queries com sucesso: 0
2026-02-15 20:51:28,036 - INFO - ✅ IFMT: 453 repositórios
2026-02-15 20:51:28,038 - INFO -    Palavras-chave: sala, sistema, projeto, aula, github, curso, para, sistemas, campus, atividades
2026-02-15 20:51:31,043 - INFO - 
============================================================
2026-02-15 20:51:31,043 - INFO - 🏛️  Processando IFMT - Campus Campo Verde
2026-02-15 20:51:31,043 - INFO - ============================================================
2026-02-15 20:51:31,043 - INFO - 
🔄 Iteração 1/3 para IFMT
2026-02-15 20:51:31,043 - INFO -   🔎 Testando: "ifmt"
2026-02-15 20:51:44,514 - INFO -      ✅ 452 resultados (eficiência: 0.30)
2026-02-15 20:51:45,515 - INFO -   🔎 Testando: "campus campo"
2026-02-15 20:51:46,796 - INFO -      ✅ 44 resultados (eficiência: 0.13)
2026-02-15 20:51:49,799 - INFO - 
🔄 Iteração 2/3 para IFMT
2026-02-15 20:51:49,799 - INFO -   ⚠️ Sem novas queries para testar
2026-02-15 20:51:49,800 - INFO - 
📊 Métricas finais para IFMT:
2026-02-15 20:51:49,800 - INFO -    Total de queries testadas: 2
2026-02-15 20:51:49,800 - INFO -    Queries com sucesso: 0
2026-02-15 20:51:49,883 - INFO - ✅ IFMT: 496 repositórios
2026-02-15 20:51:49,884 - INFO -    Palavras-chave: sistema, sala, projeto, aula, github, curso, campo, para, sistemas, campus
2026-02-15 20:51:52,886 - INFO - 
============================================================
2026-02-15 20:51:52,886 - INFO - 🏛️  Processando IFMT - Campus Diamantino
2026-02-15 20:51:52,886 - INFO - ============================================================
2026-02-15 20:51:52,886 - INFO - 
🔄 Iteração 1/3 para IFMT
2026-02-15 20:51:52,886 - INFO -   🔎 Testando: "ifmt"
2026-02-15 20:52:05,922 - INFO -      ✅ 452 resultados (eficiência: 0.30)
2026-02-15 20:52:08,925 - INFO - 
🔄 Iteração 2/3 para IFMT
2026-02-15 20:52:08,925 - INFO -   ⚠️ Sem novas queries para testar
2026-02-15 20:52:08,925 - INFO - 
📊 Métricas finais para IFMT:
2026-02-15 20:52:08,925 - INFO -    Total de queries testadas: 1
2026-02-15 20:52:08,926 - INFO -    Queries com sucesso: 0
2026-02-15 20:52:08,959 - INFO - ✅ IFMT: 452 repositórios
2026-02-15 20:52:08,960 - INFO -    Palavras-chave: sala, sistema, projeto, aula, github, curso, para, sistemas, campus, atividades
2026-02-15 20:52:11,965 - INFO - 
============================================================
2026-02-15 20:52:11,965 - INFO - 🏛️  Processando IFMT - Campus Guarantã do Norte
2026-02-15 20:52:11,965 - INFO - ============================================================
2026-02-15 20:52:11,965 - INFO - 
🔄 Iteração 1/3 para IFMT
2026-02-15 20:52:11,965 - INFO -   🔎 Testando: "ifmt"
2026-02-15 20:52:25,260 - INFO -      ✅ 452 resultados (eficiência: 0.30)
2026-02-15 20:52:26,261 - INFO -   🔎 Testando: "campus guarantã"
2026-02-15 20:52:26,926 - INFO -      ✅ 0 resultados (eficiência: 0.00)
2026-02-15 20:52:29,930 - INFO - 
🔄 Iteração 2/3 para IFMT
2026-02-15 20:52:29,931 - INFO -   ⚠️ Sem novas queries para testar
2026-02-15 20:52:29,932 - INFO - 
📊 Métricas finais para IFMT:
2026-02-15 20:52:29,933 - INFO -    Total de queries testadas: 2
2026-02-15 20:52:29,934 - INFO -    Queries com sucesso: 0
2026-02-15 20:52:29,984 - INFO - ✅ IFMT: 452 repositórios
2026-02-15 20:52:29,985 - INFO -    Palavras-chave: sala, sistema, projeto, aula, github, curso, para, sistemas, campus, atividades
2026-02-15 20:52:32,988 - INFO - 
============================================================
2026-02-15 20:52:32,989 - INFO - 🏛️  Processando IFMT - Campus Jauru
2026-02-15 20:52:32,989 - INFO - ============================================================
2026-02-15 20:52:32,989 - INFO - 
🔄 Iteração 1/3 para IFMT
2026-02-15 20:52:32,989 - INFO -   🔎 Testando: "ifmt"
2026-02-15 20:52:45,534 - INFO -      ✅ 452 resultados (eficiência: 0.30)
2026-02-15 20:52:48,536 - INFO - 
🔄 Iteração 2/3 para IFMT
2026-02-15 20:52:48,536 - INFO -   ⚠️ Sem novas queries para testar
2026-02-15 20:52:48,537 - INFO - 
📊 Métricas finais para IFMT:
2026-02-15 20:52:48,537 - INFO -    Total de queries testadas: 1
2026-02-15 20:52:48,538 - INFO -    Queries com sucesso: 0
2026-02-15 20:52:48,626 - INFO - ✅ IFMT: 452 repositórios
2026-02-15 20:52:48,628 - INFO -    Palavras-chave: sala, sistema, projeto, aula, github, curso, para, sistemas, campus, atividades
2026-02-15 20:52:51,629 - INFO - 
============================================================
2026-02-15 20:52:51,629 - INFO - 🏛️  Processando IFMT - Campus Lucas do Rio Verde
2026-02-15 20:52:51,630 - INFO - ============================================================
2026-02-15 20:52:51,630 - INFO - 
🔄 Iteração 1/3 para IFMT
2026-02-15 20:52:51,630 - INFO -   🔎 Testando: "campus lucas"
2026-02-15 20:52:52,140 - INFO -      ✅ 0 resultados (eficiência: 0.00)
2026-02-15 20:52:53,141 - INFO -   🔎 Testando: "ifmt"
2026-02-15 20:53:06,057 - INFO -      ✅ 452 resultados (eficiência: 0.30)
2026-02-15 20:53:09,061 - INFO - 
🔄 Iteração 2/3 para IFMT
2026-02-15 20:53:09,062 - INFO -   ⚠️ Sem novas queries para testar
2026-02-15 20:53:09,063 - INFO - 
📊 Métricas finais para IFMT:
2026-02-15 20:53:09,064 - INFO -    Total de queries testadas: 2
2026-02-15 20:53:09,064 - INFO -    Queries com sucesso: 0
2026-02-15 20:53:09,156 - INFO - ✅ IFMT: 452 repositórios
2026-02-15 20:53:09,156 - INFO -    Palavras-chave: sala, sistema, projeto, aula, github, curso, para, sistemas, campus, atividades
2026-02-15 20:53:12,157 - INFO - 
============================================================
2026-02-15 20:53:12,157 - INFO - 🏛️  Processando IFMT - Campus Nova Mutum
2026-02-15 20:53:12,157 - INFO - ============================================================
2026-02-15 20:53:12,158 - INFO - 
🔄 Iteração 1/3 para IFMT
2026-02-15 20:53:12,158 - INFO -   🔎 Testando: "campus nova"
2026-02-15 20:53:13,390 - INFO -      ✅ 28 resultados (eficiência: 0.08)
2026-02-15 20:53:14,391 - INFO -   🔎 Testando: "ifmt"
2026-02-15 20:53:26,794 - INFO -      ✅ 452 resultados (eficiência: 0.30)
2026-02-15 20:53:29,797 - INFO - 
🔄 Iteração 2/3 para IFMT
2026-02-15 20:53:29,797 - INFO -   ⚠️ Sem novas queries para testar
2026-02-15 20:53:29,798 - INFO - 
📊 Métricas finais para IFMT:
2026-02-15 20:53:29,798 - INFO -    Total de queries testadas: 2
2026-02-15 20:53:29,798 - INFO -    Queries com sucesso: 0
2026-02-15 20:53:29,890 - INFO - ✅ IFMT: 480 repositórios
2026-02-15 20:53:29,890 - INFO -    Palavras-chave: nova, sala, sistema, projeto, aula, curso, para, sistemas, campus, atividades
2026-02-15 20:53:32,895 - INFO - 
============================================================
2026-02-15 20:53:32,895 - INFO - 🏛️  Processando IFMT - Campus Nova Xavantina
2026-02-15 20:53:32,895 - INFO - ============================================================
2026-02-15 20:53:32,895 - INFO - 
🔄 Iteração 1/3 para IFMT
2026-02-15 20:53:32,895 - INFO -   🔎 Testando: "campus nova"
2026-02-15 20:53:34,287 - INFO -      ✅ 28 resultados (eficiência: 0.08)
2026-02-15 20:53:35,288 - INFO -   🔎 Testando: "ifmt"
2026-02-15 20:53:48,534 - INFO -      ✅ 452 resultados (eficiência: 0.30)
2026-02-15 20:53:51,538 - INFO - 
🔄 Iteração 2/3 para IFMT
2026-02-15 20:53:51,539 - INFO -   ⚠️ Sem novas queries para testar
2026-02-15 20:53:51,539 - INFO - 
📊 Métricas finais para IFMT:
2026-02-15 20:53:51,540 - INFO -    Total de queries testadas: 2
2026-02-15 20:53:51,540 - INFO -    Queries com sucesso: 0
2026-02-15 20:53:51,601 - INFO - ✅ IFMT: 480 repositórios
2026-02-15 20:53:51,601 - INFO -    Palavras-chave: nova, sala, sistema, projeto, aula, curso, para, sistemas, campus, atividades
2026-02-15 20:53:54,605 - INFO - 
============================================================
2026-02-15 20:53:54,605 - INFO - 🏛️  Processando IFMT - Campus Primavera do Leste
2026-02-15 20:53:54,605 - INFO - ============================================================
2026-02-15 20:53:54,606 - INFO - 
🔄 Iteração 1/3 para IFMT
2026-02-15 20:53:54,606 - INFO -   🔎 Testando: "campus primavera"
2026-02-15 20:53:55,169 - INFO -      ✅ 2 resultados (eficiência: 0.01)
2026-02-15 20:53:56,171 - INFO -   🔎 Testando: "ifmt"
2026-02-15 20:54:09,473 - INFO -      ✅ 452 resultados (eficiência: 0.30)
2026-02-15 20:54:12,477 - INFO - 
🔄 Iteração 2/3 para IFMT
2026-02-15 20:54:12,477 - INFO -   ⚠️ Sem novas queries para testar
2026-02-15 20:54:12,478 - INFO - 
📊 Métricas finais para IFMT:
2026-02-15 20:54:12,478 - INFO -    Total de queries testadas: 2
2026-02-15 20:54:12,478 - INFO -    Queries com sucesso: 0
2026-02-15 20:54:12,570 - INFO - ✅ IFMT: 452 repositórios
2026-02-15 20:54:12,572 - INFO -    Palavras-chave: sala, sistema, projeto, aula, github, curso, para, sistemas, campus, atividades
2026-02-15 20:54:15,577 - INFO - 
============================================================
2026-02-15 20:54:15,577 - INFO - 🏛️  Processando IFMT - Campus Sorriso
2026-02-15 20:54:15,577 - INFO - ============================================================
2026-02-15 20:54:15,577 - INFO - 
🔄 Iteração 1/3 para IFMT
2026-02-15 20:54:15,577 - INFO -   🔎 Testando: "ifmt"
2026-02-15 20:54:28,668 - INFO -      ✅ 452 resultados (eficiência: 0.30)
2026-02-15 20:54:31,671 - INFO - 
🔄 Iteração 2/3 para IFMT
2026-02-15 20:54:31,671 - INFO -   ⚠️ Sem novas queries para testar
2026-02-15 20:54:31,671 - INFO - 
📊 Métricas finais para IFMT:
2026-02-15 20:54:31,672 - INFO -    Total de queries testadas: 1
2026-02-15 20:54:31,672 - INFO -    Queries com sucesso: 0
2026-02-15 20:54:31,712 - INFO - ✅ IFMT: 452 repositórios
2026-02-15 20:54:31,713 - INFO -    Palavras-chave: sala, sistema, projeto, aula, github, curso, para, sistemas, campus, atividades
2026-02-15 20:54:34,717 - INFO - 
============================================================
2026-02-15 20:54:34,717 - INFO - 🏛️  Processando IFTO - Campus Palmas
2026-02-15 20:54:34,717 - INFO - ============================================================
2026-02-15 20:54:34,718 - INFO - 
🔄 Iteração 1/3 para IFTO
2026-02-15 20:54:34,718 - INFO -   🔎 Testando: "ifto"
2026-02-15 20:54:53,038 - INFO -      ✅ 500 resultados (eficiência: 0.30)
2026-02-15 20:54:56,041 - INFO - 
🔄 Iteração 2/3 para IFTO
2026-02-15 20:54:56,041 - INFO -   ⚠️ Sem novas queries para testar
2026-02-15 20:54:56,042 - INFO - 
📊 Métricas finais para IFTO:
2026-02-15 20:54:56,042 - INFO -    Total de queries testadas: 1
2026-02-15 20:54:56,042 - INFO -    Queries com sucesso: 0
2026-02-15 20:54:56,088 - INFO - ✅ IFTO: 500 repositórios
2026-02-15 20:54:56,089 - INFO -    Palavras-chave: trabalho, ifto, projeto, web, curso, iftop, para, sistemas, campus, internet
2026-02-15 20:54:59,093 - INFO - 
============================================================
2026-02-15 20:54:59,093 - INFO - 🏛️  Processando IFTO - Campus Araguaína
2026-02-15 20:54:59,093 - INFO - ============================================================
2026-02-15 20:54:59,093 - INFO - 
🔄 Iteração 1/3 para IFTO
2026-02-15 20:54:59,093 - INFO -   🔎 Testando: "ifto"
2026-02-15 20:55:19,955 - INFO -      ✅ 500 resultados (eficiência: 0.30)
2026-02-15 20:55:22,957 - INFO - 
🔄 Iteração 2/3 para IFTO
2026-02-15 20:55:22,957 - INFO -   ⚠️ Sem novas queries para testar
2026-02-15 20:55:22,957 - INFO - 
📊 Métricas finais para IFTO:
2026-02-15 20:55:22,958 - INFO -    Total de queries testadas: 1
2026-02-15 20:55:22,958 - INFO -    Queries com sucesso: 0
2026-02-15 20:55:23,005 - INFO - ✅ IFTO: 500 repositórios
2026-02-15 20:55:23,006 - INFO -    Palavras-chave: trabalho, ifto, projeto, web, curso, iftop, para, sistemas, campus, internet
2026-02-15 20:55:26,009 - INFO - 
============================================================
2026-02-15 20:55:26,009 - INFO - 🏛️  Processando IFTO - Campus Araguatins
2026-02-15 20:55:26,010 - INFO - ============================================================
2026-02-15 20:55:26,010 - INFO - 
🔄 Iteração 1/3 para IFTO
2026-02-15 20:55:26,010 - INFO -   🔎 Testando: "ifto"
2026-02-15 20:55:42,435 - INFO -      ✅ 500 resultados (eficiência: 0.30)
2026-02-15 20:55:45,437 - INFO - 
🔄 Iteração 2/3 para IFTO
2026-02-15 20:55:45,437 - INFO -   ⚠️ Sem novas queries para testar
2026-02-15 20:55:45,438 - INFO - 
📊 Métricas finais para IFTO:
2026-02-15 20:55:45,438 - INFO -    Total de queries testadas: 1
2026-02-15 20:55:45,438 - INFO -    Queries com sucesso: 0
2026-02-15 20:55:45,496 - INFO - ✅ IFTO: 500 repositórios
2026-02-15 20:55:45,496 - INFO -    Palavras-chave: trabalho, ifto, projeto, web, curso, iftop, para, sistemas, campus, internet
2026-02-15 20:55:48,497 - INFO - 
============================================================
2026-02-15 20:55:48,497 - INFO - 🏛️  Processando IFTO - Campus Gurupi
2026-02-15 20:55:48,497 - INFO - ============================================================
2026-02-15 20:55:48,498 - INFO - 
🔄 Iteração 1/3 para IFTO
2026-02-15 20:55:48,498 - INFO -   🔎 Testando: "ifto"
2026-02-15 20:56:04,204 - INFO -      ✅ 500 resultados (eficiência: 0.30)
2026-02-15 20:56:07,208 - INFO - 
🔄 Iteração 2/3 para IFTO
2026-02-15 20:56:07,209 - INFO -   ⚠️ Sem novas queries para testar
2026-02-15 20:56:07,209 - INFO - 
📊 Métricas finais para IFTO:
2026-02-15 20:56:07,209 - INFO -    Total de queries testadas: 1
2026-02-15 20:56:07,209 - INFO -    Queries com sucesso: 0
2026-02-15 20:56:07,268 - INFO - ✅ IFTO: 500 repositórios
2026-02-15 20:56:07,268 - INFO -    Palavras-chave: trabalho, ifto, projeto, web, curso, iftop, para, sistemas, campus, internet
2026-02-15 20:56:10,269 - INFO - 
============================================================
2026-02-15 20:56:10,269 - INFO - 🏛️  Processando IFTO - Campus Porto Nacional
2026-02-15 20:56:10,269 - INFO - ============================================================
2026-02-15 20:56:10,270 - INFO - 
🔄 Iteração 1/3 para IFTO
2026-02-15 20:56:10,270 - INFO -   🔎 Testando: "ifto"
2026-02-15 20:56:26,324 - INFO -      ✅ 500 resultados (eficiência: 0.30)
2026-02-15 20:56:27,325 - INFO -   🔎 Testando: "campus porto"
2026-02-15 20:56:28,532 - INFO -      ✅ 30 resultados (eficiência: 0.09)
2026-02-15 20:56:31,535 - INFO - 
🔄 Iteração 2/3 para IFTO
2026-02-15 20:56:31,536 - INFO -   ⚠️ Sem novas queries para testar
2026-02-15 20:56:31,537 - INFO - 
📊 Métricas finais para IFTO:
2026-02-15 20:56:31,537 - INFO -    Total de queries testadas: 2
2026-02-15 20:56:31,537 - INFO -    Queries com sucesso: 0
2026-02-15 20:56:31,641 - INFO - ✅ IFTO: 529 repositórios
2026-02-15 20:56:31,641 - INFO -    Palavras-chave: trabalho, sistema, ifto, projeto, web, curso, iftop, para, sistemas, porto
2026-02-15 20:56:34,645 - INFO - 
============================================================
2026-02-15 20:56:34,645 - INFO - 🏛️  Processando IFTO - Campus Paraíso do Tocantins
2026-02-15 20:56:34,645 - INFO - ============================================================
2026-02-15 20:56:34,645 - INFO - 
🔄 Iteração 1/3 para IFTO
2026-02-15 20:56:34,645 - INFO -   🔎 Testando: "ifto"
2026-02-15 20:56:49,689 - INFO -      ✅ 500 resultados (eficiência: 0.30)
2026-02-15 20:56:50,690 - INFO -   🔎 Testando: "campus paraíso"
2026-02-15 20:56:51,503 - INFO -      ✅ 11 resultados (eficiência: 0.03)
2026-02-15 20:56:54,505 - INFO - 
🔄 Iteração 2/3 para IFTO
2026-02-15 20:56:54,505 - INFO -   ⚠️ Sem novas queries para testar
2026-02-15 20:56:54,506 - INFO - 
📊 Métricas finais para IFTO:
2026-02-15 20:56:54,506 - INFO -    Total de queries testadas: 2
2026-02-15 20:56:54,506 - INFO -    Queries com sucesso: 0
2026-02-15 20:56:54,553 - INFO - ✅ IFTO: 502 repositórios
2026-02-15 20:56:54,554 - INFO -    Palavras-chave: trabalho, ifto, projeto, web, curso, iftop, para, sistemas, campus, internet
2026-02-15 20:56:57,558 - INFO - 
============================================================
2026-02-15 20:56:57,558 - INFO - 🏛️  Processando IFTO - Campus Formoso do Araguaia
2026-02-15 20:56:57,558 - INFO - ============================================================
2026-02-15 20:56:57,559 - INFO - 
🔄 Iteração 1/3 para IFTO
2026-02-15 20:56:57,559 - INFO -   🔎 Testando: "ifto"
2026-02-15 20:57:14,820 - INFO -      ✅ 500 resultados (eficiência: 0.30)
2026-02-15 20:57:15,821 - INFO -   🔎 Testando: "campus formoso"
2026-02-15 20:57:16,364 - INFO -      ✅ 0 resultados (eficiência: 0.00)
2026-02-15 20:57:19,365 - INFO - 
🔄 Iteração 2/3 para IFTO
2026-02-15 20:57:19,365 - INFO -   ⚠️ Sem novas queries para testar
2026-02-15 20:57:19,366 - INFO - 
📊 Métricas finais para IFTO:
2026-02-15 20:57:19,366 - INFO -    Total de queries testadas: 2
2026-02-15 20:57:19,366 - INFO -    Queries com sucesso: 0
2026-02-15 20:57:19,467 - INFO - ✅ IFTO: 500 repositórios
2026-02-15 20:57:19,467 - INFO -    Palavras-chave: trabalho, ifto, projeto, web, curso, iftop, para, sistemas, campus, internet
2026-02-15 20:57:22,471 - INFO - 
============================================================
2026-02-15 20:57:22,471 - INFO - 🏛️  Processando IFTO - Campus Lagoa da Confusão
2026-02-15 20:57:22,472 - INFO - ============================================================
2026-02-15 20:57:22,472 - INFO - 
🔄 Iteração 1/3 para IFTO
2026-02-15 20:57:22,472 - INFO -   🔎 Testando: "ifto"
2026-02-15 20:57:36,691 - INFO -      ✅ 500 resultados (eficiência: 0.30)
2026-02-15 20:57:37,692 - INFO -   🔎 Testando: "campus lagoa"
2026-02-15 20:57:38,378 - INFO -      ✅ 1 resultados (eficiência: 0.00)
2026-02-15 20:57:41,383 - INFO - 
🔄 Iteração 2/3 para IFTO
2026-02-15 20:57:41,384 - INFO -   ⚠️ Sem novas queries para testar
2026-02-15 20:57:41,385 - INFO - 
📊 Métricas finais para IFTO:
2026-02-15 20:57:41,386 - INFO -    Total de queries testadas: 2
2026-02-15 20:57:41,386 - INFO -    Queries com sucesso: 0
2026-02-15 20:57:41,497 - INFO - ✅ IFTO: 501 repositórios
2026-02-15 20:57:41,497 - INFO -    Palavras-chave: trabalho, ifto, projeto, web, curso, iftop, para, sistemas, campus, internet
2026-02-15 20:57:44,501 - INFO - 
============================================================
2026-02-15 20:57:44,502 - INFO - 🏛️  Processando IFTO - Campus Pedro Afonso
2026-02-15 20:57:44,502 - INFO - ============================================================
2026-02-15 20:57:44,502 - INFO - 
🔄 Iteração 1/3 para IFTO
2026-02-15 20:57:44,502 - INFO -   🔎 Testando: "ifto"
2026-02-15 20:57:59,032 - INFO -      ✅ 500 resultados (eficiência: 0.30)
2026-02-15 20:58:00,033 - INFO -   🔎 Testando: "campus pedro"
2026-02-15 20:58:00,816 - INFO -      ✅ 8 resultados (eficiência: 0.02)
2026-02-15 20:58:03,818 - INFO - 
🔄 Iteração 2/3 para IFTO
2026-02-15 20:58:03,819 - INFO -   ⚠️ Sem novas queries para testar
2026-02-15 20:58:03,819 - INFO - 
📊 Métricas finais para IFTO:
2026-02-15 20:58:03,819 - INFO -    Total de queries testadas: 2
2026-02-15 20:58:03,819 - INFO -    Queries com sucesso: 0
2026-02-15 20:58:03,887 - INFO - ✅ IFTO: 508 repositórios
2026-02-15 20:58:03,888 - INFO -    Palavras-chave: trabalho, ifto, projeto, web, curso, iftop, para, sistemas, campus, internet
2026-02-15 20:58:06,893 - INFO - 
============================================================
2026-02-15 20:58:06,893 - INFO - 🏛️  Processando IFTO - Campus Colinas do Tocantins
2026-02-15 20:58:06,893 - INFO - ============================================================
2026-02-15 20:58:06,893 - INFO - 
🔄 Iteração 1/3 para IFTO
2026-02-15 20:58:06,893 - INFO -   🔎 Testando: "ifto"
2026-02-15 20:58:21,255 - INFO -      ✅ 500 resultados (eficiência: 0.30)
2026-02-15 20:58:22,256 - INFO -   🔎 Testando: "campus colinas"
2026-02-15 20:58:23,028 - INFO -      ✅ 2 resultados (eficiência: 0.01)
2026-02-15 20:58:26,032 - INFO - 
🔄 Iteração 2/3 para IFTO
2026-02-15 20:58:26,033 - INFO -   ⚠️ Sem novas queries para testar
2026-02-15 20:58:26,034 - INFO - 
📊 Métricas finais para IFTO:
2026-02-15 20:58:26,034 - INFO -    Total de queries testadas: 2
2026-02-15 20:58:26,035 - INFO -    Queries com sucesso: 0
2026-02-15 20:58:26,154 - INFO - ✅ IFTO: 501 repositórios
2026-02-15 20:58:26,154 - INFO -    Palavras-chave: trabalho, ifto, projeto, web, curso, iftop, para, sistemas, campus, internet
2026-02-15 20:58:29,157 - INFO - 
============================================================
2026-02-15 20:58:29,157 - INFO - 🏛️  Processando IFTO - Campus Dianópolis
2026-02-15 20:58:29,157 - INFO - ============================================================
2026-02-15 20:58:29,158 - INFO - 
🔄 Iteração 1/3 para IFTO
2026-02-15 20:58:29,158 - INFO -   🔎 Testando: "ifto"
2026-02-15 20:58:43,668 - INFO -      ✅ 500 resultados (eficiência: 0.30)
2026-02-15 20:58:46,671 - INFO - 
🔄 Iteração 2/3 para IFTO
2026-02-15 20:58:46,671 - INFO -   ⚠️ Sem novas queries para testar
2026-02-15 20:58:46,672 - INFO - 
📊 Métricas finais para IFTO:
2026-02-15 20:58:46,672 - INFO -    Total de queries testadas: 1
2026-02-15 20:58:46,672 - INFO -    Queries com sucesso: 0
2026-02-15 20:58:46,721 - INFO - ✅ IFTO: 500 repositórios
2026-02-15 20:58:46,722 - INFO -    Palavras-chave: trabalho, ifto, projeto, web, curso, iftop, para, sistemas, campus, internet
2026-02-15 20:58:49,725 - INFO - 
============================================================
2026-02-15 20:58:49,725 - INFO - 🏛️  Processando IFFar - Campus Alegrete
2026-02-15 20:58:49,725 - INFO - ============================================================
2026-02-15 20:58:49,726 - INFO - 
🔄 Iteração 1/3 para IFFar
2026-02-15 20:58:49,726 - INFO -   🔎 Testando: "iffar"
2026-02-15 20:58:54,864 - INFO -      ✅ 150 resultados (eficiência: 0.30)
2026-02-15 20:58:57,867 - INFO - 
🔄 Iteração 2/3 para IFFar
2026-02-15 20:58:57,867 - INFO -   ⚠️ Sem novas queries para testar
2026-02-15 20:58:57,868 - INFO - 
📊 Métricas finais para IFFar:
2026-02-15 20:58:57,868 - INFO -    Total de queries testadas: 1
2026-02-15 20:58:57,868 - INFO -    Queries com sucesso: 0
2026-02-15 20:58:57,898 - INFO - ✅ IFFar: 150 repositórios
2026-02-15 20:58:57,899 - INFO -    Palavras-chave: iffar, semana, trabalho, site, projeto, dados, programação, curso, oficina, para
2026-02-15 20:59:00,901 - INFO - 
============================================================
2026-02-15 20:59:00,901 - INFO - 🏛️  Processando IFFar - Campus Santo Augusto
2026-02-15 20:59:00,901 - INFO - ============================================================
2026-02-15 20:59:00,901 - INFO - 
🔄 Iteração 1/3 para IFFar
2026-02-15 20:59:00,902 - INFO -   🔎 Testando: "iffar"
2026-02-15 20:59:06,285 - INFO -      ✅ 150 resultados (eficiência: 0.30)
2026-02-15 20:59:07,287 - INFO -   🔎 Testando: "campus santo"
2026-02-15 20:59:08,846 - INFO -      ✅ 23 resultados (eficiência: 0.07)
2026-02-15 20:59:11,849 - INFO - 
🔄 Iteração 2/3 para IFFar
2026-02-15 20:59:11,849 - INFO -   ⚠️ Sem novas queries para testar
2026-02-15 20:59:11,849 - INFO - 
📊 Métricas finais para IFFar:
2026-02-15 20:59:11,849 - INFO -    Total de queries testadas: 2
2026-02-15 20:59:11,849 - INFO -    Queries com sucesso: 0
2026-02-15 20:59:11,904 - INFO - ✅ IFFar: 173 repositórios
2026-02-15 20:59:11,905 - INFO -    Palavras-chave: iffar, semana, trabalho, site, projeto, dados, santo, amaro, curso, programação
2026-02-15 20:59:14,909 - INFO - 
============================================================
2026-02-15 20:59:14,909 - INFO - 🏛️  Processando IFFar - Campus São Vicente do Sul
2026-02-15 20:59:14,909 - INFO - ============================================================
2026-02-15 20:59:14,909 - INFO - 
🔄 Iteração 1/3 para IFFar
2026-02-15 20:59:14,909 - INFO -   🔎 Testando: "iffar"
2026-02-15 20:59:19,393 - INFO -      ✅ 150 resultados (eficiência: 0.30)
2026-02-15 20:59:20,395 - INFO -   🔎 Testando: "campus são"
2026-02-15 20:59:28,489 - INFO -      ✅ 268 resultados (eficiência: 0.30)
2026-02-15 20:59:31,493 - INFO - 
🔄 Iteração 2/3 para IFFar
2026-02-15 20:59:31,494 - INFO -   ⚠️ Sem novas queries para testar
2026-02-15 20:59:31,494 - INFO - 
📊 Métricas finais para IFFar:
2026-02-15 20:59:31,494 - INFO -    Total de queries testadas: 2
2026-02-15 20:59:31,494 - INFO -    Queries com sucesso: 0
2026-02-15 20:59:31,619 - INFO - ✅ IFFar: 416 repositórios
2026-02-15 20:59:31,620 - INFO -    Palavras-chave: iffar, instituto, engenharia, ifsp, projeto, federal, curso, paulo, para, sistemas
2026-02-15 20:59:34,622 - INFO - 
============================================================
2026-02-15 20:59:34,622 - INFO - 🏛️  Processando IFFar - Campus Júlio de Castilhos
2026-02-15 20:59:34,623 - INFO - ============================================================
2026-02-15 20:59:34,623 - INFO - 
🔄 Iteração 1/3 para IFFar
2026-02-15 20:59:34,623 - INFO -   🔎 Testando: "campus júlio"
2026-02-15 20:59:35,422 - INFO -      ✅ 3 resultados (eficiência: 0.01)
2026-02-15 20:59:36,426 - INFO -   🔎 Testando: "iffar"
2026-02-15 20:59:40,751 - INFO -      ✅ 150 resultados (eficiência: 0.30)
2026-02-15 20:59:43,753 - INFO - 
🔄 Iteração 2/3 para IFFar
2026-02-15 20:59:43,753 - INFO -   ⚠️ Sem novas queries para testar
2026-02-15 20:59:43,753 - INFO - 
📊 Métricas finais para IFFar:
2026-02-15 20:59:43,753 - INFO -    Total de queries testadas: 2
2026-02-15 20:59:43,754 - INFO -    Queries com sucesso: 0
2026-02-15 20:59:43,773 - INFO - ✅ IFFar: 151 repositórios
2026-02-15 20:59:43,773 - INFO -    Palavras-chave: iffar, semana, trabalho, sistema, site, projeto, dados, programação, curso, oficina
2026-02-15 20:59:46,777 - INFO - 
============================================================
2026-02-15 20:59:46,777 - INFO - 🏛️  Processando IFFar - Campus Panambi
2026-02-15 20:59:46,777 - INFO - ============================================================
2026-02-15 20:59:46,777 - INFO - 
🔄 Iteração 1/3 para IFFar
2026-02-15 20:59:46,778 - INFO -   🔎 Testando: "iffar"
2026-02-15 20:59:51,626 - INFO -      ✅ 150 resultados (eficiência: 0.30)
2026-02-15 20:59:54,629 - INFO - 
🔄 Iteração 2/3 para IFFar
2026-02-15 20:59:54,630 - INFO -   ⚠️ Sem novas queries para testar
2026-02-15 20:59:54,631 - INFO - 
📊 Métricas finais para IFFar:
2026-02-15 20:59:54,631 - INFO -    Total de queries testadas: 1
2026-02-15 20:59:54,631 - INFO -    Queries com sucesso: 0
2026-02-15 20:59:54,672 - INFO - ✅ IFFar: 150 repositórios
2026-02-15 20:59:54,672 - INFO -    Palavras-chave: iffar, semana, trabalho, site, projeto, dados, programação, curso, oficina, para
2026-02-15 20:59:57,673 - INFO - 
============================================================
2026-02-15 20:59:57,673 - INFO - 🏛️  Processando IFFar - Campus Santa Rosa
2026-02-15 20:59:57,673 - INFO - ============================================================
2026-02-15 20:59:57,673 - INFO - 
🔄 Iteração 1/3 para IFFar
2026-02-15 20:59:57,673 - INFO -   🔎 Testando: "iffar"
2026-02-15 21:00:02,074 - INFO -      ✅ 150 resultados (eficiência: 0.30)
2026-02-15 21:00:03,075 - INFO -   🔎 Testando: "campus santa"
2026-02-15 21:00:06,176 - INFO -      ✅ 47 resultados (eficiência: 0.14)
2026-02-15 21:00:09,177 - INFO - 
🔄 Iteração 2/3 para IFFar
2026-02-15 21:00:09,179 - INFO -   ⚠️ Sem novas queries para testar
2026-02-15 21:00:09,179 - INFO - 
📊 Métricas finais para IFFar:
2026-02-15 21:00:09,179 - INFO -    Total de queries testadas: 2
2026-02-15 21:00:09,180 - INFO -    Queries com sucesso: 0
2026-02-15 21:00:09,278 - INFO - ✅ IFFar: 196 repositórios
2026-02-15 21:00:09,278 - INFO -    Palavras-chave: iffar, santa, trabalho, semana, sistema, site, projeto, dados, campus santa, cruz
2026-02-15 21:00:12,282 - INFO - 
============================================================
2026-02-15 21:00:12,282 - INFO - 🏛️  Processando IFFar - Campus São Borja
2026-02-15 21:00:12,283 - INFO - ============================================================
2026-02-15 21:00:12,283 - INFO - 
🔄 Iteração 1/3 para IFFar
2026-02-15 21:00:12,283 - INFO -   🔎 Testando: "iffar"
2026-02-15 21:00:17,274 - INFO -      ✅ 150 resultados (eficiência: 0.30)
2026-02-15 21:00:18,276 - INFO -   🔎 Testando: "campus são"
2026-02-15 21:00:26,358 - INFO -      ✅ 268 resultados (eficiência: 0.30)
2026-02-15 21:00:29,361 - INFO - 
🔄 Iteração 2/3 para IFFar
2026-02-15 21:00:29,363 - INFO -   ⚠️ Sem novas queries para testar
2026-02-15 21:00:29,364 - INFO - 
📊 Métricas finais para IFFar:
2026-02-15 21:00:29,364 - INFO -    Total de queries testadas: 2
2026-02-15 21:00:29,365 - INFO -    Queries com sucesso: 0
2026-02-15 21:00:29,469 - INFO - ✅ IFFar: 416 repositórios
2026-02-15 21:00:29,470 - INFO -    Palavras-chave: iffar, instituto, engenharia, ifsp, projeto, federal, curso, paulo, para, sistemas
2026-02-15 21:00:32,473 - INFO - 
============================================================
2026-02-15 21:00:32,473 - INFO - 🏛️  Processando IFFar - Campus Frederico Westphalen
2026-02-15 21:00:32,473 - INFO - ============================================================
2026-02-15 21:00:32,473 - INFO - 
🔄 Iteração 1/3 para IFFar
2026-02-15 21:00:32,473 - INFO -   🔎 Testando: "iffar"
2026-02-15 21:00:37,109 - INFO -      ✅ 150 resultados (eficiência: 0.30)
2026-02-15 21:00:38,109 - INFO -   🔎 Testando: "campus frederico"
2026-02-15 21:00:39,017 - INFO -      ✅ 7 resultados (eficiência: 0.02)
2026-02-15 21:00:42,023 - INFO - 
🔄 Iteração 2/3 para IFFar
2026-02-15 21:00:42,023 - INFO -   ⚠️ Sem novas queries para testar
2026-02-15 21:00:42,023 - INFO - 
📊 Métricas finais para IFFar:
2026-02-15 21:00:42,024 - INFO -    Total de queries testadas: 2
2026-02-15 21:00:42,024 - INFO -    Queries com sucesso: 0
2026-02-15 21:00:42,062 - INFO - ✅ IFFar: 155 repositórios
2026-02-15 21:00:42,073 - INFO -    Palavras-chave: iffar, semana, trabalho, site, projeto, dados, programação, curso, oficina, para
2026-02-15 21:00:45,077 - INFO - 
============================================================
2026-02-15 21:00:45,079 - INFO - 🏛️  Processando IFFar - Campus Jaguari
2026-02-15 21:00:45,079 - INFO - ============================================================
2026-02-15 21:00:45,079 - INFO - 
🔄 Iteração 1/3 para IFFar
2026-02-15 21:00:45,079 - INFO -   🔎 Testando: "iffar"
2026-02-15 21:00:49,699 - INFO -      ✅ 150 resultados (eficiência: 0.30)
2026-02-15 21:00:52,703 - INFO - 
🔄 Iteração 2/3 para IFFar
2026-02-15 21:00:52,703 - INFO -   ⚠️ Sem novas queries para testar
2026-02-15 21:00:52,703 - INFO - 
📊 Métricas finais para IFFar:
2026-02-15 21:00:52,703 - INFO -    Total de queries testadas: 1
2026-02-15 21:00:52,703 - INFO -    Queries com sucesso: 0
2026-02-15 21:00:52,726 - INFO - ✅ IFFar: 150 repositórios
2026-02-15 21:00:52,726 - INFO -    Palavras-chave: iffar, semana, trabalho, site, projeto, dados, programação, curso, oficina, para
2026-02-15 21:00:55,730 - INFO - 
============================================================
2026-02-15 21:00:55,730 - INFO - 🏛️  Processando IFFar - Campus Santo Ângelo
2026-02-15 21:00:55,730 - INFO - ============================================================
2026-02-15 21:00:55,731 - INFO - 
🔄 Iteração 1/3 para IFFar
2026-02-15 21:00:55,731 - INFO -   🔎 Testando: "iffar"
2026-02-15 21:00:59,803 - INFO -      ✅ 150 resultados (eficiência: 0.30)
2026-02-15 21:01:00,803 - INFO -   🔎 Testando: "campus santo"
2026-02-15 21:01:01,981 - INFO -      ✅ 23 resultados (eficiência: 0.07)
2026-02-15 21:01:04,985 - INFO - 
🔄 Iteração 2/3 para IFFar
2026-02-15 21:01:04,985 - INFO -   ⚠️ Sem novas queries para testar
2026-02-15 21:01:04,985 - INFO - 
📊 Métricas finais para IFFar:
2026-02-15 21:01:04,985 - INFO -    Total de queries testadas: 2
2026-02-15 21:01:04,985 - INFO -    Queries com sucesso: 0
2026-02-15 21:01:05,056 - INFO - ✅ IFFar: 173 repositórios
2026-02-15 21:01:05,084 - INFO -    Palavras-chave: iffar, semana, trabalho, site, projeto, dados, santo, amaro, curso, programação
2026-02-15 21:01:08,085 - INFO - 
============================================================
2026-02-15 21:01:08,085 - INFO - 🏛️  Processando IFSul - Campus Avançado
2026-02-15 21:01:08,086 - INFO - ============================================================
2026-02-15 21:01:08,086 - INFO - 
🔄 Iteração 1/3 para IFSul
2026-02-15 21:01:08,086 - INFO -   🔎 Testando: "ifsul"
2026-02-15 21:01:26,688 - INFO -      ✅ 500 resultados (eficiência: 0.30)
2026-02-15 21:01:29,691 - INFO - 
🔄 Iteração 2/3 para IFSul
2026-02-15 21:01:29,692 - INFO -   ⚠️ Sem novas queries para testar
2026-02-15 21:01:29,692 - INFO - 
📊 Métricas finais para IFSul:
2026-02-15 21:01:29,692 - INFO -    Total de queries testadas: 1
2026-02-15 21:01:29,692 - INFO -    Queries com sucesso: 0
2026-02-15 21:01:29,754 - INFO - ✅ IFSul: 500 repositórios
2026-02-15 21:01:29,755 - INFO -    Palavras-chave: trabalho, ifsuldeminas, sistema, site, projeto, curso, ifsul, para, sistemas, semestre
2026-02-15 21:01:32,758 - INFO - 
============================================================
2026-02-15 21:01:32,758 - INFO - 🏛️  Processando IFSul - Campus Charqueadas
2026-02-15 21:01:32,759 - INFO - ============================================================
2026-02-15 21:01:32,759 - INFO - 
🔄 Iteração 1/3 para IFSul
2026-02-15 21:01:32,759 - INFO -   🔎 Testando: "ifsul"
2026-02-15 21:01:50,863 - INFO -      ✅ 500 resultados (eficiência: 0.30)
2026-02-15 21:01:53,867 - INFO - 
🔄 Iteração 2/3 para IFSul
2026-02-15 21:01:53,868 - INFO -   ⚠️ Sem novas queries para testar
2026-02-15 21:01:53,870 - INFO - 
📊 Métricas finais para IFSul:
2026-02-15 21:01:53,870 - INFO -    Total de queries testadas: 1
2026-02-15 21:01:53,870 - INFO -    Queries com sucesso: 0
2026-02-15 21:01:53,946 - INFO - ✅ IFSul: 500 repositórios
2026-02-15 21:01:53,947 - INFO -    Palavras-chave: trabalho, ifsuldeminas, sistema, site, projeto, curso, ifsul, para, sistemas, semestre
2026-02-15 21:01:56,950 - INFO - 
============================================================
2026-02-15 21:01:56,950 - INFO - 🏛️  Processando IFSul - Campus Gravataí
2026-02-15 21:01:56,950 - INFO - ============================================================
2026-02-15 21:01:56,950 - INFO - 
🔄 Iteração 1/3 para IFSul
2026-02-15 21:01:56,950 - INFO -   🔎 Testando: "ifsul"
2026-02-15 21:02:13,552 - INFO -      ✅ 500 resultados (eficiência: 0.30)
2026-02-15 21:02:16,555 - INFO - 
🔄 Iteração 2/3 para IFSul
2026-02-15 21:02:16,555 - INFO -   ⚠️ Sem novas queries para testar
2026-02-15 21:02:16,556 - INFO - 
📊 Métricas finais para IFSul:
2026-02-15 21:02:16,556 - INFO -    Total de queries testadas: 1
2026-02-15 21:02:16,556 - INFO -    Queries com sucesso: 0
2026-02-15 21:02:16,668 - INFO - ✅ IFSul: 500 repositórios
2026-02-15 21:02:16,668 - INFO -    Palavras-chave: trabalho, ifsuldeminas, sistema, site, projeto, curso, ifsul, para, sistemas, semestre
2026-02-15 21:02:19,670 - INFO - 
============================================================
2026-02-15 21:02:19,670 - INFO - 🏛️  Processando IFSul - Campus Gualba
2026-02-15 21:02:19,673 - INFO - ============================================================
2026-02-15 21:02:19,674 - INFO - 
🔄 Iteração 1/3 para IFSul
2026-02-15 21:02:19,674 - INFO -   🔎 Testando: "ifsul"
2026-02-15 21:02:35,565 - INFO -      ✅ 500 resultados (eficiência: 0.30)
2026-02-15 21:02:38,569 - INFO - 
🔄 Iteração 2/3 para IFSul
2026-02-15 21:02:38,569 - INFO -   ⚠️ Sem novas queries para testar
2026-02-15 21:02:38,569 - INFO - 
📊 Métricas finais para IFSul:
2026-02-15 21:02:38,570 - INFO -    Total de queries testadas: 1
2026-02-15 21:02:38,570 - INFO -    Queries com sucesso: 0
2026-02-15 21:02:38,616 - INFO - ✅ IFSul: 500 repositórios
2026-02-15 21:02:38,617 - INFO -    Palavras-chave: trabalho, ifsuldeminas, sistema, site, projeto, curso, ifsul, para, sistemas, semestre
2026-02-15 21:02:41,621 - INFO - 
============================================================
2026-02-15 21:02:41,621 - INFO - 🏛️  Processando IFSul - Campus Lajeado
2026-02-15 21:02:41,622 - INFO - ============================================================
2026-02-15 21:02:41,622 - INFO - 
🔄 Iteração 1/3 para IFSul
2026-02-15 21:02:41,622 - INFO -   🔎 Testando: "ifsul"
2026-02-15 21:02:56,390 - INFO -      ✅ 500 resultados (eficiência: 0.30)
2026-02-15 21:02:59,395 - INFO - 
🔄 Iteração 2/3 para IFSul
2026-02-15 21:02:59,396 - INFO -   ⚠️ Sem novas queries para testar
2026-02-15 21:02:59,397 - INFO - 
📊 Métricas finais para IFSul:
2026-02-15 21:02:59,397 - INFO -    Total de queries testadas: 1
2026-02-15 21:02:59,398 - INFO -    Queries com sucesso: 0
2026-02-15 21:02:59,468 - INFO - ✅ IFSul: 500 repositórios
2026-02-15 21:02:59,468 - INFO -    Palavras-chave: trabalho, ifsuldeminas, sistema, site, projeto, curso, ifsul, para, sistemas, semestre
2026-02-15 21:03:02,477 - INFO - 
============================================================
2026-02-15 21:03:02,477 - INFO - 🏛️  Processando IFSul - Campus Passo Fundo
2026-02-15 21:03:02,477 - INFO - ============================================================
2026-02-15 21:03:02,477 - INFO - 
🔄 Iteração 1/3 para IFSul
2026-02-15 21:03:02,477 - INFO -   🔎 Testando: "campus passo"
2026-02-15 21:03:03,607 - INFO -      ✅ 29 resultados (eficiência: 0.09)
2026-02-15 21:03:04,608 - INFO -   🔎 Testando: "ifsul"
2026-02-15 21:03:20,594 - INFO -      ✅ 500 resultados (eficiência: 0.30)
2026-02-15 21:03:23,598 - INFO - 
🔄 Iteração 2/3 para IFSul
2026-02-15 21:03:23,599 - INFO -   ⚠️ Sem novas queries para testar
2026-02-15 21:03:23,600 - INFO - 
📊 Métricas finais para IFSul:
2026-02-15 21:03:23,601 - INFO -    Total de queries testadas: 2
2026-02-15 21:03:23,601 - INFO -    Queries com sucesso: 0
2026-02-15 21:03:23,689 - INFO - ✅ IFSul: 527 repositórios
2026-02-15 21:03:23,690 - INFO -    Palavras-chave: trabalho, ifsuldeminas, sistema, site, projeto, curso, ifsul, para, sistemas, semestre
2026-02-15 21:03:26,694 - INFO - 
============================================================
2026-02-15 21:03:26,695 - INFO - 🏛️  Processando IFSul - Campus Santana do Livramento
2026-02-15 21:03:26,695 - INFO - ============================================================
2026-02-15 21:03:26,695 - INFO - 
🔄 Iteração 1/3 para IFSul
2026-02-15 21:03:26,695 - INFO -   🔎 Testando: "campus santana"
2026-02-15 21:03:27,360 - INFO -      ✅ 3 resultados (eficiência: 0.01)
2026-02-15 21:03:28,361 - INFO -   🔎 Testando: "ifsul"
2026-02-15 21:03:44,308 - INFO -      ✅ 500 resultados (eficiência: 0.30)
2026-02-15 21:03:47,312 - INFO - 
🔄 Iteração 2/3 para IFSul
2026-02-15 21:03:47,314 - INFO -   ⚠️ Sem novas queries para testar
2026-02-15 21:03:47,315 - INFO - 
📊 Métricas finais para IFSul:
2026-02-15 21:03:47,315 - INFO -    Total de queries testadas: 2
2026-02-15 21:03:47,316 - INFO -    Queries com sucesso: 0
2026-02-15 21:03:47,358 - INFO - ✅ IFSul: 502 repositórios
2026-02-15 21:03:47,358 - INFO -    Palavras-chave: trabalho, ifsuldeminas, sistema, site, projeto, curso, ifsul, para, sistemas, semestre
2026-02-15 21:03:50,361 - INFO - 
============================================================
2026-02-15 21:03:50,361 - INFO - 🏛️  Processando IFSul - Campus Sapiranga
2026-02-15 21:03:50,361 - INFO - ============================================================
2026-02-15 21:03:50,362 - INFO - 
🔄 Iteração 1/3 para IFSul
2026-02-15 21:03:50,362 - INFO -   🔎 Testando: "ifsul"
2026-02-15 21:04:07,025 - INFO -      ✅ 500 resultados (eficiência: 0.30)
2026-02-15 21:04:10,028 - INFO - 
🔄 Iteração 2/3 para IFSul
2026-02-15 21:04:10,029 - INFO -   ⚠️ Sem novas queries para testar
2026-02-15 21:04:10,031 - INFO - 
📊 Métricas finais para IFSul:
2026-02-15 21:04:10,031 - INFO -    Total de queries testadas: 1
2026-02-15 21:04:10,031 - INFO -    Queries com sucesso: 0
2026-02-15 21:04:10,075 - INFO - ✅ IFSul: 500 repositórios
2026-02-15 21:04:10,075 - INFO -    Palavras-chave: trabalho, ifsuldeminas, sistema, site, projeto, curso, ifsul, para, sistemas, semestre
2026-02-15 21:04:13,077 - INFO - 
============================================================
2026-02-15 21:04:13,077 - INFO - 🏛️  Processando IFSul - Campus Sapucaia do Sul
2026-02-15 21:04:13,077 - INFO - ============================================================
2026-02-15 21:04:13,077 - INFO - 
🔄 Iteração 1/3 para IFSul
2026-02-15 21:04:13,077 - INFO -   🔎 Testando: "campus sapucaia"
2026-02-15 21:04:14,376 - INFO -      ✅ 20 resultados (eficiência: 0.06)
2026-02-15 21:04:15,378 - INFO -   🔎 Testando: "ifsul"
2026-02-15 21:04:30,128 - INFO -      ✅ 500 resultados (eficiência: 0.30)
2026-02-15 21:04:33,132 - INFO - 
🔄 Iteração 2/3 para IFSul
2026-02-15 21:04:33,133 - INFO -   ⚠️ Sem novas queries para testar
2026-02-15 21:04:33,135 - INFO - 
📊 Métricas finais para IFSul:
2026-02-15 21:04:33,135 - INFO -    Total de queries testadas: 2
2026-02-15 21:04:33,135 - INFO -    Queries com sucesso: 0
2026-02-15 21:04:33,182 - INFO - ✅ IFSul: 514 repositórios
2026-02-15 21:04:33,183 - INFO -    Palavras-chave: trabalho, ifsuldeminas, sistema, site, projeto, curso, ifsul, para, sistemas, semestre
2026-02-15 21:04:36,185 - INFO - 
============================================================
2026-02-15 21:04:36,185 - INFO - 🏛️  Processando IFSul - Campus Venâncio Aires
2026-02-15 21:04:36,185 - INFO - ============================================================
2026-02-15 21:04:36,185 - INFO - 
🔄 Iteração 1/3 para IFSul
2026-02-15 21:04:36,185 - INFO -   🔎 Testando: "ifsul"
2026-02-15 21:04:50,143 - INFO -      ✅ 500 resultados (eficiência: 0.30)
2026-02-15 21:04:51,144 - INFO -   🔎 Testando: "campus venâncio"
2026-02-15 21:04:52,359 - INFO -      ✅ 11 resultados (eficiência: 0.03)
2026-02-15 21:04:55,364 - INFO - 
🔄 Iteração 2/3 para IFSul
2026-02-15 21:04:55,365 - INFO -   ⚠️ Sem novas queries para testar
2026-02-15 21:04:55,367 - INFO - 
📊 Métricas finais para IFSul:
2026-02-15 21:04:55,367 - INFO -    Total de queries testadas: 2
2026-02-15 21:04:55,368 - INFO -    Queries com sucesso: 0
2026-02-15 21:04:55,428 - INFO - ✅ IFSul: 508 repositórios
2026-02-15 21:04:55,429 - INFO -    Palavras-chave: trabalho, ifsuldeminas, sistema, site, projeto, curso, ifsul, para, sistemas, semestre
2026-02-15 21:04:58,435 - INFO - 
============================================================
2026-02-15 21:04:58,435 - INFO - 🏛️  Processando IFS - Campus Aracaju
2026-02-15 21:04:58,435 - INFO - ============================================================
2026-02-15 21:04:58,436 - INFO - 
🔄 Iteração 1/3 para IFS
2026-02-15 21:04:58,436 - INFO -   🔎 Testando: "ifs"
2026-02-15 21:05:16,240 - INFO -      ✅ 500 resultados (eficiência: 0.30)
2026-02-15 21:05:19,244 - INFO - 
🔄 Iteração 2/3 para IFS
2026-02-15 21:05:19,244 - INFO -   ⚠️ Sem novas queries para testar
2026-02-15 21:05:19,246 - INFO - 
📊 Métricas finais para IFS:
2026-02-15 21:05:19,246 - INFO -    Total de queries testadas: 1
2026-02-15 21:05:19,247 - INFO -    Queries com sucesso: 0
2026-02-15 21:05:19,425 - INFO - ✅ IFS: 500 repositórios
2026-02-15 21:05:19,425 - INFO -    Palavras-chave: echo, esac, ifsp, ifs, data, else, yellow, then, function, local
2026-02-15 21:05:22,429 - INFO - 
============================================================
2026-02-15 21:05:22,430 - INFO - 🏛️  Processando IFS - Campus São Cristóvão
2026-02-15 21:05:22,430 - INFO - ============================================================
2026-02-15 21:05:22,430 - INFO - 
🔄 Iteração 1/3 para IFS
2026-02-15 21:05:22,430 - INFO -   🔎 Testando: "ifs"
2026-02-15 21:05:40,149 - INFO -      ✅ 500 resultados (eficiência: 0.30)
2026-02-15 21:05:41,151 - INFO -   🔎 Testando: "campus são"
2026-02-15 21:05:49,936 - INFO -      ✅ 268 resultados (eficiência: 0.30)
2026-02-15 21:05:52,941 - INFO - 
🔄 Iteração 2/3 para IFS
2026-02-15 21:05:52,942 - INFO -   ⚠️ Sem novas queries para testar
2026-02-15 21:05:52,944 - INFO - 
📊 Métricas finais para IFS:
2026-02-15 21:05:52,944 - INFO -    Total de queries testadas: 2
2026-02-15 21:05:52,944 - INFO -    Queries com sucesso: 0
2026-02-15 21:05:53,103 - INFO - ✅ IFS: 765 repositórios
2026-02-15 21:05:53,103 - INFO -    Palavras-chave: echo, ifsp, ifs, projeto, federal, curso, yellow, then, para, sistemas
2026-02-15 21:05:56,108 - INFO - 
============================================================
2026-02-15 21:05:56,108 - INFO - 🏛️  Processando IFS - Campus Lagarto
2026-02-15 21:05:56,108 - INFO - ============================================================
2026-02-15 21:05:56,109 - INFO - 
🔄 Iteração 1/3 para IFS
2026-02-15 21:05:56,109 - INFO -   🔎 Testando: "ifs"
2026-02-15 21:06:12,644 - INFO -      ✅ 500 resultados (eficiência: 0.30)
2026-02-15 21:06:15,648 - INFO - 
🔄 Iteração 2/3 para IFS
2026-02-15 21:06:15,649 - INFO -   ⚠️ Sem novas queries para testar
2026-02-15 21:06:15,650 - INFO - 
📊 Métricas finais para IFS:
2026-02-15 21:06:15,651 - INFO -    Total de queries testadas: 1
2026-02-15 21:06:15,651 - INFO -    Queries com sucesso: 0
2026-02-15 21:06:15,768 - INFO - ✅ IFS: 500 repositórios
2026-02-15 21:06:15,769 - INFO -    Palavras-chave: echo, esac, ifsp, ifs, data, else, yellow, then, function, local
2026-02-15 21:06:18,774 - INFO - 
============================================================
2026-02-15 21:06:18,774 - INFO - 🏛️  Processando IFS - Campus Estância
2026-02-15 21:06:18,774 - INFO - ============================================================
2026-02-15 21:06:18,775 - INFO - 
🔄 Iteração 1/3 para IFS
2026-02-15 21:06:18,775 - INFO -   🔎 Testando: "ifs"
2026-02-15 21:06:34,061 - INFO -      ✅ 500 resultados (eficiência: 0.30)
2026-02-15 21:06:37,065 - INFO - 
🔄 Iteração 2/3 para IFS
2026-02-15 21:06:37,066 - INFO -   ⚠️ Sem novas queries para testar
2026-02-15 21:06:37,066 - INFO - 
📊 Métricas finais para IFS:
2026-02-15 21:06:37,066 - INFO -    Total de queries testadas: 1
2026-02-15 21:06:37,066 - INFO -    Queries com sucesso: 0
2026-02-15 21:06:37,181 - INFO - ✅ IFS: 500 repositórios
2026-02-15 21:06:37,181 - INFO -    Palavras-chave: echo, esac, ifsp, ifs, data, else, yellow, then, function, local
2026-02-15 21:06:40,182 - INFO - 
============================================================
2026-02-15 21:06:40,182 - INFO - 🏛️  Processando IFS - Campus Nossa Senhora da Glória
2026-02-15 21:06:40,182 - INFO - ============================================================
2026-02-15 21:06:40,182 - INFO - 
🔄 Iteração 1/3 para IFS
2026-02-15 21:06:40,182 - INFO -   🔎 Testando: "ifs"
2026-02-15 21:06:56,792 - INFO -      ✅ 500 resultados (eficiência: 0.30)
2026-02-15 21:06:57,794 - INFO -   🔎 Testando: "campus nossa"
2026-02-15 21:06:58,409 - INFO -      ✅ 0 resultados (eficiência: 0.00)
2026-02-15 21:07:01,414 - INFO - 
🔄 Iteração 2/3 para IFS
2026-02-15 21:07:01,416 - INFO -   ⚠️ Sem novas queries para testar
2026-02-15 21:07:01,417 - INFO - 
📊 Métricas finais para IFS:
2026-02-15 21:07:01,417 - INFO -    Total de queries testadas: 2
2026-02-15 21:07:01,418 - INFO -    Queries com sucesso: 0
2026-02-15 21:07:01,551 - INFO - ✅ IFS: 500 repositórios
2026-02-15 21:07:01,552 - INFO -    Palavras-chave: echo, esac, ifsp, ifs, data, else, yellow, then, function, local
2026-02-15 21:07:04,557 - INFO - 
============================================================
2026-02-15 21:07:04,557 - INFO - 🏛️  Processando IFS - Campus Itabaiana
2026-02-15 21:07:04,557 - INFO - ============================================================
2026-02-15 21:07:04,558 - INFO - 
🔄 Iteração 1/3 para IFS
2026-02-15 21:07:04,558 - INFO -   🔎 Testando: "ifs"
2026-02-15 21:07:20,977 - INFO -      ✅ 500 resultados (eficiência: 0.30)
2026-02-15 21:07:23,981 - INFO - 
🔄 Iteração 2/3 para IFS
2026-02-15 21:07:23,982 - INFO -   ⚠️ Sem novas queries para testar
2026-02-15 21:07:23,984 - INFO - 
📊 Métricas finais para IFS:
2026-02-15 21:07:23,984 - INFO -    Total de queries testadas: 1
2026-02-15 21:07:23,984 - INFO -    Queries com sucesso: 0
2026-02-15 21:07:24,099 - INFO - ✅ IFS: 500 repositórios
2026-02-15 21:07:24,099 - INFO -    Palavras-chave: echo, esac, ifsp, ifs, data, else, yellow, then, function, local
2026-02-15 21:07:27,102 - INFO - 
============================================================
2026-02-15 21:07:27,102 - INFO - 🏛️  Processando IFS - Campus Propriá
2026-02-15 21:07:27,102 - INFO - ============================================================
2026-02-15 21:07:27,102 - INFO - 
🔄 Iteração 1/3 para IFS
2026-02-15 21:07:27,102 - INFO -   🔎 Testando: "ifs"
2026-02-15 21:07:43,216 - INFO -      ✅ 500 resultados (eficiência: 0.30)
2026-02-15 21:07:46,220 - INFO - 
🔄 Iteração 2/3 para IFS
2026-02-15 21:07:46,221 - INFO -   ⚠️ Sem novas queries para testar
2026-02-15 21:07:46,222 - INFO - 
📊 Métricas finais para IFS:
2026-02-15 21:07:46,222 - INFO -    Total de queries testadas: 1
2026-02-15 21:07:46,223 - INFO -    Queries com sucesso: 0
2026-02-15 21:07:46,336 - INFO - ✅ IFS: 500 repositórios
2026-02-15 21:07:46,336 - INFO -    Palavras-chave: echo, esac, ifsp, ifs, data, else, yellow, then, function, local
2026-02-15 21:07:49,341 - INFO - 
============================================================
2026-02-15 21:07:49,341 - INFO - 🏛️  Processando IFS - Campus Tobias Barreto
2026-02-15 21:07:49,341 - INFO - ============================================================
2026-02-15 21:07:49,342 - INFO - 
🔄 Iteração 1/3 para IFS
2026-02-15 21:07:49,342 - INFO -   🔎 Testando: "ifs"
2026-02-15 21:08:05,921 - INFO -      ✅ 500 resultados (eficiência: 0.30)
2026-02-15 21:08:06,923 - INFO -   🔎 Testando: "campus tobias"
2026-02-15 21:08:07,526 - INFO -      ✅ 0 resultados (eficiência: 0.00)
2026-02-15 21:08:10,530 - INFO - 
🔄 Iteração 2/3 para IFS
2026-02-15 21:08:10,531 - INFO -   ⚠️ Sem novas queries para testar
2026-02-15 21:08:10,532 - INFO - 
📊 Métricas finais para IFS:
2026-02-15 21:08:10,533 - INFO -    Total de queries testadas: 2
2026-02-15 21:08:10,533 - INFO -    Queries com sucesso: 0
2026-02-15 21:08:10,656 - INFO - ✅ IFS: 500 repositórios
2026-02-15 21:08:10,656 - INFO -    Palavras-chave: echo, esac, ifsp, ifs, data, else, yellow, then, function, local
2026-02-15 21:08:13,661 - INFO - 
============================================================
2026-02-15 21:08:13,662 - INFO - 🏛️  Processando IFES - Campus Vitória
2026-02-15 21:08:13,662 - INFO - ============================================================
2026-02-15 21:08:13,662 - INFO - 
🔄 Iteração 1/3 para IFES
2026-02-15 21:08:13,662 - INFO -   🔎 Testando: "ifes"
2026-02-15 21:08:33,171 - INFO -      ✅ 500 resultados (eficiência: 0.30)
2026-02-15 21:08:36,175 - INFO - 
🔄 Iteração 2/3 para IFES
2026-02-15 21:08:36,176 - INFO -   ⚠️ Sem novas queries para testar
2026-02-15 21:08:36,177 - INFO - 
📊 Métricas finais para IFES:
2026-02-15 21:08:36,178 - INFO -    Total de queries testadas: 1
2026-02-15 21:08:36,178 - INFO -    Queries com sucesso: 0
2026-02-15 21:08:36,260 - INFO - ✅ IFES: 500 repositórios
2026-02-15 21:08:36,260 - INFO -    Palavras-chave: trabalho, ifes, baidu ife, projeto, baidu, curso, function, campus, ifest, return
2026-02-15 21:08:39,262 - INFO - 
============================================================
2026-02-15 21:08:39,262 - INFO - 🏛️  Processando IFES - Campus Alegre
2026-02-15 21:08:39,262 - INFO - ============================================================
2026-02-15 21:08:39,262 - INFO - 
🔄 Iteração 1/3 para IFES
2026-02-15 21:08:39,262 - INFO -   🔎 Testando: "ifes"
2026-02-15 21:08:56,051 - INFO -      ✅ 500 resultados (eficiência: 0.30)
2026-02-15 21:08:59,056 - INFO - 
🔄 Iteração 2/3 para IFES
2026-02-15 21:08:59,057 - INFO -   ⚠️ Sem novas queries para testar
2026-02-15 21:08:59,058 - INFO - 
📊 Métricas finais para IFES:
2026-02-15 21:08:59,058 - INFO -    Total de queries testadas: 1
2026-02-15 21:08:59,059 - INFO -    Queries com sucesso: 0
2026-02-15 21:08:59,146 - INFO - ✅ IFES: 500 repositórios
2026-02-15 21:08:59,146 - INFO -    Palavras-chave: trabalho, ifes, baidu ife, projeto, baidu, curso, function, campus, ifest, return
2026-02-15 21:09:02,150 - INFO - 
============================================================
2026-02-15 21:09:02,150 - INFO - 🏛️  Processando IFES - Campus Cariacica
2026-02-15 21:09:02,150 - INFO - ============================================================
2026-02-15 21:09:02,150 - INFO - 
🔄 Iteração 1/3 para IFES
2026-02-15 21:09:02,150 - INFO -   🔎 Testando: "ifes"
2026-02-15 21:09:18,166 - INFO -      ✅ 500 resultados (eficiência: 0.30)
2026-02-15 21:09:21,170 - INFO - 
🔄 Iteração 2/3 para IFES
2026-02-15 21:09:21,171 - INFO -   ⚠️ Sem novas queries para testar
2026-02-15 21:09:21,172 - INFO - 
📊 Métricas finais para IFES:
2026-02-15 21:09:21,173 - INFO -    Total de queries testadas: 1
2026-02-15 21:09:21,173 - INFO -    Queries com sucesso: 0
2026-02-15 21:09:21,292 - INFO - ✅ IFES: 500 repositórios
2026-02-15 21:09:21,293 - INFO -    Palavras-chave: trabalho, ifes, baidu ife, projeto, baidu, curso, function, campus, ifest, return
2026-02-15 21:09:24,297 - INFO - 
============================================================
2026-02-15 21:09:24,298 - INFO - 🏛️  Processando IFES - Campus Cachoeiro de Itapemirim
2026-02-15 21:09:24,298 - INFO - ============================================================
2026-02-15 21:09:24,298 - INFO - 
🔄 Iteração 1/3 para IFES
2026-02-15 21:09:24,299 - INFO -   🔎 Testando: "campus cachoeiro"
2026-02-15 21:09:25,501 - INFO -      ✅ 13 resultados (eficiência: 0.04)
2026-02-15 21:09:26,502 - INFO -   🔎 Testando: "ifes"
2026-02-15 21:09:43,151 - INFO -      ✅ 500 resultados (eficiência: 0.30)
2026-02-15 21:09:46,156 - INFO - 
🔄 Iteração 2/3 para IFES
2026-02-15 21:09:46,157 - INFO -   ⚠️ Sem novas queries para testar
2026-02-15 21:09:46,158 - INFO - 
📊 Métricas finais para IFES:
2026-02-15 21:09:46,159 - INFO -    Total de queries testadas: 2
2026-02-15 21:09:46,159 - INFO -    Queries com sucesso: 0
2026-02-15 21:09:46,346 - INFO - ✅ IFES: 510 repositórios
2026-02-15 21:09:46,347 - INFO -    Palavras-chave: trabalho, const, ifes, baidu ife, projeto, baidu, curso, function, campus, ifest
2026-02-15 21:09:49,349 - INFO - 
============================================================
2026-02-15 21:09:49,349 - INFO - 🏛️  Processando IFES - Campus Colatina I
2026-02-15 21:09:49,349 - INFO - ============================================================
2026-02-15 21:09:49,349 - INFO - 
🔄 Iteração 1/3 para IFES
2026-02-15 21:09:49,349 - INFO -   🔎 Testando: "campus colatina"
2026-02-15 21:09:50,571 - INFO -      ✅ 20 resultados (eficiência: 0.06)
2026-02-15 21:09:51,576 - INFO -   🔎 Testando: "ifes"
2026-02-15 21:10:07,436 - INFO -      ✅ 500 resultados (eficiência: 0.30)
2026-02-15 21:10:10,440 - INFO - 
🔄 Iteração 2/3 para IFES
2026-02-15 21:10:10,441 - INFO -   ⚠️ Sem novas queries para testar
2026-02-15 21:10:10,443 - INFO - 
📊 Métricas finais para IFES:
2026-02-15 21:10:10,443 - INFO -    Total de queries testadas: 2
2026-02-15 21:10:10,443 - INFO -    Queries com sucesso: 0
2026-02-15 21:10:10,544 - INFO - ✅ IFES: 517 repositórios
2026-02-15 21:10:10,544 - INFO -    Palavras-chave: trabalho, ifes, baidu ife, projeto, baidu, curso, function, sistemas, campus, ifest
2026-02-15 21:10:13,545 - INFO - 
============================================================
2026-02-15 21:10:13,545 - INFO - 🏛️  Processando IFES - Campus Colatina II
2026-02-15 21:10:13,545 - INFO - ============================================================
2026-02-15 21:10:13,545 - INFO - 
🔄 Iteração 1/3 para IFES
2026-02-15 21:10:13,545 - INFO -   🔎 Testando: "campus colatina"
2026-02-15 21:10:14,538 - INFO -      ✅ 20 resultados (eficiência: 0.06)
2026-02-15 21:10:15,539 - INFO -   🔎 Testando: "ifes"
2026-02-15 21:10:31,901 - INFO -      ✅ 500 resultados (eficiência: 0.30)
2026-02-15 21:10:34,905 - INFO - 
🔄 Iteração 2/3 para IFES
2026-02-15 21:10:34,907 - INFO -   ⚠️ Sem novas queries para testar
2026-02-15 21:10:34,908 - INFO - 
📊 Métricas finais para IFES:
2026-02-15 21:10:34,908 - INFO -    Total de queries testadas: 2
2026-02-15 21:10:34,908 - INFO -    Queries com sucesso: 0
2026-02-15 21:10:35,019 - INFO - ✅ IFES: 517 repositórios
2026-02-15 21:10:35,019 - INFO -    Palavras-chave: trabalho, ifes, baidu ife, projeto, baidu, curso, function, sistemas, campus, ifest
2026-02-15 21:10:38,022 - INFO - 
============================================================
2026-02-15 21:10:38,022 - INFO - 🏛️  Processando IFES - Campus Santa Teresa
2026-02-15 21:10:38,022 - INFO - ============================================================
2026-02-15 21:10:38,022 - INFO - 
🔄 Iteração 1/3 para IFES
2026-02-15 21:10:38,022 - INFO -   🔎 Testando: "campus santa"
2026-02-15 21:10:39,266 - INFO -      ✅ 47 resultados (eficiência: 0.14)
2026-02-15 21:10:40,267 - INFO -   🔎 Testando: "ifes"
2026-02-15 21:10:56,026 - INFO -      ✅ 500 resultados (eficiência: 0.30)
2026-02-15 21:10:59,030 - INFO - 
🔄 Iteração 2/3 para IFES
2026-02-15 21:10:59,031 - INFO -   ⚠️ Sem novas queries para testar
2026-02-15 21:10:59,032 - INFO - 
📊 Métricas finais para IFES:
2026-02-15 21:10:59,033 - INFO -    Total de queries testadas: 2
2026-02-15 21:10:59,033 - INFO -    Queries com sucesso: 0
2026-02-15 21:10:59,127 - INFO - ✅ IFES: 544 repositórios
2026-02-15 21:10:59,127 - INFO -    Palavras-chave: santa, const, trabalho, ifes, baidu ife, projeto, baidu, curso, function, campus
2026-02-15 21:11:02,130 - INFO - 
============================================================
2026-02-15 21:11:02,130 - INFO - 🏛️  Processando IFES - Campus São Mateus
2026-02-15 21:11:02,131 - INFO - ============================================================
2026-02-15 21:11:02,131 - INFO - 
🔄 Iteração 1/3 para IFES
2026-02-15 21:11:02,131 - INFO -   🔎 Testando: "campus são"
2026-02-15 21:11:10,333 - INFO -      ✅ 268 resultados (eficiência: 0.30)
2026-02-15 21:11:11,335 - INFO -   🔎 Testando: "ifes"
2026-02-15 21:11:28,714 - INFO -      ✅ 500 resultados (eficiência: 0.30)
2026-02-15 21:11:31,718 - INFO - 
🔄 Iteração 2/3 para IFES
2026-02-15 21:11:31,718 - INFO -   ⚠️ Sem novas queries para testar
2026-02-15 21:11:31,718 - INFO - 
📊 Métricas finais para IFES:
2026-02-15 21:11:31,719 - INFO -    Total de queries testadas: 2
2026-02-15 21:11:31,719 - INFO -    Queries com sucesso: 0
2026-02-15 21:11:31,818 - INFO - ✅ IFES: 768 repositórios
2026-02-15 21:11:31,818 - INFO -    Palavras-chave: trabalho, ifes, ifsp, projeto, baidu, federal, curso, paulo, para, sistemas
2026-02-15 21:11:34,822 - INFO - 
============================================================
2026-02-15 21:11:34,822 - INFO - 🏛️  Processando IFES - Campus Serra
2026-02-15 21:11:34,822 - INFO - ============================================================
2026-02-15 21:11:34,822 - INFO - 
🔄 Iteração 1/3 para IFES
2026-02-15 21:11:34,822 - INFO -   🔎 Testando: "ifes"
2026-02-15 21:11:51,714 - INFO -      ✅ 500 resultados (eficiência: 0.30)
2026-02-15 21:11:54,717 - INFO - 
🔄 Iteração 2/3 para IFES
2026-02-15 21:11:54,717 - INFO -   ⚠️ Sem novas queries para testar
2026-02-15 21:11:54,717 - INFO - 
📊 Métricas finais para IFES:
2026-02-15 21:11:54,717 - INFO -    Total de queries testadas: 1
2026-02-15 21:11:54,718 - INFO -    Queries com sucesso: 0
2026-02-15 21:11:54,818 - INFO - ✅ IFES: 500 repositórios
2026-02-15 21:11:54,819 - INFO -    Palavras-chave: trabalho, ifes, baidu ife, projeto, baidu, curso, function, campus, ifest, return
2026-02-15 21:11:57,822 - INFO - 
============================================================
2026-02-15 21:11:57,822 - INFO - 🏛️  Processando IFES - Campus Aracruz
2026-02-15 21:11:57,822 - INFO - ============================================================
2026-02-15 21:11:57,822 - INFO - 
🔄 Iteração 1/3 para IFES
2026-02-15 21:11:57,822 - INFO -   🔎 Testando: "ifes"
2026-02-15 21:12:14,105 - INFO -      ✅ 500 resultados (eficiência: 0.30)
2026-02-15 21:12:17,110 - INFO - 
🔄 Iteração 2/3 para IFES
2026-02-15 21:12:17,110 - INFO -   ⚠️ Sem novas queries para testar
2026-02-15 21:12:17,112 - INFO - 
📊 Métricas finais para IFES:
2026-02-15 21:12:17,112 - INFO -    Total de queries testadas: 1
2026-02-15 21:12:17,112 - INFO -    Queries com sucesso: 0
2026-02-15 21:12:17,223 - INFO - ✅ IFES: 500 repositórios
2026-02-15 21:12:17,223 - INFO -    Palavras-chave: trabalho, ifes, baidu ife, projeto, baidu, curso, function, campus, ifest, return
2026-02-15 21:12:20,226 - INFO - 
============================================================
2026-02-15 21:12:20,226 - INFO - 🏛️  Processando IFES - Campus Ibatiba
2026-02-15 21:12:20,227 - INFO - ============================================================
2026-02-15 21:12:20,227 - INFO - 
🔄 Iteração 1/3 para IFES
2026-02-15 21:12:20,227 - INFO -   🔎 Testando: "ifes"
2026-02-15 21:12:36,522 - INFO -      ✅ 500 resultados (eficiência: 0.30)
2026-02-15 21:12:39,525 - INFO - 
🔄 Iteração 2/3 para IFES
2026-02-15 21:12:39,526 - INFO -   ⚠️ Sem novas queries para testar
2026-02-15 21:12:39,527 - INFO - 
📊 Métricas finais para IFES:
2026-02-15 21:12:39,527 - INFO -    Total de queries testadas: 1
2026-02-15 21:12:39,528 - INFO -    Queries com sucesso: 0
2026-02-15 21:12:39,622 - INFO - ✅ IFES: 500 repositórios
2026-02-15 21:12:39,622 - INFO -    Palavras-chave: trabalho, ifes, baidu ife, projeto, baidu, curso, function, campus, ifest, return
2026-02-15 21:12:42,625 - INFO - 
============================================================
2026-02-15 21:12:42,626 - INFO - 🏛️  Processando IFES - Campus Linhares
2026-02-15 21:12:42,626 - INFO - ============================================================
2026-02-15 21:12:42,626 - INFO - 
🔄 Iteração 1/3 para IFES
2026-02-15 21:12:42,626 - INFO -   🔎 Testando: "ifes"
2026-02-15 21:12:57,218 - INFO -      ✅ 500 resultados (eficiência: 0.30)
2026-02-15 21:13:00,221 - INFO - 
🔄 Iteração 2/3 para IFES
2026-02-15 21:13:00,222 - INFO -   ⚠️ Sem novas queries para testar
2026-02-15 21:13:00,223 - INFO - 
📊 Métricas finais para IFES:
2026-02-15 21:13:00,223 - INFO -    Total de queries testadas: 1
2026-02-15 21:13:00,224 - INFO -    Queries com sucesso: 0
2026-02-15 21:13:00,334 - INFO - ✅ IFES: 500 repositórios
2026-02-15 21:13:00,334 - INFO -    Palavras-chave: trabalho, ifes, baidu ife, projeto, baidu, curso, function, campus, ifest, return
2026-02-15 21:13:03,338 - INFO - 
============================================================
2026-02-15 21:13:03,338 - INFO - 🏛️  Processando IFES - Campus Nova Venécia
2026-02-15 21:13:03,338 - INFO - ============================================================
2026-02-15 21:13:03,338 - INFO - 
🔄 Iteração 1/3 para IFES
2026-02-15 21:13:03,338 - INFO -   🔎 Testando: "campus nova"
2026-02-15 21:13:04,699 - INFO -      ✅ 28 resultados (eficiência: 0.08)
2026-02-15 21:13:05,701 - INFO -   🔎 Testando: "ifes"
2026-02-15 21:13:21,040 - INFO -      ✅ 500 resultados (eficiência: 0.30)
2026-02-15 21:13:24,044 - INFO - 
🔄 Iteração 2/3 para IFES
2026-02-15 21:13:24,045 - INFO -   ⚠️ Sem novas queries para testar
2026-02-15 21:13:24,045 - INFO - 
📊 Métricas finais para IFES:
2026-02-15 21:13:24,046 - INFO -    Total de queries testadas: 2
2026-02-15 21:13:24,046 - INFO -    Queries com sucesso: 0
2026-02-15 21:13:24,127 - INFO - ✅ IFES: 527 repositórios
2026-02-15 21:13:24,127 - INFO -    Palavras-chave: trabalho, const, ifes, nova, baidu ife, projeto, baidu, curso, function, campus
2026-02-15 21:13:27,130 - INFO - 
============================================================
2026-02-15 21:13:27,130 - INFO - 🏛️  Processando IFES - Campus Vila Velha
2026-02-15 21:13:27,130 - INFO - ============================================================
2026-02-15 21:13:27,130 - INFO - 
🔄 Iteração 1/3 para IFES
2026-02-15 21:13:27,130 - INFO -   🔎 Testando: "campus vila"
2026-02-15 21:13:28,035 - INFO -      ✅ 6 resultados (eficiência: 0.02)
2026-02-15 21:13:29,037 - INFO -   🔎 Testando: "ifes"
2026-02-15 21:13:43,388 - INFO -      ✅ 500 resultados (eficiência: 0.30)
2026-02-15 21:13:46,393 - INFO - 
🔄 Iteração 2/3 para IFES
2026-02-15 21:13:46,394 - INFO -   ⚠️ Sem novas queries para testar
2026-02-15 21:13:46,395 - INFO - 
📊 Métricas finais para IFES:
2026-02-15 21:13:46,395 - INFO -    Total de queries testadas: 2
2026-02-15 21:13:46,396 - INFO -    Queries com sucesso: 0
2026-02-15 21:13:46,492 - INFO - ✅ IFES: 506 repositórios
2026-02-15 21:13:46,492 - INFO -    Palavras-chave: trabalho, ifes, baidu ife, projeto, baidu, curso, function, campus, ifest, return
2026-02-15 21:13:49,493 - INFO - 
============================================================
2026-02-15 21:13:49,493 - INFO - 🏛️  Processando IFES - Campus Venda Nova do Imigrante
2026-02-15 21:13:49,493 - INFO - ============================================================
2026-02-15 21:13:49,494 - INFO - 
🔄 Iteração 1/3 para IFES
2026-02-15 21:13:49,494 - INFO -   🔎 Testando: "campus venda"
2026-02-15 21:13:50,298 - INFO -      ✅ 1 resultados (eficiência: 0.00)
2026-02-15 21:13:51,300 - INFO -   🔎 Testando: "ifes"
2026-02-15 21:14:07,196 - INFO -      ✅ 500 resultados (eficiência: 0.30)
2026-02-15 21:14:10,200 - INFO - 
🔄 Iteração 2/3 para IFES
2026-02-15 21:14:10,201 - INFO -   ⚠️ Sem novas queries para testar
2026-02-15 21:14:10,203 - INFO - 
📊 Métricas finais para IFES:
2026-02-15 21:14:10,203 - INFO -    Total de queries testadas: 2
2026-02-15 21:14:10,203 - INFO -    Queries com sucesso: 0
2026-02-15 21:14:10,294 - INFO - ✅ IFES: 501 repositórios
2026-02-15 21:14:10,294 - INFO -    Palavras-chave: trabalho, ifes, baidu ife, projeto, baidu, curso, function, campus, ifest, return
2026-02-15 21:14:13,298 - INFO - 
============================================================
2026-02-15 21:14:13,298 - INFO - 🏛️  Processando CEFET-MG - Centro Federal de Educação Tecnológica de Minas Gerais
2026-02-15 21:14:13,298 - INFO - ============================================================
2026-02-15 21:14:13,298 - INFO - 
🔄 Iteração 1/3 para CEFET-MG
2026-02-15 21:14:13,299 - INFO -   🔎 Testando: "cefet-mg"
2026-02-15 21:14:33,363 - INFO -      ✅ 500 resultados (eficiência: 0.30)
2026-02-15 21:14:34,365 - INFO -   🔎 Testando: "centro federal"
2026-02-15 21:14:36,752 - INFO -      ✅ 42 resultados (eficiência: 0.13)
2026-02-15 21:14:39,756 - INFO - 
🔄 Iteração 2/3 para CEFET-MG
2026-02-15 21:14:39,757 - INFO -   ⚠️ Sem novas queries para testar
2026-02-15 21:14:39,758 - INFO - 
📊 Métricas finais para CEFET-MG:
2026-02-15 21:14:39,759 - INFO -    Total de queries testadas: 2
2026-02-15 21:14:39,759 - INFO -    Queries com sucesso: 0
2026-02-15 21:14:39,835 - INFO - ✅ CEFET-MG: 538 repositórios
2026-02-15 21:14:39,835 - INFO -    Palavras-chave: trabalho, tp0, cefet, programação web, web cefet, projeto, cefet mg, web, programação, curso
2026-02-15 21:14:42,839 - INFO - 
============================================================
2026-02-15 21:14:42,839 - INFO - 🏛️  Processando CEFET-RJ - Centro Federal de Educação Tecnológica Celso Suckow da Fonseca
2026-02-15 21:14:42,840 - INFO - ============================================================
2026-02-15 21:14:42,840 - INFO - 
🔄 Iteração 1/3 para CEFET-RJ
2026-02-15 21:14:42,840 - INFO -   🔎 Testando: "centro federal"
2026-02-15 21:14:44,512 - INFO -      ✅ 42 resultados (eficiência: 0.13)
2026-02-15 21:14:45,513 - INFO -   🔎 Testando: "cefet-rj"
2026-02-15 21:15:02,590 - INFO -      ✅ 438 resultados (eficiência: 0.30)
2026-02-15 21:15:05,593 - INFO - 
🔄 Iteração 2/3 para CEFET-RJ
2026-02-15 21:15:05,593 - INFO -   ⚠️ Sem novas queries para testar
2026-02-15 21:15:05,594 - INFO - 
📊 Métricas finais para CEFET-RJ:
2026-02-15 21:15:05,594 - INFO -    Total de queries testadas: 2
2026-02-15 21:15:05,594 - INFO -    Queries com sucesso: 0
2026-02-15 21:15:05,654 - INFO - ✅ CEFET-RJ: 469 repositórios
2026-02-15 21:15:05,655 - INFO -    Palavras-chave: trabalho, cefet, repository, projeto, dados, federal, arquivos, cefet rj, cefet-rj, curso
2026-02-15 21:15:08,657 - INFO - 
============================================================
2026-02-15 21:15:08,657 - INFO - 🏛️  Processando CEFET-MG - Campus Araxá
2026-02-15 21:15:08,657 - INFO - ============================================================
2026-02-15 21:15:08,658 - INFO - 
🔄 Iteração 1/3 para CEFET-MG
2026-02-15 21:15:08,658 - INFO -   🔎 Testando: "cefet-mg"
2026-02-15 21:15:27,197 - INFO -      ✅ 500 resultados (eficiência: 0.30)
2026-02-15 21:15:30,200 - INFO - 
🔄 Iteração 2/3 para CEFET-MG
2026-02-15 21:15:30,200 - INFO -   ⚠️ Sem novas queries para testar
2026-02-15 21:15:30,201 - INFO - 
📊 Métricas finais para CEFET-MG:
2026-02-15 21:15:30,201 - INFO -    Total de queries testadas: 1
2026-02-15 21:15:30,201 - INFO -    Queries com sucesso: 0
2026-02-15 21:15:30,258 - INFO - ✅ CEFET-MG: 500 repositórios
2026-02-15 21:15:30,259 - INFO -    Palavras-chave: trabalho, tp0, cefet, programação web, web cefet, projeto, web, cefet mg, programação, curso
2026-02-15 21:15:33,262 - INFO - 
============================================================
2026-02-15 21:15:33,262 - INFO - 🏛️  Processando CEFET-MG - Campus Belo Horizonte
2026-02-15 21:15:33,262 - INFO - ============================================================
2026-02-15 21:15:33,262 - INFO - 
🔄 Iteração 1/3 para CEFET-MG
2026-02-15 21:15:33,262 - INFO -   🔎 Testando: "cefet-mg"
2026-02-15 21:15:50,717 - INFO -      ✅ 500 resultados (eficiência: 0.30)
2026-02-15 21:15:51,720 - INFO -   🔎 Testando: "campus belo"
2026-02-15 21:15:52,894 - INFO -      ✅ 16 resultados (eficiência: 0.05)
2026-02-15 21:15:55,898 - INFO - 
🔄 Iteração 2/3 para CEFET-MG
2026-02-15 21:15:55,900 - INFO -   ⚠️ Sem novas queries para testar
2026-02-15 21:15:55,901 - INFO - 
📊 Métricas finais para CEFET-MG:
2026-02-15 21:15:55,902 - INFO -    Total de queries testadas: 2
2026-02-15 21:15:55,902 - INFO -    Queries com sucesso: 0
2026-02-15 21:15:55,955 - INFO - ✅ CEFET-MG: 516 repositórios
2026-02-15 21:15:55,956 - INFO -    Palavras-chave: trabalho, tp0, cefet, programação web, web cefet, projeto, cefet mg, web, programação, curso
2026-02-15 21:15:58,959 - INFO - 
============================================================
2026-02-15 21:15:58,960 - INFO - 🏛️  Processando CEFET-MG - Campus Contagem
2026-02-15 21:15:58,960 - INFO - ============================================================
2026-02-15 21:15:58,960 - INFO - 
🔄 Iteração 1/3 para CEFET-MG
2026-02-15 21:15:58,961 - INFO -   🔎 Testando: "cefet-mg"
2026-02-15 21:16:16,287 - INFO -      ✅ 500 resultados (eficiência: 0.30)
2026-02-15 21:16:19,289 - INFO - 
🔄 Iteração 2/3 para CEFET-MG
2026-02-15 21:16:19,290 - INFO -   ⚠️ Sem novas queries para testar
2026-02-15 21:16:19,291 - INFO - 
📊 Métricas finais para CEFET-MG:
2026-02-15 21:16:19,292 - INFO -    Total de queries testadas: 1
2026-02-15 21:16:19,292 - INFO -    Queries com sucesso: 0
2026-02-15 21:16:19,368 - INFO - ✅ CEFET-MG: 500 repositórios
2026-02-15 21:16:19,369 - INFO -    Palavras-chave: trabalho, tp0, cefet, programação web, web cefet, projeto, web, cefet mg, programação, curso
2026-02-15 21:16:22,370 - INFO - 
============================================================
2026-02-15 21:16:22,370 - INFO - 🏛️  Processando CEFET-MG - Campus Curvelo
2026-02-15 21:16:22,370 - INFO - ============================================================
2026-02-15 21:16:22,370 - INFO - 
🔄 Iteração 1/3 para CEFET-MG
2026-02-15 21:16:22,370 - INFO -   🔎 Testando: "cefet-mg"
2026-02-15 21:16:38,100 - INFO -      ✅ 500 resultados (eficiência: 0.30)
2026-02-15 21:16:41,104 - INFO - 
🔄 Iteração 2/3 para CEFET-MG
2026-02-15 21:16:41,105 - INFO -   ⚠️ Sem novas queries para testar
2026-02-15 21:16:41,106 - INFO - 
📊 Métricas finais para CEFET-MG:
2026-02-15 21:16:41,106 - INFO -    Total de queries testadas: 1
2026-02-15 21:16:41,107 - INFO -    Queries com sucesso: 0
2026-02-15 21:16:41,158 - INFO - ✅ CEFET-MG: 500 repositórios
2026-02-15 21:16:41,159 - INFO -    Palavras-chave: trabalho, tp0, cefet, programação web, web cefet, projeto, web, cefet mg, programação, curso
2026-02-15 21:16:44,161 - INFO - 
============================================================
2026-02-15 21:16:44,161 - INFO - 🏛️  Processando CEFET-MG - Campus Divinópolis
2026-02-15 21:16:44,161 - INFO - ============================================================
2026-02-15 21:16:44,161 - INFO - 
🔄 Iteração 1/3 para CEFET-MG
2026-02-15 21:16:44,161 - INFO -   🔎 Testando: "cefet-mg"
2026-02-15 21:16:58,577 - INFO -      ✅ 500 resultados (eficiência: 0.30)
2026-02-15 21:17:01,581 - INFO - 
🔄 Iteração 2/3 para CEFET-MG
2026-02-15 21:17:01,582 - INFO -   ⚠️ Sem novas queries para testar
2026-02-15 21:17:01,583 - INFO - 
📊 Métricas finais para CEFET-MG:
2026-02-15 21:17:01,583 - INFO -    Total de queries testadas: 1
2026-02-15 21:17:01,584 - INFO -    Queries com sucesso: 0
2026-02-15 21:17:01,654 - INFO - ✅ CEFET-MG: 500 repositórios
2026-02-15 21:17:01,656 - INFO -    Palavras-chave: trabalho, tp0, cefet, programação web, web cefet, projeto, web, cefet mg, programação, curso
2026-02-15 21:17:04,658 - INFO - 
============================================================
2026-02-15 21:17:04,658 - INFO - 🏛️  Processando CEFET-MG - Campus Leopoldina
2026-02-15 21:17:04,658 - INFO - ============================================================
2026-02-15 21:17:04,658 - INFO - 
🔄 Iteração 1/3 para CEFET-MG
2026-02-15 21:17:04,658 - INFO -   🔎 Testando: "cefet-mg"
2026-02-15 21:17:20,458 - INFO -      ✅ 500 resultados (eficiência: 0.30)
2026-02-15 21:17:23,461 - INFO - 
🔄 Iteração 2/3 para CEFET-MG
2026-02-15 21:17:23,462 - INFO -   ⚠️ Sem novas queries para testar
2026-02-15 21:17:23,463 - INFO - 
📊 Métricas finais para CEFET-MG:
2026-02-15 21:17:23,464 - INFO -    Total de queries testadas: 1
2026-02-15 21:17:23,464 - INFO -    Queries com sucesso: 0
2026-02-15 21:17:23,537 - INFO - ✅ CEFET-MG: 500 repositórios
2026-02-15 21:17:23,542 - INFO -    Palavras-chave: trabalho, tp0, cefet, programação web, web cefet, projeto, web, cefet mg, programação, curso
2026-02-15 21:17:26,545 - INFO - 
============================================================
2026-02-15 21:17:26,545 - INFO - 🏛️  Processando CEFET-MG - Campus Nepomuceno
2026-02-15 21:17:26,545 - INFO - ============================================================
2026-02-15 21:17:26,545 - INFO - 
🔄 Iteração 1/3 para CEFET-MG
2026-02-15 21:17:26,545 - INFO -   🔎 Testando: "cefet-mg"
2026-02-15 21:17:41,317 - INFO -      ✅ 500 resultados (eficiência: 0.30)
2026-02-15 21:17:44,320 - INFO - 
🔄 Iteração 2/3 para CEFET-MG
2026-02-15 21:17:44,321 - INFO -   ⚠️ Sem novas queries para testar
2026-02-15 21:17:44,322 - INFO - 
📊 Métricas finais para CEFET-MG:
2026-02-15 21:17:44,323 - INFO -    Total de queries testadas: 1
2026-02-15 21:17:44,323 - INFO -    Queries com sucesso: 0
2026-02-15 21:17:44,375 - INFO - ✅ CEFET-MG: 500 repositórios
2026-02-15 21:17:44,376 - INFO -    Palavras-chave: trabalho, tp0, cefet, programação web, web cefet, projeto, web, cefet mg, programação, curso
2026-02-15 21:17:47,379 - INFO - 
============================================================
2026-02-15 21:17:47,379 - INFO - 🏛️  Processando CEFET-MG - Campus Timóteo
2026-02-15 21:17:47,379 - INFO - ============================================================
2026-02-15 21:17:47,379 - INFO - 
🔄 Iteração 1/3 para CEFET-MG
2026-02-15 21:17:47,379 - INFO -   🔎 Testando: "cefet-mg"
2026-02-15 21:18:01,639 - INFO -      ✅ 500 resultados (eficiência: 0.30)
2026-02-15 21:18:04,641 - INFO - 
🔄 Iteração 2/3 para CEFET-MG
2026-02-15 21:18:04,641 - INFO -   ⚠️ Sem novas queries para testar
2026-02-15 21:18:04,641 - INFO - 
📊 Métricas finais para CEFET-MG:
2026-02-15 21:18:04,642 - INFO -    Total de queries testadas: 1
2026-02-15 21:18:04,642 - INFO -    Queries com sucesso: 0
2026-02-15 21:18:04,693 - INFO - ✅ CEFET-MG: 500 repositórios
2026-02-15 21:18:04,694 - INFO -    Palavras-chave: trabalho, tp0, cefet, programação web, web cefet, projeto, web, cefet mg, programação, curso
2026-02-15 21:18:07,697 - INFO - 
============================================================
2026-02-15 21:18:07,698 - INFO - 🏛️  Processando CEFET-MG - Campus Varginha
2026-02-15 21:18:07,698 - INFO - ============================================================
2026-02-15 21:18:07,698 - INFO - 
🔄 Iteração 1/3 para CEFET-MG
2026-02-15 21:18:07,698 - INFO -   🔎 Testando: "cefet-mg"
2026-02-15 21:18:22,120 - INFO -      ✅ 500 resultados (eficiência: 0.30)
2026-02-15 21:18:25,124 - INFO - 
🔄 Iteração 2/3 para CEFET-MG
2026-02-15 21:18:25,124 - INFO -   ⚠️ Sem novas queries para testar
2026-02-15 21:18:25,125 - INFO - 
📊 Métricas finais para CEFET-MG:
2026-02-15 21:18:25,125 - INFO -    Total de queries testadas: 1
2026-02-15 21:18:25,125 - INFO -    Queries com sucesso: 0
2026-02-15 21:18:25,175 - INFO - ✅ CEFET-MG: 500 repositórios
2026-02-15 21:18:25,176 - INFO -    Palavras-chave: trabalho, tp0, cefet, programação web, web cefet, projeto, web, cefet mg, programação, curso
2026-02-15 21:18:28,181 - INFO - 
============================================================
2026-02-15 21:18:28,181 - INFO - 🏛️  Processando CEFET-RJ - Campus Angra dos Reis
2026-02-15 21:18:28,181 - INFO - ============================================================
2026-02-15 21:18:28,181 - INFO - 
🔄 Iteração 1/3 para CEFET-RJ
2026-02-15 21:18:28,181 - INFO -   🔎 Testando: "cefet-rj"
2026-02-15 21:18:46,778 - INFO -      ✅ 438 resultados (eficiência: 0.30)
2026-02-15 21:18:47,780 - INFO -   🔎 Testando: "campus angra"
2026-02-15 21:18:48,604 - INFO -      ✅ 3 resultados (eficiência: 0.01)
2026-02-15 21:18:51,605 - INFO - 
🔄 Iteração 2/3 para CEFET-RJ
2026-02-15 21:18:51,605 - INFO -   ⚠️ Sem novas queries para testar
2026-02-15 21:18:51,605 - INFO - 
📊 Métricas finais para CEFET-RJ:
2026-02-15 21:18:51,606 - INFO -    Total de queries testadas: 2
2026-02-15 21:18:51,606 - INFO -    Queries com sucesso: 0
2026-02-15 21:18:51,672 - INFO - ✅ CEFET-RJ: 438 repositórios
2026-02-15 21:18:51,674 - INFO -    Palavras-chave: trabalho, algoritmos, cefet, repository, projeto, arquivos, dados, cefet rj, cefet-rj, curso
2026-02-15 21:18:54,680 - INFO - 
============================================================
2026-02-15 21:18:54,680 - INFO - 🏛️  Processando CEFET-RJ - Campus Itaguaí
2026-02-15 21:18:54,680 - INFO - ============================================================
2026-02-15 21:18:54,681 - INFO - 
🔄 Iteração 1/3 para CEFET-RJ
2026-02-15 21:18:54,681 - INFO -   🔎 Testando: "cefet-rj"
2026-02-15 21:19:09,157 - INFO -      ✅ 438 resultados (eficiência: 0.30)
2026-02-15 21:19:12,161 - INFO - 
🔄 Iteração 2/3 para CEFET-RJ
2026-02-15 21:19:12,162 - INFO -   ⚠️ Sem novas queries para testar
2026-02-15 21:19:12,164 - INFO - 
📊 Métricas finais para CEFET-RJ:
2026-02-15 21:19:12,164 - INFO -    Total de queries testadas: 1
2026-02-15 21:19:12,165 - INFO -    Queries com sucesso: 0
2026-02-15 21:19:12,229 - INFO - ✅ CEFET-RJ: 438 repositórios
2026-02-15 21:19:12,229 - INFO -    Palavras-chave: trabalho, algoritmos, cefet, repository, projeto, arquivos, dados, cefet rj, cefet-rj, curso
2026-02-15 21:19:15,234 - INFO - 
============================================================
2026-02-15 21:19:15,234 - INFO - 🏛️  Processando CEFET-RJ - Campus Maracanã
2026-02-15 21:19:15,234 - INFO - ============================================================
2026-02-15 21:19:15,234 - INFO - 
🔄 Iteração 1/3 para CEFET-RJ
2026-02-15 21:19:15,234 - INFO -   🔎 Testando: "cefet-rj"
2026-02-15 21:19:29,188 - INFO -      ✅ 438 resultados (eficiência: 0.30)
2026-02-15 21:19:32,191 - INFO - 
🔄 Iteração 2/3 para CEFET-RJ
2026-02-15 21:19:32,192 - INFO -   ⚠️ Sem novas queries para testar
2026-02-15 21:19:32,193 - INFO - 
📊 Métricas finais para CEFET-RJ:
2026-02-15 21:19:32,193 - INFO -    Total de queries testadas: 1
2026-02-15 21:19:32,194 - INFO -    Queries com sucesso: 0
2026-02-15 21:19:32,250 - INFO - ✅ CEFET-RJ: 438 repositórios
2026-02-15 21:19:32,250 - INFO -    Palavras-chave: trabalho, algoritmos, cefet, repository, projeto, arquivos, dados, cefet rj, cefet-rj, curso
2026-02-15 21:19:35,253 - INFO - 
============================================================
2026-02-15 21:19:35,253 - INFO - 🏛️  Processando CEFET-RJ - Campus Maria da Graça
2026-02-15 21:19:35,253 - INFO - ============================================================
2026-02-15 21:19:35,254 - INFO - 
🔄 Iteração 1/3 para CEFET-RJ
2026-02-15 21:19:35,254 - INFO -   🔎 Testando: "campus maria"
2026-02-15 21:19:36,130 - INFO -      ✅ 8 resultados (eficiência: 0.02)
2026-02-15 21:19:37,132 - INFO -   🔎 Testando: "cefet-rj"
2026-02-15 21:19:50,887 - INFO -      ✅ 438 resultados (eficiência: 0.30)
2026-02-15 21:19:53,889 - INFO - 
🔄 Iteração 2/3 para CEFET-RJ
2026-02-15 21:19:53,890 - INFO -   ⚠️ Sem novas queries para testar
2026-02-15 21:19:53,891 - INFO - 
📊 Métricas finais para CEFET-RJ:
2026-02-15 21:19:53,891 - INFO -    Total de queries testadas: 2
2026-02-15 21:19:53,892 - INFO -    Queries com sucesso: 0
2026-02-15 21:19:53,972 - INFO - ✅ CEFET-RJ: 442 repositórios
2026-02-15 21:19:53,974 - INFO -    Palavras-chave: trabalho, algoritmos, cefet, repository, projeto, arquivos, dados, cefet rj, cefet-rj, curso
2026-02-15 21:19:56,977 - INFO - 
============================================================
2026-02-15 21:19:56,977 - INFO - 🏛️  Processando CEFET-RJ - Campus Nova Friburgo
2026-02-15 21:19:56,977 - INFO - ============================================================
2026-02-15 21:19:56,977 - INFO - 
🔄 Iteração 1/3 para CEFET-RJ
2026-02-15 21:19:56,977 - INFO -   🔎 Testando: "campus nova"
2026-02-15 21:19:58,168 - INFO -      ✅ 28 resultados (eficiência: 0.08)
2026-02-15 21:19:59,171 - INFO -   🔎 Testando: "cefet-rj"
2026-02-15 21:20:12,715 - INFO -      ✅ 438 resultados (eficiência: 0.30)
2026-02-15 21:20:15,719 - INFO - 
🔄 Iteração 2/3 para CEFET-RJ
2026-02-15 21:20:15,719 - INFO -   ⚠️ Sem novas queries para testar
2026-02-15 21:20:15,720 - INFO - 
📊 Métricas finais para CEFET-RJ:
2026-02-15 21:20:15,720 - INFO -    Total de queries testadas: 2
2026-02-15 21:20:15,720 - INFO -    Queries com sucesso: 0
2026-02-15 21:20:15,794 - INFO - ✅ CEFET-RJ: 462 repositórios
2026-02-15 21:20:15,795 - INFO -    Palavras-chave: trabalho, algoritmos, cefet, nova, projeto, arquivos, dados, cefet rj, cefet-rj, curso
2026-02-15 21:20:18,797 - INFO - 
============================================================
2026-02-15 21:20:18,797 - INFO - 🏛️  Processando CEFET-RJ - Campus Nova Iguaçu
2026-02-15 21:20:18,797 - INFO - ============================================================
2026-02-15 21:20:18,797 - INFO - 
🔄 Iteração 1/3 para CEFET-RJ
2026-02-15 21:20:18,797 - INFO -   🔎 Testando: "campus nova"
2026-02-15 21:20:20,038 - INFO -      ✅ 28 resultados (eficiência: 0.08)
2026-02-15 21:20:21,040 - INFO -   🔎 Testando: "cefet-rj"
2026-02-15 21:20:35,795 - INFO -      ✅ 438 resultados (eficiência: 0.30)
2026-02-15 21:20:38,800 - INFO - 
🔄 Iteração 2/3 para CEFET-RJ
2026-02-15 21:20:38,801 - INFO -   ⚠️ Sem novas queries para testar
2026-02-15 21:20:38,802 - INFO - 
📊 Métricas finais para CEFET-RJ:
2026-02-15 21:20:38,803 - INFO -    Total de queries testadas: 2
2026-02-15 21:20:38,803 - INFO -    Queries com sucesso: 0
2026-02-15 21:20:38,866 - INFO - ✅ CEFET-RJ: 462 repositórios
2026-02-15 21:20:38,866 - INFO -    Palavras-chave: trabalho, algoritmos, cefet, nova, projeto, arquivos, dados, cefet rj, cefet-rj, curso
2026-02-15 21:20:41,869 - INFO - 
============================================================
2026-02-15 21:20:41,869 - INFO - 🏛️  Processando CEFET-RJ - Campus Petrópolis
2026-02-15 21:20:41,869 - INFO - ============================================================
2026-02-15 21:20:41,869 - INFO - 
🔄 Iteração 1/3 para CEFET-RJ
2026-02-15 21:20:41,870 - INFO -   🔎 Testando: "cefet-rj"
2026-02-15 21:20:58,185 - INFO -      ✅ 438 resultados (eficiência: 0.30)
2026-02-15 21:21:01,185 - INFO - 
🔄 Iteração 2/3 para CEFET-RJ
2026-02-15 21:21:01,186 - INFO -   ⚠️ Sem novas queries para testar
2026-02-15 21:21:01,187 - INFO - 
📊 Métricas finais para CEFET-RJ:
2026-02-15 21:21:01,188 - INFO -    Total de queries testadas: 1
2026-02-15 21:21:01,188 - INFO -    Queries com sucesso: 0
2026-02-15 21:21:01,273 - INFO - ✅ CEFET-RJ: 438 repositórios
2026-02-15 21:21:01,273 - INFO -    Palavras-chave: trabalho, algoritmos, cefet, repository, projeto, arquivos, dados, cefet rj, cefet-rj, curso
2026-02-15 21:21:04,277 - INFO - 
============================================================
2026-02-15 21:21:04,277 - INFO - 🏛️  Processando CEFET-RJ - Campus Valença
2026-02-15 21:21:04,277 - INFO - ============================================================
2026-02-15 21:21:04,277 - INFO - 
🔄 Iteração 1/3 para CEFET-RJ
2026-02-15 21:21:04,278 - INFO -   🔎 Testando: "cefet-rj"
2026-02-15 21:21:18,567 - INFO -      ✅ 438 resultados (eficiência: 0.30)
2026-02-15 21:21:21,569 - INFO - 
🔄 Iteração 2/3 para CEFET-RJ
2026-02-15 21:21:21,569 - INFO -   ⚠️ Sem novas queries para testar
2026-02-15 21:21:21,569 - INFO - 
📊 Métricas finais para CEFET-RJ:
2026-02-15 21:21:21,569 - INFO -    Total de queries testadas: 1
2026-02-15 21:21:21,570 - INFO -    Queries com sucesso: 0
2026-02-15 21:21:21,622 - INFO - ✅ CEFET-RJ: 438 repositórios
2026-02-15 21:21:21,624 - INFO -    Palavras-chave: trabalho, algoritmos, cefet, repository, projeto, arquivos, dados, cefet rj, cefet-rj, curso
2026-02-15 21:21:21,632 - INFO - 
📚 Processando Universidades Federais...
2026-02-15 21:21:21,639 - INFO - 
============================================================
2026-02-15 21:21:21,640 - INFO - 🏛️  Processando UFRJ - Universidade Federal do Rio de Janeiro
2026-02-15 21:21:21,641 - INFO - ============================================================
2026-02-15 21:21:21,641 - INFO - 
🔄 Iteração 1/3 para UFRJ
2026-02-15 21:21:21,642 - INFO -   🔎 Testando: "universidade federal"
2026-02-15 21:21:41,010 - INFO -      ✅ 500 resultados (eficiência: 0.30)
2026-02-15 21:21:42,012 - INFO -   🔎 Testando: "ufrj"
2026-02-15 21:22:02,800 - INFO -      ✅ 500 resultados (eficiência: 0.30)
2026-02-15 21:22:05,803 - INFO - 
🔄 Iteração 2/3 para UFRJ
2026-02-15 21:22:05,804 - INFO -   ⚠️ Sem novas queries para testar
2026-02-15 21:22:05,805 - INFO - 
📊 Métricas finais para UFRJ:
2026-02-15 21:22:05,805 - INFO -    Total de queries testadas: 2
2026-02-15 21:22:05,805 - INFO -    Queries com sucesso: 0
2026-02-15 21:22:05,914 - INFO - ✅ UFRJ: 997 repositórios
2026-02-15 21:22:05,914 - INFO -    Palavras-chave: trabalho, desenvolvido, universidade federal, projeto, dados, federal, curso, ufrj, para, sistemas
2026-02-15 21:22:08,918 - INFO - 
============================================================
2026-02-15 21:22:08,918 - INFO - 🏛️  Processando USP - Universidade de São Paulo
2026-02-15 21:22:08,918 - INFO - ============================================================
2026-02-15 21:22:08,918 - INFO - 
🔄 Iteração 1/3 para USP
2026-02-15 21:22:08,918 - INFO -   🔎 Testando: "universidade de"
2026-02-15 21:22:29,349 - INFO -      ✅ 500 resultados (eficiência: 0.30)
2026-02-15 21:22:30,351 - INFO -   🔎 Testando: "usp"
2026-02-15 21:22:50,023 - INFO -      ✅ 500 resultados (eficiência: 0.30)
2026-02-15 21:22:53,026 - INFO - 
🔄 Iteração 2/3 para USP
2026-02-15 21:22:53,028 - INFO -   ⚠️ Sem novas queries para testar
2026-02-15 21:22:53,030 - INFO - 
📊 Métricas finais para USP:
2026-02-15 21:22:53,030 - INFO -    Total de queries testadas: 2
2026-02-15 21:22:53,031 - INFO -    Queries com sucesso: 0
2026-02-15 21:22:53,315 - INFO - ✅ USP: 995 repositórios
2026-02-15 21:22:53,315 - INFO -    Palavras-chave: this, https, button, projeto, style, usp, usps, class, function, href
2026-02-15 21:22:56,318 - INFO - 
============================================================
2026-02-15 21:22:56,319 - INFO - 🏛️  Processando UFMG - Universidade Federal de Minas Gerais
2026-02-15 21:22:56,319 - INFO - ============================================================
2026-02-15 21:22:56,320 - INFO - 
🔄 Iteração 1/3 para UFMG
2026-02-15 21:22:56,320 - INFO -   🔎 Testando: "universidade federal"
2026-02-15 21:23:15,567 - INFO -      ✅ 500 resultados (eficiência: 0.30)
2026-02-15 21:23:16,568 - INFO -   🔎 Testando: "ufmg"
2026-02-15 21:23:37,749 - INFO -      ✅ 500 resultados (eficiência: 0.30)
2026-02-15 21:23:40,753 - INFO - 
🔄 Iteração 2/3 para UFMG
2026-02-15 21:23:40,755 - INFO -   ⚠️ Sem novas queries para testar
2026-02-15 21:23:40,757 - INFO - 
📊 Métricas finais para UFMG:
2026-02-15 21:23:40,757 - INFO -    Total de queries testadas: 2
2026-02-15 21:23:40,758 - INFO -    Queries com sucesso: 0
2026-02-15 21:23:40,902 - INFO - ✅ UFMG: 996 repositórios
2026-02-15 21:23:40,903 - INFO -    Palavras-chave: trabalho, desenvolvido, universidade federal, software, engenharia, projeto, dados, federal, curso, para
2026-02-15 21:23:43,906 - INFO - 
============================================================
2026-02-15 21:23:43,906 - INFO - 🏛️  Processando UNB - Universidade de Brasília
2026-02-15 21:23:43,907 - INFO - ============================================================
2026-02-15 21:23:43,907 - INFO - 
🔄 Iteração 1/3 para UNB
2026-02-15 21:23:43,907 - INFO -   🔎 Testando: "unb"
2026-02-15 21:24:02,433 - INFO -      ✅ 500 resultados (eficiência: 0.30)
2026-02-15 21:24:03,435 - INFO -   🔎 Testando: "universidade de"
2026-02-15 21:24:20,935 - INFO -      ✅ 500 resultados (eficiência: 0.30)
2026-02-15 21:24:23,937 - INFO - 
🔄 Iteração 2/3 para UNB
2026-02-15 21:24:23,939 - INFO -   ⚠️ Sem novas queries para testar
2026-02-15 21:24:23,941 - INFO - 
📊 Métricas finais para UNB:
2026-02-15 21:24:23,941 - INFO -    Total de queries testadas: 2
2026-02-15 21:24:23,942 - INFO -    Queries com sucesso: 0
2026-02-15 21:24:24,094 - INFO - ✅ UNB: 993 repositórios
2026-02-15 21:24:24,095 - INFO -    Palavras-chave: trabalho, software, engenharia, brasília, projeto, unblock, curso, unb, paulo, para
2026-02-15 21:24:27,098 - INFO - 
============================================================
2026-02-15 21:24:27,098 - INFO - 🏛️  Processando UFC - Universidade Federal do Ceará
2026-02-15 21:24:27,099 - INFO - ============================================================
2026-02-15 21:24:27,099 - INFO - 
🔄 Iteração 1/3 para UFC
2026-02-15 21:24:27,099 - INFO -   🔎 Testando: "ufc"
2026-02-15 21:24:46,538 - INFO -      ✅ 500 resultados (eficiência: 0.30)
2026-02-15 21:24:47,539 - INFO -   🔎 Testando: "universidade federal"
2026-02-15 21:25:05,156 - INFO -      ✅ 500 resultados (eficiência: 0.30)
2026-02-15 21:25:08,160 - INFO - 
🔄 Iteração 2/3 para UFC
2026-02-15 21:25:08,163 - INFO -   ⚠️ Sem novas queries para testar
2026-02-15 21:25:08,165 - INFO - 
📊 Métricas finais para UFC:
2026-02-15 21:25:08,165 - INFO -    Total de queries testadas: 2
2026-02-15 21:25:08,166 - INFO -    Queries com sucesso: 0
2026-02-15 21:25:08,541 - INFO - ✅ UFC: 984 repositórios
2026-02-15 21:25:08,541 - INFO -    Palavras-chave: http, english, token, group, federal, live, movie, extinf, logo, title
2026-02-15 21:25:11,542 - INFO - 
============================================================
2026-02-15 21:25:11,542 - INFO - 🏛️  Processando UFPE - Universidade Federal de Pernambuco
2026-02-15 21:25:11,542 - INFO - ============================================================
2026-02-15 21:25:11,542 - INFO - 
🔄 Iteração 1/3 para UFPE
2026-02-15 21:25:11,542 - INFO -   🔎 Testando: "ufpe"
2026-02-15 21:25:31,604 - INFO -      ✅ 500 resultados (eficiência: 0.30)
2026-02-15 21:25:32,605 - INFO -   🔎 Testando: "universidade federal"
2026-02-15 21:25:50,057 - INFO -      ✅ 500 resultados (eficiência: 0.30)
2026-02-15 21:25:53,061 - INFO - 
🔄 Iteração 2/3 para UFPE
2026-02-15 21:25:53,063 - INFO -   ⚠️ Sem novas queries para testar
2026-02-15 21:25:53,065 - INFO - 
📊 Métricas finais para UFPE:
2026-02-15 21:25:53,066 - INFO -    Total de queries testadas: 2
2026-02-15 21:25:53,066 - INFO -    Queries com sucesso: 0
2026-02-15 21:25:53,166 - INFO - ✅ UFPE: 994 repositórios
2026-02-15 21:25:53,166 - INFO -    Palavras-chave: trabalho, universidade federal, engenharia, software, projeto, dados, federal, curso, cin, para
2026-02-15 21:25:56,170 - INFO - 
============================================================
2026-02-15 21:25:56,170 - INFO - 🏛️  Processando UFRGS - Universidade Federal do Rio Grande do Sul
2026-02-15 21:25:56,170 - INFO - ============================================================
2026-02-15 21:25:56,171 - INFO - 
🔄 Iteração 1/3 para UFRGS
2026-02-15 21:25:56,171 - INFO -   🔎 Testando: "ufrgs"
2026-02-15 21:26:16,474 - INFO -      ✅ 500 resultados (eficiência: 0.30)
2026-02-15 21:26:17,476 - INFO -   🔎 Testando: "universidade federal"
2026-02-15 21:26:34,717 - INFO -      ✅ 500 resultados (eficiência: 0.30)
2026-02-15 21:26:37,720 - INFO - 
🔄 Iteração 2/3 para UFRGS
2026-02-15 21:26:37,721 - INFO -   ⚠️ Sem novas queries para testar
2026-02-15 21:26:37,721 - INFO - 
📊 Métricas finais para UFRGS:
2026-02-15 21:26:37,721 - INFO -    Total de queries testadas: 2
2026-02-15 21:26:37,721 - INFO -    Queries com sucesso: 0
2026-02-15 21:26:37,828 - INFO - ✅ UFRGS: 996 repositórios
2026-02-15 21:26:37,829 - INFO -    Palavras-chave: trabalho, desenvolvido, universidade federal, projeto, dados, federal, curso, para, sistemas, universidade
2026-02-15 21:26:40,830 - INFO - 
============================================================
2026-02-15 21:26:40,830 - INFO - 🏛️  Processando UFPR - Universidade Federal do Paraná
2026-02-15 21:26:40,830 - INFO - ============================================================
2026-02-15 21:26:40,830 - INFO - 
🔄 Iteração 1/3 para UFPR
2026-02-15 21:26:40,831 - INFO -   🔎 Testando: "universidade federal"
2026-02-15 21:26:58,252 - INFO -      ✅ 500 resultados (eficiência: 0.30)
2026-02-15 21:26:59,254 - INFO -   🔎 Testando: "ufpr"
2026-02-15 21:27:20,114 - INFO -      ✅ 500 resultados (eficiência: 0.30)
2026-02-15 21:27:23,117 - INFO - 
🔄 Iteração 2/3 para UFPR
2026-02-15 21:27:23,118 - INFO -   ⚠️ Sem novas queries para testar
2026-02-15 21:27:23,119 - INFO - 
📊 Métricas finais para UFPR:
2026-02-15 21:27:23,119 - INFO -    Total de queries testadas: 2
2026-02-15 21:27:23,120 - INFO -    Queries com sucesso: 0
2026-02-15 21:27:23,271 - INFO - ✅ UFPR: 997 repositórios
2026-02-15 21:27:23,271 - INFO -    Palavras-chave: trabalho, desenvolvido, universidade federal, sistema, projeto, dados, federal, curso, para, sistemas
2026-02-15 21:27:26,274 - INFO - 
============================================================
2026-02-15 21:27:26,274 - INFO - 🏛️  Processando UFSC - Universidade Federal de Santa Catarina
2026-02-15 21:27:26,275 - INFO - ============================================================
2026-02-15 21:27:26,275 - INFO - 
🔄 Iteração 1/3 para UFSC
2026-02-15 21:27:26,275 - INFO -   🔎 Testando: "universidade federal"
2026-02-15 21:27:42,554 - INFO -      ✅ 500 resultados (eficiência: 0.30)
2026-02-15 21:27:43,555 - INFO -   🔎 Testando: "ufsc"
2026-02-15 21:28:03,053 - INFO -      ✅ 500 resultados (eficiência: 0.30)
2026-02-15 21:28:06,057 - INFO - 
🔄 Iteração 2/3 para UFSC
2026-02-15 21:28:06,058 - INFO -   ⚠️ Sem novas queries para testar
2026-02-15 21:28:06,060 - INFO - 
📊 Métricas finais para UFSC:
2026-02-15 21:28:06,060 - INFO -    Total de queries testadas: 2
2026-02-15 21:28:06,061 - INFO -    Queries com sucesso: 0
2026-02-15 21:28:06,161 - INFO - ✅ UFSC: 991 repositórios
2026-02-15 21:28:06,161 - INFO -    Palavras-chave: trabalho, desenvolvido, universidade federal, ufscar, projeto, dados, federal, curso, para, sistemas
2026-02-15 21:28:09,162 - INFO - 
============================================================
2026-02-15 21:28:09,163 - INFO - 🏛️  Processando UFBA - Universidade Federal da Bahia
2026-02-15 21:28:09,163 - INFO - ============================================================
2026-02-15 21:28:09,163 - INFO - 
🔄 Iteração 1/3 para UFBA
2026-02-15 21:28:09,164 - INFO -   🔎 Testando: "ufba"
2026-02-15 21:28:30,855 - INFO -      ✅ 500 resultados (eficiência: 0.30)
2026-02-15 21:28:31,856 - INFO -   🔎 Testando: "universidade federal"
2026-02-15 21:28:49,504 - INFO -      ✅ 500 resultados (eficiência: 0.30)
2026-02-15 21:28:52,507 - INFO - 
🔄 Iteração 2/3 para UFBA
2026-02-15 21:28:52,508 - INFO -   ⚠️ Sem novas queries para testar
2026-02-15 21:28:52,513 - INFO - 
📊 Métricas finais para UFBA:
2026-02-15 21:28:52,514 - INFO -    Total de queries testadas: 2
2026-02-15 21:28:52,514 - INFO -    Queries com sucesso: 0
2026-02-15 21:28:52,693 - INFO - ✅ UFBA: 993 repositórios
2026-02-15 21:28:52,693 - INFO -    Palavras-chave: trabalho, desenvolvido, universidade federal, engenharia, sistema, ufba, projeto, dados, federal, curso
2026-02-15 21:28:55,698 - INFO - 
============================================================
2026-02-15 21:28:55,698 - INFO - 🏛️  Processando UFF - Universidade Federal Fluminense
2026-02-15 21:28:55,698 - INFO - ============================================================
2026-02-15 21:28:55,699 - INFO - 
🔄 Iteração 1/3 para UFF
2026-02-15 21:28:55,699 - INFO -   🔎 Testando: "uff"
2026-02-15 21:29:16,869 - INFO -      ✅ 500 resultados (eficiência: 0.30)
2026-02-15 21:29:17,871 - INFO -   🔎 Testando: "universidade federal"
2026-02-15 21:29:33,640 - INFO -      ✅ 500 resultados (eficiência: 0.30)
2026-02-15 21:29:36,641 - INFO - 
🔄 Iteração 2/3 para UFF
2026-02-15 21:29:36,643 - INFO -   ⚠️ Sem novas queries para testar
2026-02-15 21:29:36,645 - INFO - 
📊 Métricas finais para UFF:
2026-02-15 21:29:36,645 - INFO -    Total de queries testadas: 2
2026-02-15 21:29:36,646 - INFO -    Queries com sucesso: 0
2026-02-15 21:29:36,858 - INFO - ✅ UFF: 984 repositórios
2026-02-15 21:29:36,858 - INFO -    Palavras-chave: trabalho, desenvolvido, universidade federal, uffs, projeto, dados, federal, curso, para, sistemas
2026-02-15 21:29:39,862 - INFO - 
============================================================
2026-02-15 21:29:39,862 - INFO - 🏛️  Processando UFG - Universidade Federal de Goiás
2026-02-15 21:29:39,862 - INFO - ============================================================
2026-02-15 21:29:39,863 - INFO - 
🔄 Iteração 1/3 para UFG
2026-02-15 21:29:39,863 - INFO -   🔎 Testando: "ufg"
2026-02-15 21:30:01,022 - INFO -      ✅ 500 resultados (eficiência: 0.30)
2026-02-15 21:30:02,023 - INFO -   🔎 Testando: "universidade federal"
2026-02-15 21:30:16,907 - INFO -      ✅ 500 resultados (eficiência: 0.30)
2026-02-15 21:30:19,909 - INFO - 
🔄 Iteração 2/3 para UFG
2026-02-15 21:30:19,911 - INFO -   ⚠️ Sem novas queries para testar
2026-02-15 21:30:19,913 - INFO - 
📊 Métricas finais para UFG:
2026-02-15 21:30:19,913 - INFO -    Total de queries testadas: 2
2026-02-15 21:30:19,914 - INFO -    Queries com sucesso: 0
2026-02-15 21:30:20,463 - INFO - ✅ UFG: 992 repositórios
2026-02-15 21:30:20,464 - INFO -    Palavras-chave: trabalho, desenvolvido, universidade federal, software, ufg, engenharia, sistema, projeto, dados, federal
2026-02-15 21:30:23,466 - INFO - 
============================================================
2026-02-15 21:30:23,467 - INFO - 🏛️  Processando UFPA - Universidade Federal do Pará
2026-02-15 21:30:23,467 - INFO - ============================================================
2026-02-15 21:30:23,467 - INFO - 
🔄 Iteração 1/3 para UFPA
2026-02-15 21:30:23,468 - INFO -   🔎 Testando: "ufpa"
2026-02-15 21:30:44,461 - INFO -      ✅ 500 resultados (eficiência: 0.30)
2026-02-15 21:30:45,463 - INFO -   🔎 Testando: "universidade federal"
2026-02-15 21:31:00,931 - INFO -      ✅ 500 resultados (eficiência: 0.30)
2026-02-15 21:31:03,936 - INFO - 
🔄 Iteração 2/3 para UFPA
2026-02-15 21:31:03,937 - INFO -   ⚠️ Sem novas queries para testar
2026-02-15 21:31:03,939 - INFO - 
📊 Métricas finais para UFPA:
2026-02-15 21:31:03,940 - INFO -    Total de queries testadas: 2
2026-02-15 21:31:03,940 - INFO -    Queries com sucesso: 0
2026-02-15 21:31:04,035 - INFO - ✅ UFPA: 997 repositórios
2026-02-15 21:31:04,035 - INFO -    Palavras-chave: trabalho, ufpa, universidade federal, engenharia, desenvolvido, sistema, projeto, dados, federal, curso
2026-02-15 21:31:07,038 - INFO - 
============================================================
2026-02-15 21:31:07,038 - INFO - 🏛️  Processando UFRN - Universidade Federal do Rio Grande do Norte
2026-02-15 21:31:07,038 - INFO - ============================================================
2026-02-15 21:31:07,038 - INFO - 
🔄 Iteração 1/3 para UFRN
2026-02-15 21:31:07,038 - INFO -   🔎 Testando: "ufrn"
2026-02-15 21:31:27,753 - INFO -      ✅ 500 resultados (eficiência: 0.30)
2026-02-15 21:31:28,755 - INFO -   🔎 Testando: "universidade federal"
2026-02-15 21:31:44,919 - INFO -      ✅ 500 resultados (eficiência: 0.30)
2026-02-15 21:31:47,923 - INFO - 
🔄 Iteração 2/3 para UFRN
2026-02-15 21:31:47,924 - INFO -   ⚠️ Sem novas queries para testar
2026-02-15 21:31:47,926 - INFO - 
📊 Métricas finais para UFRN:
2026-02-15 21:31:47,927 - INFO -    Total de queries testadas: 2
2026-02-15 21:31:47,928 - INFO -    Queries com sucesso: 0
2026-02-15 21:31:48,033 - INFO - ✅ UFRN: 994 repositórios
2026-02-15 21:31:48,033 - INFO -    Palavras-chave: trabalho, desenvolvido, universidade federal, engenharia, sistema, projeto, dados, federal, curso, para
2026-02-15 21:31:51,038 - INFO - 
============================================================
2026-02-15 21:31:51,038 - INFO - 🏛️  Processando UFES - Universidade Federal do Espírito Santo
2026-02-15 21:31:51,038 - INFO - ============================================================
2026-02-15 21:31:51,039 - INFO - 
🔄 Iteração 1/3 para UFES
2026-02-15 21:31:51,039 - INFO -   🔎 Testando: "universidade federal"
2026-02-15 21:32:06,957 - INFO -      ✅ 500 resultados (eficiência: 0.30)
2026-02-15 21:32:07,959 - INFO -   🔎 Testando: "ufes"
2026-02-15 21:32:28,808 - INFO -      ✅ 500 resultados (eficiência: 0.30)
2026-02-15 21:32:31,811 - INFO - 
🔄 Iteração 2/3 para UFES
2026-02-15 21:32:31,812 - INFO -   ⚠️ Sem novas queries para testar
2026-02-15 21:32:31,812 - INFO - 
📊 Métricas finais para UFES:
2026-02-15 21:32:31,812 - INFO -    Total de queries testadas: 2
2026-02-15 21:32:31,812 - INFO -    Queries com sucesso: 0
2026-02-15 21:32:31,943 - INFO - ✅ UFES: 998 repositórios
2026-02-15 21:32:31,943 - INFO -    Palavras-chave: trabalho, desenvolvido, universidade federal, engenharia, projeto, dados, federal, curso, para, sistemas
2026-02-15 21:32:34,946 - INFO - 
============================================================
2026-02-15 21:32:34,946 - INFO - 🏛️  Processando UFPB - Universidade Federal da Paraíba
2026-02-15 21:32:34,946 - INFO - ============================================================
2026-02-15 21:32:34,946 - INFO - 
🔄 Iteração 1/3 para UFPB
2026-02-15 21:32:34,947 - INFO -   🔎 Testando: "universidade federal"
2026-02-15 21:32:50,425 - INFO -      ✅ 500 resultados (eficiência: 0.30)
2026-02-15 21:32:51,427 - INFO -   🔎 Testando: "ufpb"
2026-02-15 21:33:11,801 - INFO -      ✅ 500 resultados (eficiência: 0.30)
2026-02-15 21:33:14,805 - INFO - 
🔄 Iteração 2/3 para UFPB
2026-02-15 21:33:14,805 - INFO -   ⚠️ Sem novas queries para testar
2026-02-15 21:33:14,806 - INFO - 
📊 Métricas finais para UFPB:
2026-02-15 21:33:14,806 - INFO -    Total de queries testadas: 2
2026-02-15 21:33:14,806 - INFO -    Queries com sucesso: 0
2026-02-15 21:33:14,898 - INFO - ✅ UFPB: 991 repositórios
2026-02-15 21:33:14,898 - INFO -    Palavras-chave: trabalho, desenvolvido, universidade federal, engenharia, projeto, dados, federal, ufpb, curso, para
2026-02-15 21:33:17,901 - INFO - 
============================================================
2026-02-15 21:33:17,901 - INFO - 🏛️  Processando UFPI - Universidade Federal do Piauí
2026-02-15 21:33:17,901 - INFO - ============================================================
2026-02-15 21:33:17,901 - INFO - 
🔄 Iteração 1/3 para UFPI
2026-02-15 21:33:17,902 - INFO -   🔎 Testando: "universidade federal"
2026-02-15 21:33:33,094 - INFO -      ✅ 500 resultados (eficiência: 0.30)
2026-02-15 21:33:34,096 - INFO -   🔎 Testando: "ufpi"
2026-02-15 21:33:51,832 - INFO -      ✅ 423 resultados (eficiência: 0.30)
2026-02-15 21:33:54,836 - INFO - 
🔄 Iteração 2/3 para UFPI
2026-02-15 21:33:54,837 - INFO -   ⚠️ Sem novas queries para testar
2026-02-15 21:33:54,839 - INFO - 
📊 Métricas finais para UFPI:
2026-02-15 21:33:54,840 - INFO -    Total de queries testadas: 2
2026-02-15 21:33:54,840 - INFO -    Queries com sucesso: 0
2026-02-15 21:33:54,953 - INFO - ✅ UFPI: 920 repositórios
2026-02-15 21:33:54,953 - INFO -    Palavras-chave: trabalho, desenvolvido, universidade federal, engenharia, sistema, ufpi, projeto, federal, dados, curso
2026-02-15 21:33:57,954 - INFO - 
============================================================
2026-02-15 21:33:57,955 - INFO - 🏛️  Processando UFAM - Universidade Federal do Amazonas
2026-02-15 21:33:57,955 - INFO - ============================================================
2026-02-15 21:33:57,955 - INFO - 
🔄 Iteração 1/3 para UFAM
2026-02-15 21:33:57,956 - INFO -   🔎 Testando: "universidade federal"
2026-02-15 21:34:13,119 - INFO -      ✅ 500 resultados (eficiência: 0.30)
2026-02-15 21:34:14,121 - INFO -   🔎 Testando: "ufam"
2026-02-15 21:34:34,621 - INFO -      ✅ 500 resultados (eficiência: 0.30)
2026-02-15 21:34:37,624 - INFO - 
🔄 Iteração 2/3 para UFAM
2026-02-15 21:34:37,625 - INFO -   ⚠️ Sem novas queries para testar
2026-02-15 21:34:37,625 - INFO - 
📊 Métricas finais para UFAM:
2026-02-15 21:34:37,625 - INFO -    Total de queries testadas: 2
2026-02-15 21:34:37,625 - INFO -    Queries com sucesso: 0
2026-02-15 21:34:37,735 - INFO - ✅ UFAM: 998 repositórios
2026-02-15 21:34:37,736 - INFO -    Palavras-chave: trabalho, desenvolvido, universidade federal, engenharia, sistema, projeto, dados, federal, curso, para
2026-02-15 21:34:40,737 - INFO - 
============================================================
2026-02-15 21:34:40,737 - INFO - 🏛️  Processando UFAL - Universidade Federal de Alagoas
2026-02-15 21:34:40,737 - INFO - ============================================================
2026-02-15 21:34:40,737 - INFO - 
🔄 Iteração 1/3 para UFAL
2026-02-15 21:34:40,737 - INFO -   🔎 Testando: "ufal"
2026-02-15 21:35:01,589 - INFO -      ✅ 500 resultados (eficiência: 0.30)
2026-02-15 21:35:02,590 - INFO -   🔎 Testando: "universidade federal"
2026-02-15 21:35:18,033 - INFO -      ✅ 500 resultados (eficiência: 0.30)
2026-02-15 21:35:21,037 - INFO - 
🔄 Iteração 2/3 para UFAL
2026-02-15 21:35:21,039 - INFO -   ⚠️ Sem novas queries para testar
2026-02-15 21:35:21,041 - INFO - 
📊 Métricas finais para UFAL:
2026-02-15 21:35:21,041 - INFO -    Total de queries testadas: 2
2026-02-15 21:35:21,042 - INFO -    Queries com sucesso: 0
2026-02-15 21:35:21,136 - INFO - ✅ UFAL: 995 repositórios
2026-02-15 21:35:21,136 - INFO -    Palavras-chave: trabalho, desenvolvido, universidade federal, engenharia, sistema, projeto, dados, federal, curso, para
2026-02-15 21:35:24,138 - INFO - 
============================================================
2026-02-15 21:35:24,138 - INFO - 🏛️  Processando UFMA - Universidade Federal do Maranhão
2026-02-15 21:35:24,139 - INFO - ============================================================
2026-02-15 21:35:24,139 - INFO - 
🔄 Iteração 1/3 para UFMA
2026-02-15 21:35:24,139 - INFO -   🔎 Testando: "ufma"
2026-02-15 21:35:44,328 - INFO -      ✅ 460 resultados (eficiência: 0.30)
2026-02-15 21:35:45,329 - INFO -   🔎 Testando: "universidade federal"
2026-02-15 21:36:01,248 - INFO -      ✅ 500 resultados (eficiência: 0.30)
2026-02-15 21:36:04,252 - INFO - 
🔄 Iteração 2/3 para UFMA
2026-02-15 21:36:04,253 - INFO -   ⚠️ Sem novas queries para testar
2026-02-15 21:36:04,255 - INFO - 
📊 Métricas finais para UFMA:
2026-02-15 21:36:04,256 - INFO -    Total de queries testadas: 2
2026-02-15 21:36:04,257 - INFO -    Queries com sucesso: 0
2026-02-15 21:36:04,352 - INFO - ✅ UFMA: 958 repositórios
2026-02-15 21:36:04,352 - INFO -    Palavras-chave: trabalho, desenvolvido, universidade federal, engenharia, ufma, software, sistema, projeto, dados, federal
2026-02-15 21:36:07,353 - INFO - 
============================================================
2026-02-15 21:36:07,353 - INFO - 🏛️  Processando UFMT - Universidade Federal de Mato Grosso
2026-02-15 21:36:07,354 - INFO - ============================================================
2026-02-15 21:36:07,354 - INFO - 
🔄 Iteração 1/3 para UFMT
2026-02-15 21:36:07,354 - INFO -   🔎 Testando: "universidade federal"
2026-02-15 21:36:22,396 - INFO -      ✅ 500 resultados (eficiência: 0.30)
2026-02-15 21:36:23,397 - INFO -   🔎 Testando: "ufmt"
2026-02-15 21:36:38,145 - INFO -      ✅ 353 resultados (eficiência: 0.30)
2026-02-15 21:36:41,150 - INFO - 
🔄 Iteração 2/3 para UFMT
2026-02-15 21:36:41,151 - INFO -   ⚠️ Sem novas queries para testar
2026-02-15 21:36:41,153 - INFO - 
📊 Métricas finais para UFMT:
2026-02-15 21:36:41,153 - INFO -    Total de queries testadas: 2
2026-02-15 21:36:41,154 - INFO -    Queries com sucesso: 0
2026-02-15 21:36:41,247 - INFO - ✅ UFMT: 853 repositórios
2026-02-15 21:36:41,247 - INFO -    Palavras-chave: trabalho, desenvolvido, universidade federal, engenharia, projeto, dados, federal, curso, para, sistemas
2026-02-15 21:36:44,250 - INFO - 
============================================================
2026-02-15 21:36:44,250 - INFO - 🏛️  Processando UFS - Universidade Federal de Sergipe
2026-02-15 21:36:44,250 - INFO - ============================================================
2026-02-15 21:36:44,250 - INFO - 
🔄 Iteração 1/3 para UFS
2026-02-15 21:36:44,250 - INFO -   🔎 Testando: "ufs"
2026-02-15 21:37:03,048 - INFO -      ✅ 500 resultados (eficiência: 0.30)
2026-02-15 21:37:04,049 - INFO -   🔎 Testando: "universidade federal"
2026-02-15 21:37:20,049 - INFO -      ✅ 500 resultados (eficiência: 0.30)
2026-02-15 21:37:23,053 - INFO - 
🔄 Iteração 2/3 para UFS
2026-02-15 21:37:23,055 - INFO -   ⚠️ Sem novas queries para testar
2026-02-15 21:37:23,057 - INFO - 
📊 Métricas finais para UFS:
2026-02-15 21:37:23,057 - INFO -    Total de queries testadas: 2
2026-02-15 21:37:23,058 - INFO -    Queries com sucesso: 0
2026-02-15 21:37:23,261 - INFO - ✅ UFS: 988 repositórios
2026-02-15 21:37:23,262 - INFO -    Palavras-chave: trabalho, desenvolvido, universidade federal, ufscar, ufs, projeto, dados, federal, curso, para
2026-02-15 21:37:26,265 - INFO - 
============================================================
2026-02-15 21:37:26,266 - INFO - 🏛️  Processando UFRRJ - Universidade Federal Rural do Rio de Janeiro
2026-02-15 21:37:26,266 - INFO - ============================================================
2026-02-15 21:37:26,266 - INFO - 
🔄 Iteração 1/3 para UFRRJ
2026-02-15 21:37:26,266 - INFO -   🔎 Testando: "ufrrj"
2026-02-15 21:37:42,621 - INFO -      ✅ 401 resultados (eficiência: 0.30)
2026-02-15 21:37:43,623 - INFO -   🔎 Testando: "universidade federal"
2026-02-15 21:37:57,814 - INFO -      ✅ 500 resultados (eficiência: 0.30)
2026-02-15 21:38:00,818 - INFO - 
🔄 Iteração 2/3 para UFRRJ
2026-02-15 21:38:00,819 - INFO -   ⚠️ Sem novas queries para testar
2026-02-15 21:38:00,821 - INFO - 
📊 Métricas finais para UFRRJ:
2026-02-15 21:38:00,823 - INFO -    Total de queries testadas: 2
2026-02-15 21:38:00,827 - INFO -    Queries com sucesso: 0
2026-02-15 21:38:00,965 - INFO - ✅ UFRRJ: 900 repositórios
2026-02-15 21:38:00,969 - INFO -    Palavras-chave: trabalho, desenvolvido, universidade federal, sistema, projeto, dados, federal, curso, para, sistemas
2026-02-15 21:38:03,973 - INFO - 
============================================================
2026-02-15 21:38:03,974 - INFO - 🏛️  Processando UFSM - Universidade Federal de Santa Maria
2026-02-15 21:38:03,974 - INFO - ============================================================
2026-02-15 21:38:03,974 - INFO - 
🔄 Iteração 1/3 para UFSM
2026-02-15 21:38:03,975 - INFO -   🔎 Testando: "universidade federal"
2026-02-15 21:38:20,001 - INFO -      ✅ 500 resultados (eficiência: 0.30)
2026-02-15 21:38:21,001 - INFO -   🔎 Testando: "ufsm"
2026-02-15 21:38:41,614 - INFO -      ✅ 500 resultados (eficiência: 0.30)
2026-02-15 21:38:44,617 - INFO - 
🔄 Iteração 2/3 para UFSM
2026-02-15 21:38:44,619 - INFO -   ⚠️ Sem novas queries para testar
2026-02-15 21:38:44,621 - INFO - 
📊 Métricas finais para UFSM:
2026-02-15 21:38:44,621 - INFO -    Total de queries testadas: 2
2026-02-15 21:38:44,626 - INFO -    Queries com sucesso: 0
2026-02-15 21:38:44,770 - INFO - ✅ UFSM: 997 repositórios
2026-02-15 21:38:44,771 - INFO -    Palavras-chave: trabalho, desenvolvido, universidade federal, software, projeto, dados, federal, curso, para, sistemas
2026-02-15 21:38:47,775 - INFO - 
============================================================
2026-02-15 21:38:47,776 - INFO - 🏛️  Processando UFU - Universidade Federal de Uberlândia
2026-02-15 21:38:47,776 - INFO - ============================================================
2026-02-15 21:38:47,777 - INFO - 
🔄 Iteração 1/3 para UFU
2026-02-15 21:38:47,777 - INFO -   🔎 Testando: "ufu"
2026-02-15 21:39:08,426 - INFO -      ✅ 500 resultados (eficiência: 0.30)
2026-02-15 21:39:09,428 - INFO -   🔎 Testando: "universidade federal"
2026-02-15 21:39:25,200 - INFO -      ✅ 500 resultados (eficiência: 0.30)
2026-02-15 21:39:28,204 - INFO - 
🔄 Iteração 2/3 para UFU
2026-02-15 21:39:28,205 - INFO -   ⚠️ Sem novas queries para testar
2026-02-15 21:39:28,207 - INFO - 
📊 Métricas finais para UFU:
2026-02-15 21:39:28,208 - INFO -    Total de queries testadas: 2
2026-02-15 21:39:28,208 - INFO -    Queries com sucesso: 0
2026-02-15 21:39:28,301 - INFO - ✅ UFU: 989 repositórios
2026-02-15 21:39:28,301 - INFO -    Palavras-chave: trabalho, desenvolvido, universidade federal, projeto, dados, federal, github, curso, para, config
2026-02-15 21:39:31,302 - INFO - 
============================================================
2026-02-15 21:39:31,302 - INFO - 🏛️  Processando UEL - Universidade Estadual de Londrina
2026-02-15 21:39:31,302 - INFO - ============================================================
2026-02-15 21:39:31,302 - INFO - 
🔄 Iteração 1/3 para UEL
2026-02-15 21:39:31,302 - INFO -   🔎 Testando: "universidade estadual"
2026-02-15 21:39:52,312 - INFO -      ✅ 500 resultados (eficiência: 0.30)
2026-02-15 21:39:53,314 - INFO -   🔎 Testando: "uel"
2026-02-15 21:40:13,884 - INFO -      ✅ 500 resultados (eficiência: 0.30)
2026-02-15 21:40:16,889 - INFO - 
🔄 Iteração 2/3 para UEL
2026-02-15 21:40:16,890 - INFO -   ⚠️ Sem novas queries para testar
2026-02-15 21:40:16,892 - INFO - 
📊 Métricas finais para UEL:
2026-02-15 21:40:16,893 - INFO -    Total de queries testadas: 2
2026-02-15 21:40:16,896 - INFO -    Queries com sucesso: 0
2026-02-15 21:40:17,030 - INFO - ✅ UEL: 993 repositórios
2026-02-15 21:40:17,031 - INFO -    Palavras-chave: trabalho, uel, desenvolvido, engenharia, campinas, uel106, projeto, dados, curso, estadual
2026-02-15 21:40:20,034 - INFO - 
============================================================
2026-02-15 21:40:20,034 - INFO - 🏛️  Processando UFV - Universidade Federal de Viçosa
2026-02-15 21:40:20,034 - INFO - ============================================================
2026-02-15 21:40:20,034 - INFO - 
🔄 Iteração 1/3 para UFV
2026-02-15 21:40:20,035 - INFO -   🔎 Testando: "ufv"
2026-02-15 21:40:41,858 - INFO -      ✅ 500 resultados (eficiência: 0.30)
2026-02-15 21:40:42,859 - INFO -   🔎 Testando: "universidade federal"
2026-02-15 21:40:57,500 - INFO -      ✅ 500 resultados (eficiência: 0.30)
2026-02-15 21:41:00,503 - INFO - 
🔄 Iteração 2/3 para UFV
2026-02-15 21:41:00,503 - INFO -   ⚠️ Sem novas queries para testar
2026-02-15 21:41:00,504 - INFO - 
📊 Métricas finais para UFV:
2026-02-15 21:41:00,504 - INFO -    Total de queries testadas: 2
2026-02-15 21:41:00,504 - INFO -    Queries com sucesso: 0
2026-02-15 21:41:00,614 - INFO - ✅ UFV: 992 repositórios
2026-02-15 21:41:00,614 - INFO -    Palavras-chave: trabalho, desenvolvido, universidade federal, sistema, projeto, dados, federal, curso, para, sistemas
2026-02-15 21:41:03,619 - INFO - 
============================================================
2026-02-15 21:41:03,619 - INFO - 🏛️  Processando UFMS - Universidade Federal de Mato Grosso do Sul
2026-02-15 21:41:03,620 - INFO - ============================================================
2026-02-15 21:41:03,620 - INFO - 
🔄 Iteração 1/3 para UFMS
2026-02-15 21:41:03,620 - INFO -   🔎 Testando: "ufms"
2026-02-15 21:41:23,879 - INFO -      ✅ 500 resultados (eficiência: 0.30)
2026-02-15 21:41:24,880 - INFO -   🔎 Testando: "universidade federal"
2026-02-15 21:41:39,729 - INFO -      ✅ 500 resultados (eficiência: 0.30)
2026-02-15 21:41:42,733 - INFO - 
🔄 Iteração 2/3 para UFMS
2026-02-15 21:41:42,734 - INFO -   ⚠️ Sem novas queries para testar
2026-02-15 21:41:42,736 - INFO - 
📊 Métricas finais para UFMS:
2026-02-15 21:41:42,738 - INFO -    Total de queries testadas: 2
2026-02-15 21:41:42,739 - INFO -    Queries com sucesso: 0
2026-02-15 21:41:42,853 - INFO - ✅ UFMS: 997 repositórios
2026-02-15 21:41:42,854 - INFO -    Palavras-chave: trabalho, desenvolvido, universidade federal, engenharia, sistema, projeto, dados, federal, curso, para
2026-02-15 21:41:45,858 - INFO - 
============================================================
2026-02-15 21:41:45,859 - INFO - 🏛️  Processando UNIRIO - Universidade Federal do Estado do Rio de Janeiro
2026-02-15 21:41:45,859 - INFO - ============================================================
2026-02-15 21:41:45,859 - INFO - 
🔄 Iteração 1/3 para UNIRIO
2026-02-15 21:41:45,859 - INFO -   🔎 Testando: "universidade federal"
2026-02-15 21:42:01,112 - INFO -      ✅ 500 resultados (eficiência: 0.30)
2026-02-15 21:42:02,114 - INFO -   🔎 Testando: "unirio"
2026-02-15 21:42:20,563 - INFO -      ✅ 425 resultados (eficiência: 0.30)
2026-02-15 21:42:23,568 - INFO - 
🔄 Iteração 2/3 para UNIRIO
2026-02-15 21:42:23,569 - INFO -   ⚠️ Sem novas queries para testar
2026-02-15 21:42:23,571 - INFO - 
📊 Métricas finais para UNIRIO:
2026-02-15 21:42:23,572 - INFO -    Total de queries testadas: 2
2026-02-15 21:42:23,572 - INFO -    Queries com sucesso: 0
2026-02-15 21:42:23,669 - INFO - ✅ UNIRIO: 924 repositórios
2026-02-15 21:42:23,669 - INFO -    Palavras-chave: trabalho, desenvolvido, universidade federal, unirio, sistema, site, projeto, federal, curso, para
2026-02-15 21:42:26,669 - INFO - 
============================================================
2026-02-15 21:42:26,669 - INFO - 🏛️  Processando UNIFESP - Universidade Federal de São Paulo
2026-02-15 21:42:26,670 - INFO - ============================================================
2026-02-15 21:42:26,670 - INFO - 
🔄 Iteração 1/3 para UNIFESP
2026-02-15 21:42:26,670 - INFO -   🔎 Testando: "universidade federal"
2026-02-15 21:42:40,222 - INFO -      ✅ 500 resultados (eficiência: 0.30)
2026-02-15 21:42:41,223 - INFO -   🔎 Testando: "unifesp"
2026-02-15 21:43:02,263 - INFO -      ✅ 500 resultados (eficiência: 0.30)
2026-02-15 21:43:05,268 - INFO - 
🔄 Iteração 2/3 para UNIFESP
2026-02-15 21:43:05,269 - INFO -   ⚠️ Sem novas queries para testar
2026-02-15 21:43:05,271 - INFO - 
📊 Métricas finais para UNIFESP:
2026-02-15 21:43:05,272 - INFO -    Total de queries testadas: 2
2026-02-15 21:43:05,272 - INFO -    Queries com sucesso: 0
2026-02-15 21:43:05,368 - INFO - ✅ UNIFESP: 993 repositórios
2026-02-15 21:43:05,368 - INFO -    Palavras-chave: trabalho, desenvolvido, universidade federal, engenharia, unifesp, projeto, dados, federal, durante, curso
2026-02-15 21:43:08,370 - INFO - 
============================================================
2026-02-15 21:43:08,370 - INFO - 🏛️  Processando UNICAMP - Universidade Estadual de Campinas
2026-02-15 21:43:08,370 - INFO - ============================================================
2026-02-15 21:43:08,370 - INFO - 
🔄 Iteração 1/3 para UNICAMP
2026-02-15 21:43:08,371 - INFO -   🔎 Testando: "unicamp"
2026-02-15 21:43:32,024 - INFO -      ✅ 500 resultados (eficiência: 0.30)
2026-02-15 21:43:33,026 - INFO -   🔎 Testando: "universidade estadual"
2026-02-15 21:43:53,670 - INFO -      ✅ 500 resultados (eficiência: 0.30)
2026-02-15 21:43:56,674 - INFO - 
🔄 Iteração 2/3 para UNICAMP
2026-02-15 21:43:56,676 - INFO -   ⚠️ Sem novas queries para testar
2026-02-15 21:43:56,678 - INFO - 
📊 Métricas finais para UNICAMP:
2026-02-15 21:43:56,678 - INFO -    Total de queries testadas: 2
2026-02-15 21:43:56,678 - INFO -    Queries com sucesso: 0
2026-02-15 21:43:56,777 - INFO - ✅ UNICAMP: 985 repositórios
2026-02-15 21:43:56,777 - INFO -    Palavras-chave: trabalho, desenvolvido, engenharia, unicamp, campinas, projeto, dados, curso, estadual, para
2026-02-15 21:43:59,778 - INFO - 
============================================================
2026-02-15 21:43:59,778 - INFO - 🏛️  Processando UERJ - Universidade do Estado do Rio de Janeiro
2026-02-15 21:43:59,778 - INFO - ============================================================
2026-02-15 21:43:59,778 - INFO - 
🔄 Iteração 1/3 para UERJ
2026-02-15 21:43:59,778 - INFO -   🔎 Testando: "uerj"
2026-02-15 21:44:20,294 - INFO -      ✅ 500 resultados (eficiência: 0.30)
2026-02-15 21:44:21,296 - INFO -   🔎 Testando: "universidade do"
2026-02-15 21:44:43,103 - INFO -      ✅ 500 resultados (eficiência: 0.30)
2026-02-15 21:44:46,107 - INFO - 
🔄 Iteração 2/3 para UERJ
2026-02-15 21:44:46,108 - INFO -   ⚠️ Sem novas queries para testar
2026-02-15 21:44:46,109 - INFO - 
📊 Métricas finais para UERJ:
2026-02-15 21:44:46,109 - INFO -    Total de queries testadas: 2
2026-02-15 21:44:46,109 - INFO -    Queries com sucesso: 0
2026-02-15 21:44:46,299 - INFO - ✅ UERJ: 992 repositórios
2026-02-15 21:44:46,300 - INFO -    Palavras-chave: trabalho, engenharia, estado, projeto, dados, universidade minho, curso, uerj, para, sistemas
2026-02-15 21:44:49,302 - INFO - 
============================================================
2026-02-15 21:44:49,303 - INFO - 🏛️  Processando UFJF - Universidade Federal de Juiz de Fora
2026-02-15 21:44:49,303 - INFO - ============================================================
2026-02-15 21:44:49,304 - INFO - 
🔄 Iteração 1/3 para UFJF
2026-02-15 21:44:49,304 - INFO -   🔎 Testando: "universidade federal"
2026-02-15 21:45:04,106 - INFO -      ✅ 500 resultados (eficiência: 0.30)
2026-02-15 21:45:05,108 - INFO -   🔎 Testando: "ufjf"
2026-02-15 21:45:26,450 - INFO -      ✅ 500 resultados (eficiência: 0.30)
2026-02-15 21:45:29,454 - INFO - 
🔄 Iteração 2/3 para UFJF
2026-02-15 21:45:29,456 - INFO -   ⚠️ Sem novas queries para testar
2026-02-15 21:45:29,458 - INFO - 
📊 Métricas finais para UFJF:
2026-02-15 21:45:29,459 - INFO -    Total de queries testadas: 2
2026-02-15 21:45:29,459 - INFO -    Queries com sucesso: 0
2026-02-15 21:45:29,554 - INFO - ✅ UFJF: 1000 repositórios
2026-02-15 21:45:29,554 - INFO -    Palavras-chave: trabalho, desenvolvido, universidade federal, created, projeto, dados, federal, github, curso, ufjf
2026-02-15 21:45:32,558 - INFO - 
============================================================
2026-02-15 21:45:32,558 - INFO - 🏛️  Processando UFLA - Universidade Federal de Lavras
2026-02-15 21:45:32,559 - INFO - ============================================================
2026-02-15 21:45:32,559 - INFO - 
🔄 Iteração 1/3 para UFLA
2026-02-15 21:45:32,559 - INFO -   🔎 Testando: "universidade federal"
2026-02-15 21:45:46,951 - INFO -      ✅ 500 resultados (eficiência: 0.30)
2026-02-15 21:45:47,953 - INFO -   🔎 Testando: "ufla"
2026-02-15 21:46:10,231 - INFO -      ✅ 500 resultados (eficiência: 0.30)
2026-02-15 21:46:13,235 - INFO - 
🔄 Iteração 2/3 para UFLA
2026-02-15 21:46:13,237 - INFO -   ⚠️ Sem novas queries para testar
2026-02-15 21:46:13,239 - INFO - 
📊 Métricas finais para UFLA:
2026-02-15 21:46:13,239 - INFO -    Total de queries testadas: 2
2026-02-15 21:46:13,240 - INFO -    Queries com sucesso: 0
2026-02-15 21:46:13,339 - INFO - ✅ UFLA: 997 repositórios
2026-02-15 21:46:13,339 - INFO -    Palavras-chave: trabalho, desenvolvido, universidade federal, engenharia, projeto, dados, federal, ufla, curso, para
2026-02-15 21:46:16,342 - INFO - 
============================================================
2026-02-15 21:46:16,342 - INFO - 🏛️  Processando UFOP - Universidade Federal de Ouro Preto
2026-02-15 21:46:16,343 - INFO - ============================================================
2026-02-15 21:46:16,343 - INFO - 
🔄 Iteração 1/3 para UFOP
2026-02-15 21:46:16,343 - INFO -   🔎 Testando: "ufop"
2026-02-15 21:46:37,630 - INFO -      ✅ 500 resultados (eficiência: 0.30)
2026-02-15 21:46:38,632 - INFO -   🔎 Testando: "universidade federal"
2026-02-15 21:46:53,855 - INFO -      ✅ 500 resultados (eficiência: 0.30)
2026-02-15 21:46:56,857 - INFO - 
🔄 Iteração 2/3 para UFOP
2026-02-15 21:46:56,859 - INFO -   ⚠️ Sem novas queries para testar
2026-02-15 21:46:56,861 - INFO - 
📊 Métricas finais para UFOP:
2026-02-15 21:46:56,861 - INFO -    Total de queries testadas: 2
2026-02-15 21:46:56,862 - INFO -    Queries com sucesso: 0
2026-02-15 21:46:56,963 - INFO - ✅ UFOP: 989 repositórios
2026-02-15 21:46:56,963 - INFO -    Palavras-chave: trabalho, desenvolvido, universidade federal, engenharia, projeto, dados, federal, curso, para, sistemas
2026-02-15 21:46:59,966 - INFO - 
============================================================
2026-02-15 21:46:59,966 - INFO - 🏛️  Processando UFSJ - Universidade Federal de São João del-Rei
2026-02-15 21:46:59,966 - INFO - ============================================================
2026-02-15 21:46:59,967 - INFO - 
🔄 Iteração 1/3 para UFSJ
2026-02-15 21:46:59,967 - INFO -   🔎 Testando: "ufsj"
2026-02-15 21:47:18,085 - INFO -      ✅ 439 resultados (eficiência: 0.30)
2026-02-15 21:47:19,086 - INFO -   🔎 Testando: "universidade federal"
2026-02-15 21:47:34,846 - INFO -      ✅ 500 resultados (eficiência: 0.30)
2026-02-15 21:47:37,851 - INFO - 
🔄 Iteração 2/3 para UFSJ
2026-02-15 21:47:37,852 - INFO -   ⚠️ Sem novas queries para testar
2026-02-15 21:47:37,854 - INFO - 
📊 Métricas finais para UFSJ:
2026-02-15 21:47:37,855 - INFO -    Total de queries testadas: 2
2026-02-15 21:47:37,855 - INFO -    Queries com sucesso: 0
2026-02-15 21:47:37,954 - INFO - ✅ UFSJ: 939 repositórios
2026-02-15 21:47:37,955 - INFO -    Palavras-chave: trabalho, desenvolvido, universidade federal, engenharia, ufsj, sistema, projeto, dados, federal, curso
2026-02-15 21:47:40,959 - INFO - 
============================================================
2026-02-15 21:47:40,959 - INFO - 🏛️  Processando UFTM - Universidade Federal do Triângulo Mineiro
2026-02-15 21:47:40,959 - INFO - ============================================================
2026-02-15 21:47:40,960 - INFO - 
🔄 Iteração 1/3 para UFTM
2026-02-15 21:47:40,960 - INFO -   🔎 Testando: "uftm"
2026-02-15 21:47:42,515 - INFO -      ✅ 56 resultados (eficiência: 0.17)
2026-02-15 21:47:43,516 - INFO -   🔎 Testando: "universidade federal"
2026-02-15 21:47:59,509 - INFO -      ✅ 500 resultados (eficiência: 0.30)
2026-02-15 21:48:02,514 - INFO - 
🔄 Iteração 2/3 para UFTM
2026-02-15 21:48:02,514 - INFO -   ⚠️ Sem novas queries para testar
2026-02-15 21:48:02,515 - INFO - 
📊 Métricas finais para UFTM:
2026-02-15 21:48:02,515 - INFO -    Total de queries testadas: 2
2026-02-15 21:48:02,515 - INFO -    Queries com sucesso: 0
2026-02-15 21:48:02,592 - INFO - ✅ UFTM: 556 repositórios
2026-02-15 21:48:02,592 - INFO -    Palavras-chave: trabalho, desenvolvido, universidade federal, engenharia, sistema, projeto, dados, federal, uftm, curso
2026-02-15 21:48:05,594 - INFO - 
============================================================
2026-02-15 21:48:05,594 - INFO - 🏛️  Processando UFABC - Universidade Federal do ABC
2026-02-15 21:48:05,594 - INFO - ============================================================
2026-02-15 21:48:05,594 - INFO - 
🔄 Iteração 1/3 para UFABC
2026-02-15 21:48:05,594 - INFO -   🔎 Testando: "universidade federal"
2026-02-15 21:48:20,019 - INFO -      ✅ 500 resultados (eficiência: 0.30)
2026-02-15 21:48:21,022 - INFO -   🔎 Testando: "ufabc"
2026-02-15 21:48:41,931 - INFO -      ✅ 500 resultados (eficiência: 0.30)
2026-02-15 21:48:44,936 - INFO - 
🔄 Iteração 2/3 para UFABC
2026-02-15 21:48:44,937 - INFO -   ⚠️ Sem novas queries para testar
2026-02-15 21:48:44,939 - INFO - 
📊 Métricas finais para UFABC:
2026-02-15 21:48:44,940 - INFO -    Total de queries testadas: 2
2026-02-15 21:48:44,940 - INFO -    Queries com sucesso: 0
2026-02-15 21:48:45,041 - INFO - ✅ UFABC: 996 repositórios
2026-02-15 21:48:45,041 - INFO -    Palavras-chave: trabalho, desenvolvido, universidade federal, engenharia, projeto, dados, federal, curso, para, sistemas
2026-02-15 21:48:48,045 - INFO - 
============================================================
2026-02-15 21:48:48,046 - INFO - 🏛️  Processando UTFPR - Universidade Tecnológica Federal do Paraná
2026-02-15 21:48:48,046 - INFO - ============================================================
2026-02-15 21:48:48,046 - INFO - 
🔄 Iteração 1/3 para UTFPR
2026-02-15 21:48:48,046 - INFO -   🔎 Testando: "universidade tecnológica"
2026-02-15 21:48:57,566 - INFO -      ✅ 231 resultados (eficiência: 0.30)
2026-02-15 21:48:58,568 - INFO -   🔎 Testando: "utfpr"
2026-02-15 21:49:19,264 - INFO -      ✅ 500 resultados (eficiência: 0.30)
2026-02-15 21:49:22,268 - INFO - 
🔄 Iteração 2/3 para UTFPR
2026-02-15 21:49:22,269 - INFO -   ⚠️ Sem novas queries para testar
2026-02-15 21:49:22,271 - INFO - 
📊 Métricas finais para UTFPR:
2026-02-15 21:49:22,272 - INFO -    Total de queries testadas: 2
2026-02-15 21:49:22,273 - INFO -    Queries com sucesso: 0
2026-02-15 21:49:22,370 - INFO - ✅ UTFPR: 715 repositórios
2026-02-15 21:49:22,371 - INFO -    Palavras-chave: trabalho, desenvolvido, software, engenharia, java, projeto, dados, federal, curso, utfpr
2026-02-15 21:49:25,374 - INFO - 
============================================================
2026-02-15 21:49:25,375 - INFO - 🏛️  Processando UNIFAL-MG - Universidade Federal de Alfenas
2026-02-15 21:49:25,375 - INFO - ============================================================
2026-02-15 21:49:25,375 - INFO - 
🔄 Iteração 1/3 para UNIFAL-MG
2026-02-15 21:49:25,376 - INFO -   🔎 Testando: "unifal-mg"
2026-02-15 21:49:27,076 - INFO -      ✅ 39 resultados (eficiência: 0.12)
2026-02-15 21:49:28,078 - INFO -   🔎 Testando: "universidade federal"
2026-02-15 21:49:42,987 - INFO -      ✅ 500 resultados (eficiência: 0.30)
2026-02-15 21:49:45,990 - INFO - 
🔄 Iteração 2/3 para UNIFAL-MG
2026-02-15 21:49:45,990 - INFO -   ⚠️ Sem novas queries para testar
2026-02-15 21:49:45,991 - INFO - 
📊 Métricas finais para UNIFAL-MG:
2026-02-15 21:49:45,991 - INFO -    Total de queries testadas: 2
2026-02-15 21:49:45,991 - INFO -    Queries com sucesso: 0
2026-02-15 21:49:46,080 - INFO - ✅ UNIFAL-MG: 539 repositórios
2026-02-15 21:49:46,080 - INFO -    Palavras-chave: trabalho, desenvolvido, universidade federal, engenharia, projeto, dados, federal, unifal, curso, unifal-mg
2026-02-15 21:49:49,081 - INFO - 
============================================================
2026-02-15 21:49:49,081 - INFO - 🏛️  Processando UFSCAR - Universidade Federal de São Carlos
2026-02-15 21:49:49,081 - INFO - ============================================================
2026-02-15 21:49:49,081 - INFO - 
🔄 Iteração 1/3 para UFSCAR
2026-02-15 21:49:49,082 - INFO -   🔎 Testando: "universidade federal"
2026-02-15 21:50:04,049 - INFO -      ✅ 500 resultados (eficiência: 0.30)
2026-02-15 21:50:05,051 - INFO -   🔎 Testando: "ufscar"
2026-02-15 21:50:27,293 - INFO -      ✅ 500 resultados (eficiência: 0.30)
2026-02-15 21:50:30,297 - INFO - 
🔄 Iteração 2/3 para UFSCAR
2026-02-15 21:50:30,297 - INFO -   ⚠️ Sem novas queries para testar
2026-02-15 21:50:30,298 - INFO - 
📊 Métricas finais para UFSCAR:
2026-02-15 21:50:30,298 - INFO -    Total de queries testadas: 2
2026-02-15 21:50:30,298 - INFO -    Queries com sucesso: 0
2026-02-15 21:50:30,403 - INFO - ✅ UFSCAR: 992 repositórios
2026-02-15 21:50:30,403 - INFO -    Palavras-chave: trabalho, desenvolvido, universidade federal, ufscar, engenharia, projeto, dados, federal, curso, para
2026-02-15 21:50:33,406 - INFO - 
============================================================
2026-02-15 21:50:33,406 - INFO - 🏛️  Processando UEM - Universidade Estadual de Maringá
2026-02-15 21:50:33,406 - INFO - ============================================================
2026-02-15 21:50:33,406 - INFO - 
🔄 Iteração 1/3 para UEM
2026-02-15 21:50:33,406 - INFO -   🔎 Testando: "uem"
2026-02-15 21:50:54,948 - INFO -      ✅ 500 resultados (eficiência: 0.30)
2026-02-15 21:50:55,949 - INFO -   🔎 Testando: "universidade estadual"
2026-02-15 21:51:12,664 - INFO -      ✅ 500 resultados (eficiência: 0.30)
2026-02-15 21:51:15,669 - INFO - 
🔄 Iteração 2/3 para UEM
2026-02-15 21:51:15,670 - INFO -   ⚠️ Sem novas queries para testar
2026-02-15 21:51:15,672 - INFO - 
📊 Métricas finais para UEM:
2026-02-15 21:51:15,673 - INFO -    Total de queries testadas: 2
2026-02-15 21:51:15,673 - INFO -    Queries com sucesso: 0
2026-02-15 21:51:15,832 - INFO - ✅ UEM: 983 repositórios
2026-02-15 21:51:15,833 - INFO -    Palavras-chave: trabalho, desenvolvido, engenharia, sistema, campinas, projeto, dados, curso, estadual, para
2026-02-15 21:51:18,838 - INFO - 
============================================================
2026-02-15 21:51:18,838 - INFO - 🏛️  Processando UEPG - Universidade Estadual de Ponta Grossa
2026-02-15 21:51:18,838 - INFO - ============================================================
2026-02-15 21:51:18,839 - INFO - 
🔄 Iteração 1/3 para UEPG
2026-02-15 21:51:18,839 - INFO -   🔎 Testando: "uepg"
2026-02-15 21:51:25,699 - INFO -      ✅ 169 resultados (eficiência: 0.30)
2026-02-15 21:51:26,701 - INFO -   🔎 Testando: "universidade estadual"
2026-02-15 21:51:45,222 - INFO -      ✅ 500 resultados (eficiência: 0.30)
2026-02-15 21:51:48,225 - INFO - 
🔄 Iteração 2/3 para UEPG
2026-02-15 21:51:48,226 - INFO -   ⚠️ Sem novas queries para testar
2026-02-15 21:51:48,227 - INFO - 
📊 Métricas finais para UEPG:
2026-02-15 21:51:48,228 - INFO -    Total de queries testadas: 2
2026-02-15 21:51:48,228 - INFO -    Queries com sucesso: 0
2026-02-15 21:51:48,403 - INFO - ✅ UEPG: 660 repositórios
2026-02-15 21:51:48,403 - INFO -    Palavras-chave: trabalho, desenvolvido, software, engenharia, sistema, uepg, projeto, dados, curso, estadual
2026-02-15 21:51:51,406 - INFO - 
============================================================
2026-02-15 21:51:51,406 - INFO - 🏛️  Processando UNIOESTE - Universidade Estadual do Oeste do Paraná
2026-02-15 21:51:51,407 - INFO - ============================================================
2026-02-15 21:51:51,407 - INFO - 
🔄 Iteração 1/3 para UNIOESTE
2026-02-15 21:51:51,407 - INFO -   🔎 Testando: "universidade estadual"
2026-02-15 21:52:07,280 - INFO -      ✅ 500 resultados (eficiência: 0.30)
2026-02-15 21:52:08,281 - INFO -   🔎 Testando: "unioeste"
2026-02-15 21:52:14,523 - INFO -      ✅ 155 resultados (eficiência: 0.30)
2026-02-15 21:52:17,525 - INFO - 
🔄 Iteração 2/3 para UNIOESTE
2026-02-15 21:52:17,526 - INFO -   ⚠️ Sem novas queries para testar
2026-02-15 21:52:17,527 - INFO - 
📊 Métricas finais para UNIOESTE:
2026-02-15 21:52:17,527 - INFO -    Total de queries testadas: 2
2026-02-15 21:52:17,527 - INFO -    Queries com sucesso: 0
2026-02-15 21:52:17,704 - INFO - ✅ UNIOESTE: 653 repositórios
2026-02-15 21:52:17,704 - INFO -    Palavras-chave: trabalho, desenvolvido, algoritmos, engenharia, campinas, projeto, dados, curso, estadual, para
2026-02-15 21:52:20,706 - INFO - 
============================================================
2026-02-15 21:52:20,707 - INFO - 🏛️  Processando UENF - Universidade Estadual do Norte Fluminense Darcy Ribeiro
2026-02-15 21:52:20,707 - INFO - ============================================================
2026-02-15 21:52:20,707 - INFO - 
🔄 Iteração 1/3 para UENF
2026-02-15 21:52:20,707 - INFO -   🔎 Testando: "universidade estadual"
2026-02-15 21:52:36,883 - INFO -      ✅ 500 resultados (eficiência: 0.30)
2026-02-15 21:52:37,885 - INFO -   🔎 Testando: "uenf"
2026-02-15 21:52:43,875 - INFO -      ✅ 148 resultados (eficiência: 0.30)
2026-02-15 21:52:46,880 - INFO - 
🔄 Iteração 2/3 para UENF
2026-02-15 21:52:46,881 - INFO -   ⚠️ Sem novas queries para testar
2026-02-15 21:52:46,881 - INFO - 
📊 Métricas finais para UENF:
2026-02-15 21:52:46,881 - INFO -    Total de queries testadas: 2
2026-02-15 21:52:46,881 - INFO -    Queries com sucesso: 0
2026-02-15 21:52:47,038 - INFO - ✅ UENF: 640 repositórios
2026-02-15 21:52:47,038 - INFO -    Palavras-chave: trabalho, desenvolvido, engenharia, sistema, campinas, uenf, projeto, dados, curso, estadual
2026-02-15 21:52:50,041 - INFO - 
============================================================
2026-02-15 21:52:50,041 - INFO - 🏛️  Processando UFRRJ - Universidade Federal Rural do Rio de Janeiro
2026-02-15 21:52:50,041 - INFO - ============================================================
2026-02-15 21:52:50,041 - INFO - 
🔄 Iteração 1/3 para UFRRJ
2026-02-15 21:52:50,041 - INFO -   🔎 Testando: "ufrrj"
2026-02-15 21:53:07,203 - INFO -      ✅ 401 resultados (eficiência: 0.30)
2026-02-15 21:53:08,204 - INFO -   🔎 Testando: "universidade federal"
2026-02-15 21:53:22,620 - INFO -      ✅ 500 resultados (eficiência: 0.30)
2026-02-15 21:53:25,623 - INFO - 
🔄 Iteração 2/3 para UFRRJ
2026-02-15 21:53:25,623 - INFO -   ⚠️ Sem novas queries para testar
2026-02-15 21:53:25,623 - INFO - 
📊 Métricas finais para UFRRJ:
2026-02-15 21:53:25,624 - INFO -    Total de queries testadas: 2
2026-02-15 21:53:25,624 - INFO -    Queries com sucesso: 0
2026-02-15 21:53:25,763 - INFO - ✅ UFRRJ: 900 repositórios
2026-02-15 21:53:25,764 - INFO -    Palavras-chave: trabalho, desenvolvido, universidade federal, sistema, projeto, dados, federal, curso, para, sistemas
2026-02-15 21:53:28,766 - INFO - 
============================================================
2026-02-15 21:53:28,766 - INFO - 🏛️  Processando UFSB - Universidade Federal do Sul da Bahia
2026-02-15 21:53:28,766 - INFO - ============================================================
2026-02-15 21:53:28,766 - INFO - 
🔄 Iteração 1/3 para UFSB
2026-02-15 21:53:28,766 - INFO -   🔎 Testando: "universidade federal"
2026-02-15 21:53:43,326 - INFO -      ✅ 500 resultados (eficiência: 0.30)
2026-02-15 21:53:44,327 - INFO -   🔎 Testando: "ufsb"
2026-02-15 21:53:46,110 - INFO -      ✅ 25 resultados (eficiência: 0.07)
2026-02-15 21:53:49,113 - INFO - 
🔄 Iteração 2/3 para UFSB
2026-02-15 21:53:49,114 - INFO -   ⚠️ Sem novas queries para testar
2026-02-15 21:53:49,115 - INFO - 
📊 Métricas finais para UFSB:
2026-02-15 21:53:49,115 - INFO -    Total de queries testadas: 2
2026-02-15 21:53:49,115 - INFO -    Queries com sucesso: 0
2026-02-15 21:53:49,196 - INFO - ✅ UFSB: 525 repositórios
2026-02-15 21:53:49,196 - INFO -    Palavras-chave: trabalho, desenvolvido, universidade federal, engenharia, sistema, projeto, dados, federal, curso, para
2026-02-15 21:53:52,198 - INFO - 
============================================================
2026-02-15 21:53:52,198 - INFO - 🏛️  Processando UFOB - Universidade Federal do Oeste da Bahia
2026-02-15 21:53:52,198 - INFO - ============================================================
2026-02-15 21:53:52,199 - INFO - 
🔄 Iteração 1/3 para UFOB
2026-02-15 21:53:52,199 - INFO -   🔎 Testando: "ufob"
2026-02-15 21:53:54,115 - INFO -      ✅ 73 resultados (eficiência: 0.22)
2026-02-15 21:53:55,116 - INFO -   🔎 Testando: "universidade federal"
2026-02-15 21:54:12,330 - INFO -      ✅ 500 resultados (eficiência: 0.30)
2026-02-15 21:54:15,333 - INFO - 
🔄 Iteração 2/3 para UFOB
2026-02-15 21:54:15,334 - INFO -   ⚠️ Sem novas queries para testar
2026-02-15 21:54:15,334 - INFO - 
📊 Métricas finais para UFOB:
2026-02-15 21:54:15,335 - INFO -    Total de queries testadas: 2
2026-02-15 21:54:15,335 - INFO -    Queries com sucesso: 0
2026-02-15 21:54:15,478 - INFO - ✅ UFOB: 573 repositórios
2026-02-15 21:54:15,479 - INFO -    Palavras-chave: trabalho, desenvolvido, universidade federal, engenharia, sistema, projeto, dados, federal, curso, para
2026-02-15 21:54:18,481 - INFO - 
============================================================
2026-02-15 21:54:18,482 - INFO - 🏛️  Processando UFRB - Universidade Federal do Recôncavo da Bahia
2026-02-15 21:54:18,482 - INFO - ============================================================
2026-02-15 21:54:18,482 - INFO - 
🔄 Iteração 1/3 para UFRB
2026-02-15 21:54:18,482 - INFO -   🔎 Testando: "ufrb"
2026-02-15 21:54:21,916 - INFO -      ✅ 99 resultados (eficiência: 0.30)
2026-02-15 21:54:22,917 - INFO -   🔎 Testando: "universidade federal"
2026-02-15 21:54:38,151 - INFO -      ✅ 500 resultados (eficiência: 0.30)
2026-02-15 21:54:41,153 - INFO - 
🔄 Iteração 2/3 para UFRB
2026-02-15 21:54:41,154 - INFO -   ⚠️ Sem novas queries para testar
2026-02-15 21:54:41,155 - INFO - 
📊 Métricas finais para UFRB:
2026-02-15 21:54:41,155 - INFO -    Total de queries testadas: 2
2026-02-15 21:54:41,155 - INFO -    Queries com sucesso: 0
2026-02-15 21:54:41,307 - INFO - ✅ UFRB: 599 repositórios
2026-02-15 21:54:41,308 - INFO -    Palavras-chave: trabalho, desenvolvido, universidade federal, engenharia, sistema, projeto, dados, federal, curso, para
2026-02-15 21:54:44,312 - INFO - 
============================================================
2026-02-15 21:54:44,312 - INFO - 🏛️  Processando UNIVASF - Universidade Federal do Vale do São Francisco
2026-02-15 21:54:44,312 - INFO - ============================================================
2026-02-15 21:54:44,313 - INFO - 
🔄 Iteração 1/3 para UNIVASF
2026-02-15 21:54:44,313 - INFO -   🔎 Testando: "universidade federal"
2026-02-15 21:55:00,940 - INFO -      ✅ 500 resultados (eficiência: 0.30)
2026-02-15 21:55:01,941 - INFO -   🔎 Testando: "univasf"
2026-02-15 21:55:09,771 - INFO -      ✅ 152 resultados (eficiência: 0.30)
2026-02-15 21:55:12,773 - INFO - 
🔄 Iteração 2/3 para UNIVASF
2026-02-15 21:55:12,774 - INFO -   ⚠️ Sem novas queries para testar
2026-02-15 21:55:12,774 - INFO - 
📊 Métricas finais para UNIVASF:
2026-02-15 21:55:12,786 - INFO -    Total de queries testadas: 2
2026-02-15 21:55:12,786 - INFO -    Queries com sucesso: 0
2026-02-15 21:55:13,213 - INFO - ✅ UNIVASF: 650 repositórios
2026-02-15 21:55:13,223 - INFO -    Palavras-chave: trabalho, desenvolvido, universidade federal, engenharia, projeto, dados, federal, curso, para, sistemas
2026-02-15 21:55:16,228 - INFO - 
============================================================
2026-02-15 21:55:16,228 - INFO - 🏛️  Processando UNIFEI - Universidade Federal de Itajubá
2026-02-15 21:55:16,228 - INFO - ============================================================
2026-02-15 21:55:16,229 - INFO - 
🔄 Iteração 1/3 para UNIFEI
2026-02-15 21:55:16,229 - INFO -   🔎 Testando: "unifei"
2026-02-15 21:55:37,223 - INFO -      ✅ 500 resultados (eficiência: 0.30)
2026-02-15 21:55:38,224 - INFO -   🔎 Testando: "universidade federal"
2026-02-15 21:55:53,876 - INFO -      ✅ 500 resultados (eficiência: 0.30)
2026-02-15 21:55:56,880 - INFO - 
🔄 Iteração 2/3 para UNIFEI
2026-02-15 21:55:56,880 - INFO -   ⚠️ Sem novas queries para testar
2026-02-15 21:55:56,880 - INFO - 
📊 Métricas finais para UNIFEI:
2026-02-15 21:55:56,880 - INFO -    Total de queries testadas: 2
2026-02-15 21:55:56,881 - INFO -    Queries com sucesso: 0
2026-02-15 21:55:57,084 - INFO - ✅ UNIFEI: 996 repositórios
2026-02-15 21:55:57,084 - INFO -    Palavras-chave: trabalho, desenvolvido, universidade federal, unifei, projeto, dados, federal, aula, curso, para
2026-02-15 21:56:00,086 - INFO - 
============================================================
2026-02-15 21:56:00,086 - INFO - 🏛️  Processando UNILAB - Universidade da Integração Internacional da Lusofonia Afro-Brasileira
2026-02-15 21:56:00,086 - INFO - ============================================================
2026-02-15 21:56:00,086 - INFO - 
🔄 Iteração 1/3 para UNILAB
2026-02-15 21:56:00,087 - INFO -   🔎 Testando: "universidade da"
2026-02-15 21:56:07,052 - INFO -      ✅ 161 resultados (eficiência: 0.30)
2026-02-15 21:56:08,054 - INFO -   🔎 Testando: "unilab"
2026-02-15 21:56:29,122 - INFO -      ✅ 500 resultados (eficiência: 0.30)
2026-02-15 21:56:32,125 - INFO - 
🔄 Iteração 2/3 para UNILAB
2026-02-15 21:56:32,126 - INFO -   ⚠️ Sem novas queries para testar
2026-02-15 21:56:32,128 - INFO - 
📊 Métricas finais para UNILAB:
2026-02-15 21:56:32,128 - INFO -    Total de queries testadas: 2
2026-02-15 21:56:32,128 - INFO -    Queries com sucesso: 0
2026-02-15 21:56:32,180 - INFO - ✅ UNILAB: 661 repositórios
2026-02-15 21:56:32,180 - INFO -    Palavras-chave: interior, https, projeto, dados, github, curso, unilabs, para, beira, final
2026-02-15 21:56:35,183 - INFO - 
============================================================
2026-02-15 21:56:35,183 - INFO - 🏛️  Processando UNIR - Universidade Federal de Rondônia
2026-02-15 21:56:35,183 - INFO - ============================================================
2026-02-15 21:56:35,183 - INFO - 
🔄 Iteração 1/3 para UNIR
2026-02-15 21:56:35,184 - INFO -   🔎 Testando: "unir"
2026-02-15 21:56:57,943 - INFO -      ✅ 500 resultados (eficiência: 0.30)
2026-02-15 21:56:58,944 - INFO -   🔎 Testando: "universidade federal"
2026-02-15 21:57:14,132 - INFO -      ✅ 500 resultados (eficiência: 0.30)
2026-02-15 21:57:17,135 - INFO - 
🔄 Iteração 2/3 para UNIR
2026-02-15 21:57:17,136 - INFO -   ⚠️ Sem novas queries para testar
2026-02-15 21:57:17,138 - INFO - 
📊 Métricas finais para UNIR:
2026-02-15 21:57:17,138 - INFO -    Total de queries testadas: 2
2026-02-15 21:57:17,139 - INFO -    Queries com sucesso: 0
2026-02-15 21:57:17,466 - INFO - ✅ UNIR: 999 repositórios
2026-02-15 21:57:17,466 - INFO -    Palavras-chave: trabalho, http, universidade federal, https, projeto, thumb, federal, sources, curso, channel
2026-02-15 21:57:20,471 - INFO - 
============================================================
2026-02-15 21:57:20,471 - INFO - 🏛️  Processando UFRR - Universidade Federal de Roraima
2026-02-15 21:57:20,472 - INFO - ============================================================
2026-02-15 21:57:20,472 - INFO - 
🔄 Iteração 1/3 para UFRR
2026-02-15 21:57:20,472 - INFO -   🔎 Testando: "universidade federal"
2026-02-15 21:57:36,374 - INFO -      ✅ 500 resultados (eficiência: 0.30)
2026-02-15 21:57:37,376 - INFO -   🔎 Testando: "ufrr"
2026-02-15 21:57:57,743 - INFO -      ✅ 500 resultados (eficiência: 0.30)
2026-02-15 21:58:00,747 - INFO - 
🔄 Iteração 2/3 para UFRR
2026-02-15 21:58:00,749 - INFO -   ⚠️ Sem novas queries para testar
2026-02-15 21:58:00,751 - INFO - 
📊 Métricas finais para UFRR:
2026-02-15 21:58:00,752 - INFO -    Total de queries testadas: 2
2026-02-15 21:58:00,755 - INFO -    Queries com sucesso: 0
2026-02-15 21:58:00,947 - INFO - ✅ UFRR: 1000 repositórios
2026-02-15 21:58:00,948 - INFO -    Palavras-chave: trabalho, desenvolvido, universidade federal, ufrr, projeto, dados, federal, curso, para, sistemas
2026-02-15 21:58:03,950 - INFO - 
============================================================
2026-02-15 21:58:03,951 - INFO - 🏛️  Processando UNIFAP - Universidade Federal do Amapá
2026-02-15 21:58:03,951 - INFO - ============================================================
2026-02-15 21:58:03,951 - INFO - 
🔄 Iteração 1/3 para UNIFAP
2026-02-15 21:58:03,952 - INFO -   🔎 Testando: "unifap"
2026-02-15 21:58:10,743 - INFO -      ✅ 146 resultados (eficiência: 0.30)
2026-02-15 21:58:11,745 - INFO -   🔎 Testando: "universidade federal"
2026-02-15 21:58:26,795 - INFO -      ✅ 500 resultados (eficiência: 0.30)
2026-02-15 21:58:29,797 - INFO - 
🔄 Iteração 2/3 para UNIFAP
2026-02-15 21:58:29,799 - INFO -   ⚠️ Sem novas queries para testar
2026-02-15 21:58:29,800 - INFO - 
📊 Métricas finais para UNIFAP:
2026-02-15 21:58:29,801 - INFO -    Total de queries testadas: 2
2026-02-15 21:58:29,801 - INFO -    Queries com sucesso: 0
2026-02-15 21:58:29,956 - INFO - ✅ UNIFAP: 645 repositórios
2026-02-15 21:58:29,956 - INFO -    Palavras-chave: trabalho, desenvolvido, universidade federal, engenharia, projeto, dados, federal, curso, para, sistemas
2026-02-15 21:58:32,960 - INFO - 
============================================================
2026-02-15 21:58:32,961 - INFO - 🏛️  Processando UFAC - Universidade Federal do Acre
2026-02-15 21:58:32,961 - INFO - ============================================================
2026-02-15 21:58:32,962 - INFO - 
🔄 Iteração 1/3 para UFAC
2026-02-15 21:58:32,962 - INFO -   🔎 Testando: "ufac"
2026-02-15 21:58:43,189 - INFO -      ✅ 263 resultados (eficiência: 0.30)
2026-02-15 21:58:44,191 - INFO -   🔎 Testando: "universidade federal"
2026-02-15 21:58:58,299 - INFO -      ✅ 500 resultados (eficiência: 0.30)
2026-02-15 21:59:01,303 - INFO - 
🔄 Iteração 2/3 para UFAC
2026-02-15 21:59:01,304 - INFO -   ⚠️ Sem novas queries para testar
2026-02-15 21:59:01,306 - INFO - 
📊 Métricas finais para UFAC:
2026-02-15 21:59:01,306 - INFO -    Total de queries testadas: 2
2026-02-15 21:59:01,306 - INFO -    Queries com sucesso: 0
2026-02-15 21:59:01,500 - INFO - ✅ UFAC: 762 repositórios
2026-02-15 21:59:01,500 - INFO -    Palavras-chave: trabalho, ufac, universidade federal, desenvolvido, engenharia, projeto, dados, federal, curso, para
2026-02-15 21:59:04,501 - INFO - 
============================================================
2026-02-15 21:59:04,501 - INFO - 🏛️  Processando UFT - Universidade Federal do Tocantins
2026-02-15 21:59:04,502 - INFO - ============================================================
2026-02-15 21:59:04,502 - INFO - 
🔄 Iteração 1/3 para UFT
2026-02-15 21:59:04,502 - INFO -   🔎 Testando: "uft"
2026-02-15 21:59:25,926 - INFO -      ✅ 500 resultados (eficiência: 0.30)
2026-02-15 21:59:26,927 - INFO -   🔎 Testando: "universidade federal"
2026-02-15 21:59:42,103 - INFO -      ✅ 500 resultados (eficiência: 0.30)
2026-02-15 21:59:45,105 - INFO - 
🔄 Iteração 2/3 para UFT
2026-02-15 21:59:45,105 - INFO -   ⚠️ Sem novas queries para testar
2026-02-15 21:59:45,106 - INFO - 
📊 Métricas finais para UFT:
2026-02-15 21:59:45,106 - INFO -    Total de queries testadas: 2
2026-02-15 21:59:45,106 - INFO -    Queries com sucesso: 0
2026-02-15 21:59:45,176 - INFO - ✅ UFT: 998 repositórios
2026-02-15 21:59:45,176 - INFO -    Palavras-chave: trabalho, desenvolvido, universidade federal, engenharia, projeto, dados, federal, curso, uft, para
2026-02-15 21:59:48,177 - INFO - 
============================================================
2026-02-15 21:59:48,177 - INFO - 🏛️  Processando UFCA - Universidade Federal do Cariri
2026-02-15 21:59:48,177 - INFO - ============================================================
2026-02-15 21:59:48,177 - INFO - 
🔄 Iteração 1/3 para UFCA
2026-02-15 21:59:48,177 - INFO -   🔎 Testando: "universidade federal"
2026-02-15 22:00:02,092 - INFO -      ✅ 500 resultados (eficiência: 0.30)
2026-02-15 22:00:03,093 - INFO -   🔎 Testando: "ufca"
2026-02-15 22:00:14,451 - INFO -      ✅ 250 resultados (eficiência: 0.30)
2026-02-15 22:00:17,453 - INFO - 
🔄 Iteração 2/3 para UFCA
2026-02-15 22:00:17,453 - INFO -   ⚠️ Sem novas queries para testar
2026-02-15 22:00:17,454 - INFO - 
📊 Métricas finais para UFCA:
2026-02-15 22:00:17,454 - INFO -    Total de queries testadas: 2
2026-02-15 22:00:17,454 - INFO -    Queries com sucesso: 0
2026-02-15 22:00:17,672 - INFO - ✅ UFCA: 747 repositórios
2026-02-15 22:00:17,672 - INFO -    Palavras-chave: trabalho, desenvolvido, universidade federal, sistema, projeto, dados, federal, curso, para, sistemas
2026-02-15 22:00:20,673 - INFO - 
============================================================
2026-02-15 22:00:20,673 - INFO - 🏛️  Processando UFAPE - Universidade Federal do Agreste de Pernambuco
2026-02-15 22:00:20,673 - INFO - ============================================================
2026-02-15 22:00:20,673 - INFO - 
🔄 Iteração 1/3 para UFAPE
2026-02-15 22:00:20,674 - INFO -   🔎 Testando: "universidade federal"
2026-02-15 22:00:36,586 - INFO -      ✅ 500 resultados (eficiência: 0.30)
2026-02-15 22:00:37,587 - INFO -   🔎 Testando: "ufape"
2026-02-15 22:00:44,354 - INFO -      ✅ 171 resultados (eficiência: 0.30)
2026-02-15 22:00:47,358 - INFO - 
🔄 Iteração 2/3 para UFAPE
2026-02-15 22:00:47,360 - INFO -   ⚠️ Sem novas queries para testar
2026-02-15 22:00:47,361 - INFO - 
📊 Métricas finais para UFAPE:
2026-02-15 22:00:47,362 - INFO -    Total de queries testadas: 2
2026-02-15 22:00:47,362 - INFO -    Queries com sucesso: 0
2026-02-15 22:00:47,534 - INFO - ✅ UFAPE: 666 repositórios
2026-02-15 22:00:47,534 - INFO -    Palavras-chave: trabalho, desenvolvido, universidade federal, engenharia, sistema, projeto, dados, federal, curso, ufape
2026-02-15 22:00:50,538 - INFO - 
============================================================
2026-02-15 22:00:50,538 - INFO - 🏛️  Processando UFRPE - Universidade Federal Rural de Pernambuco
2026-02-15 22:00:50,538 - INFO - ============================================================
2026-02-15 22:00:50,538 - INFO - 
🔄 Iteração 1/3 para UFRPE
2026-02-15 22:00:50,538 - INFO -   🔎 Testando: "ufrpe"
2026-02-15 22:01:11,403 - INFO -      ✅ 500 resultados (eficiência: 0.30)
2026-02-15 22:01:12,404 - INFO -   🔎 Testando: "universidade federal"
2026-02-15 22:01:26,459 - INFO -      ✅ 500 resultados (eficiência: 0.30)
2026-02-15 22:01:29,464 - INFO - 
🔄 Iteração 2/3 para UFRPE
2026-02-15 22:01:29,465 - INFO -   ⚠️ Sem novas queries para testar
2026-02-15 22:01:29,467 - INFO - 
📊 Métricas finais para UFRPE:
2026-02-15 22:01:29,468 - INFO -    Total de queries testadas: 2
2026-02-15 22:01:29,468 - INFO -    Queries com sucesso: 0
2026-02-15 22:01:29,565 - INFO - ✅ UFRPE: 999 repositórios
2026-02-15 22:01:29,566 - INFO -    Palavras-chave: trabalho, desenvolvido, universidade federal, sistema, projeto, dados, federal, ufrpe, curso, para
2026-02-15 22:01:32,570 - INFO - 
============================================================
2026-02-15 22:01:32,570 - INFO - 🏛️  Processando UFRA - Universidade Federal Rural da Amazônia
2026-02-15 22:01:32,570 - INFO - ============================================================
2026-02-15 22:01:32,570 - INFO - 
🔄 Iteração 1/3 para UFRA
2026-02-15 22:01:32,570 - INFO -   🔎 Testando: "universidade federal"
2026-02-15 22:01:47,704 - INFO -      ✅ 500 resultados (eficiência: 0.30)
2026-02-15 22:01:48,705 - INFO -   🔎 Testando: "ufra"
2026-02-15 22:02:02,343 - INFO -      ✅ 321 resultados (eficiência: 0.30)
2026-02-15 22:02:05,345 - INFO - 
🔄 Iteração 2/3 para UFRA
2026-02-15 22:02:05,347 - INFO -   ⚠️ Sem novas queries para testar
2026-02-15 22:02:05,348 - INFO - 
📊 Métricas finais para UFRA:
2026-02-15 22:02:05,349 - INFO -    Total de queries testadas: 2
2026-02-15 22:02:05,350 - INFO -    Queries com sucesso: 0
2026-02-15 22:02:05,443 - INFO - ✅ UFRA: 821 repositórios
2026-02-15 22:02:05,443 - INFO -    Palavras-chave: trabalho, desenvolvido, universidade federal, uframe, ufra, projeto, dados, federal, curso, para
2026-02-15 22:02:08,446 - INFO - 
============================================================
2026-02-15 22:02:08,447 - INFO - 🏛️  Processando UNILA - Universidade Federal da Integração Latino-Americana
2026-02-15 22:02:08,447 - INFO - ============================================================
2026-02-15 22:02:08,447 - INFO - 
🔄 Iteração 1/3 para UNILA
2026-02-15 22:02:08,447 - INFO -   🔎 Testando: "unila"
2026-02-15 22:02:29,187 - INFO -      ✅ 500 resultados (eficiência: 0.30)
2026-02-15 22:02:30,188 - INFO -   🔎 Testando: "universidade federal"
2026-02-15 22:02:47,208 - INFO -      ✅ 500 resultados (eficiência: 0.30)
2026-02-15 22:02:50,211 - INFO - 
🔄 Iteração 2/3 para UNILA
2026-02-15 22:02:50,213 - INFO -   ⚠️ Sem novas queries para testar
2026-02-15 22:02:50,214 - INFO - 
📊 Métricas finais para UNILA:
2026-02-15 22:02:50,215 - INFO -    Total de queries testadas: 2
2026-02-15 22:02:50,216 - INFO -    Queries com sucesso: 0
2026-02-15 22:02:50,477 - INFO - ✅ UNILA: 999 repositórios
2026-02-15 22:02:50,477 - INFO -    Palavras-chave: trabalho, desenvolvido, universidade federal, projeto, dados, federal, curso, para, unilag, unilab
2026-02-15 22:02:53,481 - INFO - 
============================================================
2026-02-15 22:02:53,481 - INFO - 🏛️  Processando UNIPAMPA - Universidade Federal do Pampa
2026-02-15 22:02:53,481 - INFO - ============================================================
2026-02-15 22:02:53,481 - INFO - 
🔄 Iteração 1/3 para UNIPAMPA
2026-02-15 22:02:53,482 - INFO -   🔎 Testando: "unipampa"
2026-02-15 22:02:59,988 - INFO -      ✅ 162 resultados (eficiência: 0.30)
2026-02-15 22:03:00,989 - INFO -   🔎 Testando: "universidade federal"
2026-02-15 22:03:17,112 - INFO -      ✅ 500 resultados (eficiência: 0.30)
2026-02-15 22:03:20,116 - INFO - 
🔄 Iteração 2/3 para UNIPAMPA
2026-02-15 22:03:20,117 - INFO -   ⚠️ Sem novas queries para testar
2026-02-15 22:03:20,118 - INFO - 
📊 Métricas finais para UNIPAMPA:
2026-02-15 22:03:20,119 - INFO -    Total de queries testadas: 2
2026-02-15 22:03:20,120 - INFO -    Queries com sucesso: 0
2026-02-15 22:03:20,199 - INFO - ✅ UNIPAMPA: 661 repositórios
2026-02-15 22:03:20,200 - INFO -    Palavras-chave: trabalho, desenvolvido, universidade federal, engenharia, sistema, unipampa, projeto, dados, federal, curso
2026-02-15 22:03:23,202 - INFO - 
============================================================
2026-02-15 22:03:23,202 - INFO - 🏛️  Processando FURG - Universidade Federal do Rio Grande
2026-02-15 22:03:23,202 - INFO - ============================================================
2026-02-15 22:03:23,202 - INFO - 
🔄 Iteração 1/3 para FURG
2026-02-15 22:03:23,203 - INFO -   🔎 Testando: "universidade federal"
2026-02-15 22:03:38,349 - INFO -      ✅ 500 resultados (eficiência: 0.30)
2026-02-15 22:03:39,351 - INFO -   🔎 Testando: "furg"
2026-02-15 22:03:59,683 - INFO -      ✅ 500 resultados (eficiência: 0.30)
2026-02-15 22:04:02,687 - INFO - 
🔄 Iteração 2/3 para FURG
2026-02-15 22:04:02,688 - INFO -   ⚠️ Sem novas queries para testar
2026-02-15 22:04:02,691 - INFO - 
📊 Métricas finais para FURG:
2026-02-15 22:04:02,691 - INFO -    Total de queries testadas: 2
2026-02-15 22:04:02,692 - INFO -    Queries com sucesso: 0
2026-02-15 22:04:02,799 - INFO - ✅ FURG: 995 repositórios
2026-02-15 22:04:02,799 - INFO -    Palavras-chave: trabalho, http, universidade federal, playlist, https, projeto, dados, federal, curso, para
2026-02-15 22:04:05,803 - INFO - 
============================================================
2026-02-15 22:04:05,804 - INFO - 🏛️  Processando UFCSPA - Universidade Federal de Ciências da Saúde de Porto Alegre
2026-02-15 22:04:05,804 - INFO - ============================================================
2026-02-15 22:04:05,804 - INFO - 
🔄 Iteração 1/3 para UFCSPA
2026-02-15 22:04:05,805 - INFO -   🔎 Testando: "ufcspa"
2026-02-15 22:04:09,159 - INFO -      ✅ 80 resultados (eficiência: 0.24)
2026-02-15 22:04:10,160 - INFO -   🔎 Testando: "universidade federal"
2026-02-15 22:04:23,772 - INFO -      ✅ 500 resultados (eficiência: 0.30)
2026-02-15 22:04:26,776 - INFO - 
🔄 Iteração 2/3 para UFCSPA
2026-02-15 22:04:26,778 - INFO -   ⚠️ Sem novas queries para testar
2026-02-15 22:04:26,779 - INFO - 
📊 Métricas finais para UFCSPA:
2026-02-15 22:04:26,780 - INFO -    Total de queries testadas: 2
2026-02-15 22:04:26,780 - INFO -    Queries com sucesso: 0
2026-02-15 22:04:27,479 - INFO - ✅ UFCSPA: 580 repositórios
2026-02-15 22:04:27,480 - INFO -    Palavras-chave: trabalho, desenvolvido, universidade federal, engenharia, ufcspa, projeto, dados, federal, curso, para
2026-02-15 22:04:30,486 - INFO - 
============================================================
2026-02-15 22:04:30,486 - INFO - 🏛️  Processando UNIFESSPA - Universidade Federal do Sul e Sudeste do Pará
2026-02-15 22:04:30,487 - INFO - ============================================================
2026-02-15 22:04:30,487 - INFO - 
🔄 Iteração 1/3 para UNIFESSPA
2026-02-15 22:04:30,487 - INFO -   🔎 Testando: "unifesspa"
2026-02-15 22:04:32,620 - INFO -      ✅ 59 resultados (eficiência: 0.18)
2026-02-15 22:04:33,621 - INFO -   🔎 Testando: "universidade federal"
2026-02-15 22:04:48,930 - INFO -      ✅ 500 resultados (eficiência: 0.30)
2026-02-15 22:04:51,934 - INFO - 
🔄 Iteração 2/3 para UNIFESSPA
2026-02-15 22:04:51,935 - INFO -   ⚠️ Sem novas queries para testar
2026-02-15 22:04:51,936 - INFO - 
📊 Métricas finais para UNIFESSPA:
2026-02-15 22:04:51,937 - INFO -    Total de queries testadas: 2
2026-02-15 22:04:51,937 - INFO -    Queries com sucesso: 0
2026-02-15 22:04:52,008 - INFO - ✅ UNIFESSPA: 559 repositórios
2026-02-15 22:04:52,008 - INFO -    Palavras-chave: trabalho, desenvolvido, universidade federal, engenharia, projeto, dados, federal, curso, para, sistemas
2026-02-15 22:04:55,010 - INFO - 
============================================================
2026-02-15 22:04:55,011 - INFO - 🏛️  Processando UFVJM - Universidade Federal dos Vales do Jequitinhonha e Mucuri
2026-02-15 22:04:55,011 - INFO - ============================================================
2026-02-15 22:04:55,011 - INFO - 
🔄 Iteração 1/3 para UFVJM
2026-02-15 22:04:55,011 - INFO -   🔎 Testando: "ufvjm"
2026-02-15 22:05:00,117 - INFO -      ✅ 105 resultados (eficiência: 0.30)
2026-02-15 22:05:01,119 - INFO -   🔎 Testando: "universidade federal"
2026-02-15 22:05:15,832 - INFO -      ✅ 500 resultados (eficiência: 0.30)
2026-02-15 22:05:18,836 - INFO - 
🔄 Iteração 2/3 para UFVJM
2026-02-15 22:05:18,837 - INFO -   ⚠️ Sem novas queries para testar
2026-02-15 22:05:18,837 - INFO - 
📊 Métricas finais para UFVJM:
2026-02-15 22:05:18,837 - INFO -    Total de queries testadas: 2
2026-02-15 22:05:18,837 - INFO -    Queries com sucesso: 0
2026-02-15 22:05:18,909 - INFO - ✅ UFVJM: 605 repositórios
2026-02-15 22:05:18,909 - INFO -    Palavras-chave: trabalho, desenvolvido, universidade federal, engenharia, sistema, projeto, dados, federal, curso, para
2026-02-15 22:05:21,913 - INFO - 
============================================================
2026-02-15 22:05:21,914 - INFO - 🏛️  Processando UFGD - Universidade Federal da Grande Dourados
2026-02-15 22:05:21,914 - INFO - ============================================================
2026-02-15 22:05:21,914 - INFO - 
🔄 Iteração 1/3 para UFGD
2026-02-15 22:05:21,914 - INFO -   🔎 Testando: "universidade federal"
2026-02-15 22:05:36,276 - INFO -      ✅ 500 resultados (eficiência: 0.30)
2026-02-15 22:05:37,277 - INFO -   🔎 Testando: "ufgd"
2026-02-15 22:05:40,787 - INFO -      ✅ 94 resultados (eficiência: 0.28)
2026-02-15 22:05:43,791 - INFO - 
🔄 Iteração 2/3 para UFGD
2026-02-15 22:05:43,792 - INFO -   ⚠️ Sem novas queries para testar
2026-02-15 22:05:43,794 - INFO - 
📊 Métricas finais para UFGD:
2026-02-15 22:05:43,794 - INFO -    Total de queries testadas: 2
2026-02-15 22:05:43,795 - INFO -    Queries com sucesso: 0
2026-02-15 22:05:43,872 - INFO - ✅ UFGD: 594 repositórios
2026-02-15 22:05:43,872 - INFO -    Palavras-chave: trabalho, desenvolvido, universidade federal, engenharia, projeto, dados, federal, ufgd, curso, para
2026-02-15 22:05:46,877 - INFO - 
============================================================
2026-02-15 22:05:46,877 - INFO - 🏛️  Processando UFERSA - Universidade Federal Rural do Semi-Árido
2026-02-15 22:05:46,878 - INFO - ============================================================
2026-02-15 22:05:46,878 - INFO - 
🔄 Iteração 1/3 para UFERSA
2026-02-15 22:05:46,878 - INFO -   🔎 Testando: "ufersa"
2026-02-15 22:06:02,500 - INFO -      ✅ 378 resultados (eficiência: 0.30)
2026-02-15 22:06:03,502 - INFO -   🔎 Testando: "universidade federal"
2026-02-15 22:06:18,023 - INFO -      ✅ 500 resultados (eficiência: 0.30)
2026-02-15 22:06:21,026 - INFO - 
🔄 Iteração 2/3 para UFERSA
2026-02-15 22:06:21,027 - INFO -   ⚠️ Sem novas queries para testar
2026-02-15 22:06:21,029 - INFO - 
📊 Métricas finais para UFERSA:
2026-02-15 22:06:21,030 - INFO -    Total de queries testadas: 2
2026-02-15 22:06:21,030 - INFO -    Queries com sucesso: 0
2026-02-15 22:06:21,159 - INFO - ✅ UFERSA: 874 repositórios
2026-02-15 22:06:21,159 - INFO -    Palavras-chave: trabalho, desenvolvido, universidade federal, engenharia, sistema, projeto, dados, federal, curso, para
2026-02-15 22:06:24,164 - INFO - 
============================================================
2026-02-15 22:06:24,164 - INFO - 🏛️  Processando UFJ - Universidade Federal de Jataí
2026-02-15 22:06:24,164 - INFO - ============================================================
2026-02-15 22:06:24,165 - INFO - 
🔄 Iteração 1/3 para UFJ
2026-02-15 22:06:24,165 - INFO -   🔎 Testando: "universidade federal"
2026-02-15 22:06:38,375 - INFO -      ✅ 500 resultados (eficiência: 0.30)
2026-02-15 22:06:39,377 - INFO -   🔎 Testando: "ufj"
2026-02-15 22:07:00,572 - INFO -      ✅ 500 resultados (eficiência: 0.30)
2026-02-15 22:07:03,576 - INFO - 
🔄 Iteração 2/3 para UFJ
2026-02-15 22:07:03,577 - INFO -   ⚠️ Sem novas queries para testar
2026-02-15 22:07:03,579 - INFO - 
📊 Métricas finais para UFJ:
2026-02-15 22:07:03,580 - INFO -    Total de queries testadas: 2
2026-02-15 22:07:03,580 - INFO -    Queries com sucesso: 0
2026-02-15 22:07:03,720 - INFO - ✅ UFJ: 1000 repositórios
2026-02-15 22:07:03,720 - INFO -    Palavras-chave: ufj, trabalho, universidade federal, desenvolvido, created, projeto, dados, federal, github, curso
2026-02-15 22:07:06,721 - INFO - 
============================================================
2026-02-15 22:07:06,722 - INFO - 🏛️  Processando UFCAT - Universidade Federal de Catalão
2026-02-15 22:07:06,722 - INFO - ============================================================
2026-02-15 22:07:06,722 - INFO - 
🔄 Iteração 1/3 para UFCAT
2026-02-15 22:07:06,722 - INFO -   🔎 Testando: "ufcat"
2026-02-15 22:07:08,120 - INFO -      ✅ 32 resultados (eficiência: 0.10)
2026-02-15 22:07:09,121 - INFO -   🔎 Testando: "universidade federal"
2026-02-15 22:07:24,697 - INFO -      ✅ 500 resultados (eficiência: 0.30)
2026-02-15 22:07:27,701 - INFO - 
🔄 Iteração 2/3 para UFCAT
2026-02-15 22:07:27,703 - INFO -   ⚠️ Sem novas queries para testar
2026-02-15 22:07:27,704 - INFO - 
📊 Métricas finais para UFCAT:
2026-02-15 22:07:27,704 - INFO -    Total de queries testadas: 2
2026-02-15 22:07:27,705 - INFO -    Queries com sucesso: 0
2026-02-15 22:07:27,776 - INFO - ✅ UFCAT: 530 repositórios
2026-02-15 22:07:27,776 - INFO -    Palavras-chave: trabalho, desenvolvido, universidade federal, engenharia, sistema, projeto, dados, federal, curso, para
2026-02-15 22:07:27,782 - INFO - 
🔄 Realizando desduplicação global...
2026-02-15 22:07:34,752 - INFO - 
======================================================================
2026-02-15 22:07:34,753 - INFO - ✅ PROCESSO CONCLUÍDO!
2026-02-15 22:07:34,753 - INFO - ======================================================================
2026-02-15 22:07:34,754 - INFO - 📁 Arquivo para frontend: repositorios_federais_filtrado_idioma.json
2026-02-15 22:07:34,754 - INFO - 📁 Arquivo para série histórica: repositorios_federais_20260215_184223.json
2026-02-15 22:07:34,754 - INFO - 📊 Total de instituições: 496
2026-02-15 22:07:34,754 - INFO - 📊 Total de repositórios únicos: 44572
2026-02-15 22:07:34,755 - INFO - 📊 Palavras-chave: palavras_chave_inteligentes_20260215_184223.json
2026-02-15 22:07:34,756 - INFO - ======================================================================
